-- MySQL dump 10.11
--
-- Host: localhost    Database: sicopre
-- ------------------------------------------------------
-- Server version	5.0.51a-24+lenny1

/*!40101 SET @OLD_CHARACTER_SET_CLIENT=@@CHARACTER_SET_CLIENT */;
/*!40101 SET @OLD_CHARACTER_SET_RESULTS=@@CHARACTER_SET_RESULTS */;
/*!40101 SET @OLD_COLLATION_CONNECTION=@@COLLATION_CONNECTION */;
/*!40101 SET NAMES utf8 */;
/*!40103 SET @OLD_TIME_ZONE=@@TIME_ZONE */;
/*!40103 SET TIME_ZONE='+00:00' */;
/*!40014 SET @OLD_UNIQUE_CHECKS=@@UNIQUE_CHECKS, UNIQUE_CHECKS=0 */;
/*!40014 SET @OLD_FOREIGN_KEY_CHECKS=@@FOREIGN_KEY_CHECKS, FOREIGN_KEY_CHECKS=0 */;
/*!40101 SET @OLD_SQL_MODE=@@SQL_MODE, SQL_MODE='NO_AUTO_VALUE_ON_ZERO' */;
/*!40111 SET @OLD_SQL_NOTES=@@SQL_NOTES, SQL_NOTES=0 */;

--
-- Table structure for table `accion`
--

DROP TABLE IF EXISTS `accion`;
SET @saved_cs_client     = @@character_set_client;
SET character_set_client = utf8;
CREATE TABLE `accion` (
  `id` int(11) NOT NULL auto_increment,
  `actividad_id` int(11) NOT NULL,
  `nombreAccion` text,
  `claveAccion` int(11) default NULL,
  `unidad` varchar(150) NOT NULL,
  `cantidad` varchar(11) NOT NULL,
  PRIMARY KEY  (`id`)
) ENGINE=InnoDB AUTO_INCREMENT=43 DEFAULT CHARSET=latin1;
SET character_set_client = @saved_cs_client;

--
-- Dumping data for table `accion`
--

LOCK TABLES `accion` WRITE;
/*!40000 ALTER TABLE `accion` DISABLE KEYS */;
INSERT INTO `accion` VALUES (1,1,'PARA EL 2009, INCREMENTAR DEL 0% AL 45% LOS ESTUDIANTES EN PROGRAMAS EDUCATIVOS DE LICENCIATURA RECONOCIDOS O ACREDITADOS POR SU CALIDAD',1,'ESTUDIANTES EN PROGRAMAS DE EDUCACION SUPERIOR QUE','1461'),(2,3,'LOGRAR AL 2009 QUE EL 43.29% DE LOS PROFESORES DE TIEMPO COMPLETO CUENTEN CON ESTUDIOS DE POSGRADO',2,'PROFESORES DE TIEMPO COMPLETO CON POSGRADO','42'),(3,1,'ALCANZAR EN EL 2009 UNA EFICIENCIA TERMINAL (EFICIENCIA DE EGRESO) DEL 35% EN LOS PROGRAMAS EDUCATIVOS DE LICENCIATURA',3,'EFICIENCIA DE EGRESO','35%'),(4,18,'PARA EL 2009 INCREMENTAR DEL 13 A 15 LOS ESTUDIANTES EN PROGRAMAS RECONOCIDOS EN EL PROGRAMA NACIONAL DE POSGRADO DE CALIDAD (PNPC)',4,'ESTUDIANTES EN PROGRAMAS DE POSGRADO EN EL PNPC','15'),(5,18,'LOGRAR EN EL 2009 UNA EFICIENCIA TERMINAL DEL 50%EN LOS PROGRAMAS EDUCATIVOS DE POSGRADO',5,'EGRESADOS CON GRADO','50%'),(6,3,'PARA EL 2009, INCREMENTAR A 10 PROFESORES DE TIEMPO COMPLETO CON RECONOCIMIENTO DEL PERFIL DESEABLE ',6,'PROFESORES DE TIEMPO COMPLETO CON PERFIL DESEABLE','10'),(7,11,'PARA EL 2009 EL INSTITUTO MANTIENE CERTIFICADO SU PROCESO EDUCATIVO CONFORME A LA NORMA ISO9001:2000. Y SU CERTIFICACION EN LA NORMA ISO 14001:2004',7,'CERTIFICADOS ','1'),(8,2,'LOGRAR AL 2009 QUE EL 32% DE INVESTIGADORES DEL INSTITUTO SE INTEGREN A REDES DE INVESTIGACION PARA APROVECHAR LA CAPACIDAD DEL SISTEMA EN PROYECTOS EN PROYECTOS INTERINSTITUCIONALES DE GRAN IMPACTO',8,'INVESTIGADORES EN REDES DE INVESTIGACION','8'),(9,3,'LOGRAR AL 2009 INCORPORAR A 4 PROFESORES A ESTUDIAR EN PROGRAMAS DE POSGRADO RECONOCIDOS NACIONAL E INTERNACIONALMENTE, PARA FORTALECER LA PLANTA DOCENTE Y DE INVESTIGACION Y DE MEJORA LA CALIDAD DEL PROCESO EDUCATIVO',9,'PROFESORES EN PROGRAMAS DE POSGRADO ','4'),(10,18,'PARA EL 2009, 1 ESTUDIANTE DEL INSTITUTO SE INCORPORA A PROGRAMAS DE POSGRADO RECONOCIDOS INTERNACIONALMENTE, PARA FACILITAR LA MOVILIDAD E INTERCAMBIO DE ESTUDIANTES Y PROFESORES CON PROGRAMAS RELACIONADOS EN OTROS PAISES',10,'ESTUDIANTES EN PROGRAMAS DE POSGRADO RECONOCIDOS I','1'),(11,18,'PARA EL 2009, CREAR UN NUEVO CUERPO ACADEMICO EN  EL INSTITUTO, PARA FORTALECER LA INVESTIGACION Y MEJORAR LA CALIDAD DE LOS PROGRAMAS EDUCATIVOS',11,'CUERPO ACADEMICO','1'),(12,3,'LOGRAR AL 2009, INCREMENTAR A 50% LA PLANTA DE PROFESORES QUE PARTICIPAN EN EVENTOS DE FORMACION Y ACTUALIZACION PROFESIONAL, PARA COADYUVAR SU DESARROLLO INTEGRAL',12,'No. PROFESORES EN EVENTOS DE FORMACION Y ACTUALIZA','105'),(13,1,'LOGRAR AL 2009 INCORPORAR AL INSTITUTO AL ESPACIO COMUN DE LA EDUCACION SUPERIOR DEL PAIS, PARA ASEGURAR LA COMPARABILIDAD DE LOS PROGRAMAS Y GARANTIZAR LA MOVILIDAD DE LOS ESTUDIANTES ',13,'ESPACIO COMUN','1'),(14,13,'LOGRAR AL 2009, INCREMENTAR DEL 12.62% AL 15% LOS ESTUDIANTES APOYADOS EN EL PRONABES',14,'ESTUDIANTES BECARIOS DEL PRONABES ','386'),(15,1,'LOGRAR PARA EL 2009, INCREMENTAR DE 2854 A 3248  ESTUDIANTES LA MATRICULA DE LICENCIATURA  ',15,'ESTUDIANTES EN MODALIDAD ESCOLARIZADA','3248'),(16,18,'LOGRAR PARA EL 2009, QUE EL 42% DE LOS ESTUDIANTES DE POSGRADO OBTENGAN UNA BECA',16,'ESTUDIANTES CON BECA DE POSGRADO','42%'),(17,2,'PARA EL 2009, INCREMENTAR 200 ESTUDIANTES LA MATRICULA EN PROGRAMAS NO PRESENCIALES',17,'ESTUDIANTES EN MODALIDAD NO PRESENCIAL ','200'),(18,2,'ALCANZAR EN EL 2009, INCREMENTAR DE 15 A 35 LA MATRICULA DE ESTUDIANTES EN POSGRADO',18,'ESTUDIANTES EN POSGRADO','35'),(19,1,'LOGRAR AL 2009 LA REALIZACION DEL 35% DE LAS PRACTICAS DE TALLERES Y LABORATORIO CONSIGNADAS EN LOS PROGRAMAS DE ESTUDIO, PARA COADYUBAR A LA ARTICULACION DE LA TEORIA CON LA PRACTICA DE LOS ESTUDIANTES Y APROVECHAR AL MAXIMO EL EQUIPAMIENTO DISPONIBLE EN EL INSTITUTO ',19,'PRACTICAS DE LABORATORIOS Y TALLERES ','35'),(21,8,'PARA EL 2009, SE TENGAN 12 COMPUTADORAS CONECTADAS A INTERNET EN CENTRO DE INFORMACION',20,'NUMERO DE COMPUTADORAS CONECTADAS A INTERNET EN LA','12'),(22,8,'PARA EL 2009, INCREMENTAR DEL 19% AL 32% LAS AULAS EQUIPADAS CON TIC´S ',22,'AULAS EQUIPADAS','32'),(23,8,'PARA EL 2009, INCREMETAR LA INFRAESTRUCTURA EN COMPUTO PARA LOGRAR UN INDICADOR DE 10  ESTUDIANTES POR COMPUTADORA',21,'ESTUDIANTES POR COMPUTADORA','10'),(24,8,'LOGRAR PARA EL 2009, SE TENGA 1 COMPUTADORA CONECTADAS A INTERNET II EN EL INSTITUTO',23,'NUMERO DE COMPUTADORAS CONECTADAS A INTERNET II EN','1'),(25,3,'LOGRAR AL 2009, SE CUENTE CON UN PROGRAMA EDUCATIVO DE LICENCIATURA ORIENTADO AL DESARROLLO DE COMPETENCIAS PROFESIONALES',24,'PROGRAMAS EDUCATIVOS ACTUALIZADOS CON ENFOQUE AL D','1'),(26,9,'PARA EL 2009, LOGRAR QUE EL 75% DE LOS ESTUDIANTES PARTICIPEN EN ACTIVIADADES CULTURALES, CIVICAS, DEPORTIVAS Y RECREATIVAS',25,'ESTUDIANTES QUE PARTICIPEN EN ACTIVIDADES DEPORTIV','1948'),(27,1,'PARA EL 2009 INCREMENTAR DEL 6.3% AL 8% LOS ESTUDIANTES QUE PARTICIPEN EN EVENTOS DE CREATIVIDAD, EMPRENDEDORES Y CIENCIAS BASICAS',26,'ESTUDIANTES QUE PARTICIPEN EN EVENTOS DE CREATIVID','8%'),(28,1,'PARA EL 2009, QUE EL 30% DE ESTUDIANTES, DESARROLLEN COMPETENCIAS EN UNA SEGUNDA LENGUA',27,'ESTUDIANTES QUE DESARROLLAN COMPETENCIAS DE UNA SE','30%'),(29,4,'PARA EL 2009, LOGRAR QUE EL 35% DE LOS ESTUDIANTES REALICEN SERVICIO SOCIAL EN PROGRAMAS DE INTERES PUBLICO Y DESARROLLO COMUNITARIO',28,'ESTUDIANTES REALIZANDO SERVICIO SOCIAL','35%'),(30,4,'LOGRAR AL 2009, QUE EL 15% DE LOS ESTUDIANTES REALICEN SU PROYECTO DE RESIDENCIA PROFESIONAL PREFECTAMENTE HACIA LA VOCACION PRODUCTIVA DE LA REGION, PARA COADYUVAR A SU FORMACION PROFESIONAL Y FACILITAR SU TRANCITO AL MERCADO LABORAL ',29,'ESTUDIANTES RESIDENTES','15%'),(31,4,'PARA EL 2009, EL INSTITUTO TENDRA 100% CONFORMADO Y EN OPERACION SU CONSEJO DE VINCULACION',30,'CONSEJO DE VINCULACION','1'),(32,2,'LOGRAR AL 2009, INCREMENTAR DE 6 A 8 PROFESORES INVESTIGADORES QUE ESTEN INCORPORADOS AL SISTEMA NACIONAL DE INVESTIGADORES, PARA FORTALECER LA PLANTA DE INVESTIGACION  Y SU IMPACTO EN LA FORMACION DE PROFESORES DE ALTO NIVEL',31,'INVESTIGADORES EN EL SNI','8'),(33,4,'A PARTIR DEL 2009, SE OPERA EL PROCEDIMIENTO TECNICO ADMINISTRATIVO PARA DAR SEGUIMIENTO AL 20% DE LOS EGRESADOS ',32,'EGRESADOS UBICADOS','152'),(34,4,'PARA EL 2009, OBTENER 2 REGISTROS DE PROPIEDAD INTELECTUAL',33,'REGISTROS OTORGADOS POR EL IMPI','2'),(35,4,'PARA EL 2009, TENER UNA EMPRESA INCUBADA EN EL INSTITUTO',34,'EMPRESA INCUBADA','1'),(36,2,'LOGRAR AL 2009, QUE EL 4%DE LOS ESTUDIANTES DE LA LICENCIATURA TOMEN PARTE EN PROYECTOS DE INVESTIGACION TECNOLOGICA Y EDUCATIVA, PARA CONTRIBUIR AL DESARROLLO DE LOS DIFERENTES SECTORES PRODUCTIVOS DE SU LOCALIDAD ',35,'ESTUDIANTES EN PROYECTOS DE INVESTIGACION','130'),(37,7,'A PARTIR DEL 2009, EL INSTITUTO PARTICIPARA EN EL 100% DE LAS CONVOCATORIAS DEL PROGRAMA DE FORTALECIMIENTO INSTITUCIONAL ',36,'PROGRAMA','1'),(38,7,'LOGRAR AL 2009, LA ENTREGA ANUAL DEL INFORME DE RENDICION DE CUENTAS DEL INSTITUTO CON OPORTUNIDAD Y VERACIDAD',37,'INFORME DE RENDICION DE CUENTAS','1'),(40,6,'A PARTIR DEL 2009, EL INSTITUTO REALIZARA UN DIAGNOSTICO DE INFRAESTUCTURA EDUCATIVA',40,'DIAGNOSTICO DE LA INFRAESTRUCTURA EDUCATIVA|','1'),(41,6,'PARA EL 2009, SE INTEGRARA EL PLAN MAESTRO DE DESARROLLO Y CONSOLIDACION DE LA INFRAESTRUCTURA EDUCATIVA',39,'PLAN MAESTRO DE DESARROLLO DE LA INFRAESTRUCTURA A','100%'),(42,12,'LOGRAR PARA EL 2009, QUE EL 100% DE LOS DIRECTIVOS, FUNCIONARIOS DOCENTES Y PERSONAL DE APOYO Y ASISTENCIA A LA EDUCACION DEL INSTITUTO PARTICIPEN EN EVENTOS DE FORMACION Y ACTUALIZACION PROFESIONAL PARA COADYUVAR A SU DESARROLLO INTEGRAL.',38,'DIRECTIVOS, FUNCIONARIOS DOCENTES Y PERSONAL DE APOYO Y ASISTENCIA A LA EDUCACION ','62');
/*!40000 ALTER TABLE `accion` ENABLE KEYS */;
UNLOCK TABLES;

--
-- Table structure for table `accion_apoa`
--

DROP TABLE IF EXISTS `accion_apoa`;
SET @saved_cs_client     = @@character_set_client;
SET character_set_client = utf8;
CREATE TABLE `accion_apoa` (
  `idmeta_apoa` int(11) NOT NULL auto_increment,
  `id` int(11) NOT NULL,
  `actividad_id` int(11) NOT NULL,
  `nombreAccion` text,
  `claveAccion` int(11) default NULL,
  `unidad` varchar(50) NOT NULL,
  `cantidad` varchar(11) NOT NULL,
  `meta` varchar(10) NOT NULL,
  `idpoa` int(11) NOT NULL,
  PRIMARY KEY  (`idmeta_apoa`)
) ENGINE=InnoDB DEFAULT CHARSET=latin1;
SET character_set_client = @saved_cs_client;

--
-- Dumping data for table `accion_apoa`
--

LOCK TABLES `accion_apoa` WRITE;
/*!40000 ALTER TABLE `accion_apoa` DISABLE KEYS */;
/*!40000 ALTER TABLE `accion_apoa` ENABLE KEYS */;
UNLOCK TABLES;

--
-- Table structure for table `accion_poa`
--

DROP TABLE IF EXISTS `accion_poa`;
SET @saved_cs_client     = @@character_set_client;
SET character_set_client = utf8;
CREATE TABLE `accion_poa` (
  `idmeta_apoa` int(11) NOT NULL auto_increment,
  `id` int(11) NOT NULL,
  `actividad_id` int(11) NOT NULL,
  `nombreAccion` text,
  `claveAccion` int(11) default NULL,
  `unidad` varchar(50) NOT NULL,
  `cantidad` varchar(11) NOT NULL,
  `meta` varchar(10) NOT NULL,
  `idpoa` int(11) NOT NULL,
  PRIMARY KEY  (`idmeta_apoa`)
) ENGINE=InnoDB DEFAULT CHARSET=latin1;
SET character_set_client = @saved_cs_client;

--
-- Dumping data for table `accion_poa`
--

LOCK TABLES `accion_poa` WRITE;
/*!40000 ALTER TABLE `accion_poa` DISABLE KEYS */;
/*!40000 ALTER TABLE `accion_poa` ENABLE KEYS */;
UNLOCK TABLES;

--
-- Table structure for table `actividad`
--

DROP TABLE IF EXISTS `actividad`;
SET @saved_cs_client     = @@character_set_client;
SET character_set_client = utf8;
CREATE TABLE `actividad` (
  `id` int(11) NOT NULL auto_increment,
  `proceso_id` int(11) NOT NULL,
  `nombreactiv` varchar(100) default NULL,
  `claveActiv` int(11) default NULL,
  PRIMARY KEY  (`id`)
) ENGINE=InnoDB AUTO_INCREMENT=19 DEFAULT CHARSET=latin1;
SET character_set_client = @saved_cs_client;

--
-- Dumping data for table `actividad`
--

LOCK TABLES `actividad` WRITE;
/*!40000 ALTER TABLE `actividad` DISABLE KEYS */;
INSERT INTO `actividad` VALUES (1,1,'FORMACION PROFESIONAL',1),(2,1,'INVESTIGACION  ',2),(3,1,'DESARROLLO PROFESIONAL',3),(4,2,'VINCULACION INSTITUCIONAL',1),(5,2,'DIFUSION Y DIVULGACION',2),(6,3,'PROGRAMACION PRESUPUESTAL Y ESTRUCTURA FISICA',1),(7,3,'PLANEACION ESTRATEGICA Y TACTICA DE ORG.',2),(8,3,'SOPORTE TECNICO EN COMPUTO Y TELECOMUNICACIONES',3),(9,3,'DIFUSION CULTURAL Y DEPORTIVA',4),(10,4,'ASEGURAMIENTO DE LA CALIDAD',1),(11,4,'GESTION DE LA CALIDAD',2),(12,4,'CAPACITCION Y DESARROLLO',3),(13,4,'SERVICIOS ESCOLARES',4),(14,5,'ADMINISTRACION D RECURSOS FINANCIEROS',1),(15,5,'ADMINISTRACION DE RECURSOS HUMANOS',2),(16,5,'APOYO JURIDICO',3),(17,5,'ADMINISTRACION DE RECURSOS MATERIALES Y SERVICIOS',4),(18,1,'ESTUDIOS DE POSGRADO',2);
/*!40000 ALTER TABLE `actividad` ENABLE KEYS */;
UNLOCK TABLES;

--
-- Table structure for table `bienservicio`
--

DROP TABLE IF EXISTS `bienservicio`;
SET @saved_cs_client     = @@character_set_client;
SET character_set_client = utf8;
CREATE TABLE `bienservicio` (
  `idbienservicio` int(11) NOT NULL auto_increment,
  `cantidad` int(11) NOT NULL,
  `unidad` varchar(30) NOT NULL,
  `descripcion` varchar(100) NOT NULL,
  `costo` decimal(10,2) NOT NULL,
  `idrequisicion` int(11) NOT NULL,
  PRIMARY KEY  (`idbienservicio`)
) ENGINE=InnoDB AUTO_INCREMENT=1258 DEFAULT CHARSET=latin1;
SET character_set_client = @saved_cs_client;

--
-- Dumping data for table `bienservicio`
--

LOCK TABLES `bienservicio` WRITE;
/*!40000 ALTER TABLE `bienservicio` DISABLE KEYS */;
INSERT INTO `bienservicio` VALUES (1,10,'MILLAR','HOJAS T/CARTA','165.60',1),(2,3,'PIEZAS','MEMORIAS USB DE 4GB','249.00',2),(3,1,'PIEZA','TONER PARA IMPRESORA COLOR AMARILLO','1480.00',3),(4,1,'PIEZA','TONER PARA IMPRESORA COLOR CIAN','1480.00',3),(5,1,'PIEZA','TONER PARA IMPRESORA COLOR MAGENTA','1480.00',3),(6,1,'PIEZA','TONER PARA IMPRESORA COLOR NEGRO','1340.01',3),(8,5,'MILLAR','HOJAS BOND T/CARTA','138.00',7),(9,1,'PIEZA','TONER PARA IMPRESORA HP 1320','1007.29',8),(10,1,'PIEZA','CARTUCHO HP 56','529.00',8),(11,1,'PIEZA','CARTUCHO HP 57','529.00',8),(12,4,'PIEZAS','TONNER HP LASER JET 1100','750.00',9),(13,3,'PIEZAS','MEMORIA USB DE 4GB VERBATIM','562.80',9),(14,1,'PIEZA','TONNER P/IMPRESORA SAMSUNG ML 1610','825.00',9),(15,2,'PIEZAS','TONNER P/IMPRESORA HP LASER JET 1100','750.00',9),(16,500,'PIEZAS','CARPETAS ELITE FILE CON IMPRESION EN SERIGRAFIA CRUSO DIPLOMADO (INCLUYENDO 30 HOJAS ORIGINALES).','67.85',10),(17,4,'PIEZAS','PAQUETE ACUACOLOR','126.50',11),(18,100,'PIEZAS','PLIEGOS PAPEL BOND','2.30',11),(19,20,'PIEZAS','ROLLOS MASKING TAPE','24.15',11),(20,2,'PIEZAS','CAJAS DE BOLIGRAFOS BIC NEGRO','362.22',11),(21,60,'PAQUETES','PAQUETE CON 500 HOJAS T/CARTA ','57.00',11),(22,40,'PAQUETES','PLUMAS BIC PUNTO FINO C/12 PIEZAS','35.00',11),(23,10,'PAQUETES ','CAJA CON 50 FOLDERS T/CARTA','75.00',11),(24,10,'PIEZAS','CUBO POST IT DE VARIOS COLORES','56.00',11),(25,10,'PIEZAS','LIBRETA PASTA DURA FORMA ITALIANA','50.00',11),(26,5,'PIEZAS','EXACTO','15.00',11),(27,10,'CAJAS','CAJAS DE GRAPAS','25.00',11),(28,20,'PAQUETES','MARCADORES P/PIZARRON ENVASE METALICO VARIOS COLORES 4','89.70',11),(29,30,'PIEZAS','MARCADORES P/PIZARRON ENVASE METALICO VARIOS COLORES 4','89.70',12),(34,100,'LITROS','DISEL','7.54',16),(42,4,'PIEZA','CROSSOVER TRIS VIAS 80','0.00',20),(43,4,'PIEZA','CROSSOVER TRES VIAS 80','84.99',21),(44,5,'PZA','TONER Q2612A','1260.78',22),(45,15,'KGR','CAFE TOSTADO Y MOLIDO DE EXPORTACION','96.00',23),(49,1,'BOLSA','MIX NUECES','111.51',24),(50,1,'BOLSA','NUEZ DE LA INDIA','183.12',24),(51,1,'CAJA','AZUCAR','416.85',24),(52,6,'BOLSA','CARAMELO NAPOLITAN ','23.60',24),(53,2,'FRASCO','CREMA SUSTITUTO FRASCO DE 453 GRS','32.00',24),(54,10,'CAJA','GALLETA SURTIDO RICO','27.80',24),(55,1,'CAJA','GALLETA ABANICO ','28.90',24),(56,4,'CAJA','GALLETA SELECCIONES','34.90',24),(58,9,'PIEZA','COCA COLA LIGHT DE 600 ML','6.09',24),(59,11,'PZA','COCA COLA LIGHT DE LATA','6.96',24),(60,4,'PZA','REFRESCO LIMA LIMON DE 600','6.09',24),(61,6,'PZA','REFRESCO MANDARINA DE 600ML.','5.65',24),(62,6,'PZA','REFRESCO MANZANA DE 600 ML.','5.65',24),(63,6,'PZA','REFRESCO DE MANZANA 600 ML.','6.09',24),(64,2,'PZA','REFRESCO MANZANITA DE 600 ML.','5.65',24),(65,2,'PZA','REFRESCO NARANJA DE 600 ML','6.09',24),(66,5,'PZA','REFRESCO SANGRIA DE 600 ML.','5.65',24),(67,1,'PZA','REFRESCO TORONJA DE 600 ML.','5.65',24),(70,1,'PZA.','COLUMNA CAPILAR VRX DE 30 MTS. DE LARGO X 0.45 MM DE DIAMETRO INTERNO X 2.55 MCRONES DE ESPESOR DE P','14325.00',25),(78,10,'PZA','RECOPILADOR TAMAÑO CARTA','35.00',32),(79,10,'PZA','RECOPILADOR TAMAÑO OFICIO','45.00',32),(80,4,'CAJA','BOLIGRAFO TINTA NEGRA BIC, PUNTO MEDIANO C/12 PZAS','30.00',32),(81,10,'PZA','CORRECTOR EN CINTA MARCA BARRILITO O PELIKAN','20.00',32),(82,10,'PZA','CINTA ADHESIVA DIUREX MEDIANO','30.00',32),(83,1,'CAJA','HOJAS XEROX ROJA TAMAÑO CARTA C/5 MILLARES','575.00',32),(84,10,'PZA','LAPIZ ADHESIVO PRITT','15.00',32),(85,3,'PAQ','VASO DESECHABLE','37.37',33),(86,3,'PAQ','PLATO PARA PASTEL','49.37',33),(87,1,'PAQ','CUCHARAS','112.11',33),(88,1,'PAQ','PAÑUELO AHORRAPACK','25.13',33),(89,2,'PAQ','SERVILLETA BLANCA CON 500 ','17.30',33),(90,4,'BOLSA','TENEDOR CHICO DESECHABLE','5.13',33),(91,5,'PZAS','LIBRETA PASTA DURA FORMA FRANCESA','30.00',34),(92,2,'ESTUCHE','PLUMOGIS MARCA MAGISTRAL TUBO ALUMINIO ','50.00',34),(93,2,'PZAS','TIJERAS MARCA BARRILITO','25.00',34),(94,1,'PZA','ENGRAPADORA MARCA PILOT','90.00',34),(95,1,'PZA','SACAPUNTAS ELECTRICO','200.00',34),(96,2,'MILLAR','PAPEL XEROX TAMAÑO CARTA','100.00',34),(97,4,'PZAS','BROCHAS DE 3\"','55.00',35),(98,3,'PZAS','CANDADOS PHILLIPS','65.00',35),(99,10,'PZAS','LIJAS FINAS PARA METAL','15.00',35),(112,3,'LITROS','THINNER TIPO AMERICANO','30.00',37),(113,4,'PZAS. ','BATAS COLOR BLANCO TALLA 38','110.00',38),(114,2,'LITROS','PINTURA DE ACEITE MARCA COMEX COLOR AZUL','120.00',39),(115,1,'PZA.','LIBRETA PASTA DURA FORMA ITALIANA','30.00',40),(116,50,'PZAS. ','CARPETAS MCA. BACCO CON BROCHE, TAM. OFICIO, COLOR ROJO (CON PESTAÑA, PARA ARCHIVO)','7.00',40),(117,1,'JUEGO','GUIA PARA ARCHIVO PRESSBOARD TAMAÑO OFICIO, MARCA BACO','130.00',40),(118,1,'PZA. ','CINTA CANELA','20.00',40),(119,5,'MILLARES','PAPEL XEROX TAMAÑO CARTA','100.00',41),(120,2,'PZAS.','THONNER PARA IMPRESORA LASER 1320','1000.00',42),(141,2,'millar','ETIQUETA FORMA CONTINUA MEDIDA 3 1/2\"','405.00',52),(142,100,'PLIEGO','CARTULINA BLANCA','2.00',52),(143,6,'PIEZA','CORRECTOR TIPO LAPIZ','21.00',52),(144,20,'PIEZA','LAPIZ ADHESIVO PELIFIX GRANDE','16.00',52),(145,3,'ESTUCHE','ESTUCHE CUCHILLAS REPUESTO CUTTER GRANDE','18.00',52),(146,3,'PIEZA','CUTTER GRANDE P/CARTON COMPRIMIDO','40.00',52),(147,1,'CAJA','LAPIZ MIRADO NUM 2 1/2 CAJA CON 10 PQTES','200.00',52),(148,3,'CAJA','BOLIGRAFO BIC PUNTO MEDIANO TINTA NEGRA CAJA C/10','50.00',52),(149,1,'CAJA','PAPEL XEROX BLANCO T/C. UNA CAJA C/5 MILLARES','475.00',52),(150,20,'PLIEGO','CARTON COMPRIMIDO NUM 5','50.00',52),(151,3,'CAJA','BROCHE BACCO','30.00',52),(152,2,'CAJA','MARCA TEXTO I CAJA COLOR AMARILLO , OTRA VERDE Y NARANJA','70.00',52),(153,1,'PAQUETE','FOLDER TAMAÑO CARTA','68.00',52),(154,2,'PAQUETE','OPALINA BLANCA TAMAÑO CARTA','78.00',52),(155,6,'PIEZA','GOMA DE BORRAR PELIKAN BLANCA','4.00',52),(156,50,'PIEZA','CAJA REVISTERA','90.00',52),(157,10,'PIEZA','RECOPILADOR TAMAÑO CARTA','23.00',52),(158,5,'METRO','PERCALINA COLOR VERDE','74.00',53),(161,3,'PIEZA','CAMISA BORDADA','138.00',55),(173,5,'PIEZA','TINTA HP 74XL','600.00',57),(174,5,'PIEZA','TINTA HP 75XL','710.00',57),(175,1,'LT','ALCOHOL','60.00',58),(176,2,'FRASCOS','MERTHIOLATE','35.00',58),(177,2,'PAQUETES','ALGODON','30.00',59),(178,3,'BOLSAS','GASA','30.00',59),(179,1,'CAJA','CURITAS','60.00',59),(180,2,'PIEZAS','MICROPORO','20.00',59),(181,1,'CAJA','ASPIRINAS','45.00',60),(182,2,'CAJAS','BUSCAPINA','45.00',60),(183,2,'PIEZAS','TEMPRA FORTE','35.00',60),(184,2,'CAJAS','IMODIUM','60.00',60),(185,2,'CAJAS','NAPROXENO DE 500','45.00',60),(186,2,'CAJAS','AMPICILINA DE 500','45.00',60),(187,1,'CAJA','BOLIGRAFOS BIC TINTA NEGRA, PUNTO MEDIANO','25.00',61),(188,2,'BOTES','PEGAMENTO RESISTOL 5000 DE 1/4 ','30.00',61),(189,2,'ESTUCHES','PLUMOGIS MARCA MAGISTRAL TUBO ALUMINIO ','50.00',61),(190,2,'MILLARES','PAPEL XEROX TAMAÑO CARTA','100.00',61),(191,1,'CAJA','MARCATEXTOS COLOR AMARILLO','40.00',61),(192,2,'FRASCOS','RESISTOL BLANCO 850  DE 500 ML.','45.00',61),(193,5,'PIEZA','MOUSE OPTICOS ERGONOMICOS PARA ENTRADA USB','160.00',62),(194,1,'PIEZA','SELLO DE RECIBIDO DEL DEPARTAMENTO DE MANTENIMIENTO DE EQUIPO','460.00',63),(195,1,'PIEZA','SELLO DEL DEPARTAMENTO DE MANTENIMIENTO DE EQUIPO','480.00',63),(197,8,'MILLAR','HOJAS BLANCAS XEROX TAMAÑO CARTA','90.00',65),(198,4,'ROLLO','MASKING TAPE ','15.00',65),(199,6,'PIEZA','MARCA TEXTOS DIFERENTES COLORES','6.00',65),(200,50,'PIEZA','SOBRE MANILA TAMAÑO OFICIO','1.50',65),(201,40,'PIEZA','PLUMOGIS MAGISTRAL CON BORRADOR','70.00',65),(202,10,'VOLUMEN','BIOQUIMICA FUNDAMENTAL DE CONN ED-LIMUSA WILEY 4ED','279.00',66),(217,1,'PZA.','MINI DVD','79.00',74),(218,1,'PZA.','MINI DVD','79.00',74),(219,1,'PZA.','MINI DV D','79.00',74),(220,1,'PZA.','MINI DVD','79.00',74),(224,1,'KILOS','RAFIA','43.53',76),(225,29,'KILOS','TUBUL BLANCO LECHOSO','27.00',77),(226,26,'KILOS','TUBUL VERDE','27.00',77),(227,24,'KILOS','TUBUL ROJO','27.00',77),(228,5,'PZAS.','SONDAS PARA OSCILOSCOPIO DE 20 Mhz','350.00',78),(229,6,'CAJAS','FUSIBLES TIPO EUROPEO DE 0.63A a 250V','2.00',78),(230,4,'CAJAS','FUSIBLE TIPO EUROPEO DE 1A a 250V','2.00',78),(231,6,'CAJAS','FUSIBLES TIPO EUROPEO DE 0.5A a 250V','2.00',78),(232,50,'PZAS.','CAIMANES MODELO CAI-102','4.00',78),(233,4,'BOTES','AIRE COMPRIMIDO MARCA STEREN','50.00',78),(234,20,'PZAS','DIODOS RECTIFICADORES MODELO 1N3492','15.00',78),(235,5,'METROS','TERMOFIT DE 1/8','5.00',78),(236,4,'PIEZAS','TERMINALES DE COBRE TIPO OJILLO DE 3/8','5.00',78),(237,4,'PIEZAS','TORNILLOS DE COBRE O LATON PARA SOLDADURA DE 3/8 X 1\"','20.00',78),(238,6,'PZAS.','CLAVIJAS POLARIZADAS MONOFASICAS IND.','25.00',78),(239,2,'PZAS.','LAMPARAS CON SENSOR DE PRESENCIA','50.00',78),(240,20,'MTS.','CABLE USO RUDO 3X12 AWG','20.00',78),(241,5,'METROS','TERMOFIT DE 3/16','4.00',78),(242,16,'PZAS.','CONTACTOS POLARIZADOS DUPLEX 1F A 110V','27.00',78),(243,16,'PZAS.','CAJA CHALUPA DE PVC TIPO BTICINO COLOR GRIS','7.00',78),(244,60,'PZAS.','ABRAZADERAS TIPO CINCHO DE PLASTICO DE 15CM LONG.','5.00',78),(245,20,'PAQUETES','PILAS ALCALINAS AAA','35.00',78),(246,10,'PAQUETES','PILAS ALCALINAS AA','40.00',78),(247,12,'PZAS.','PILAS ALCALINAS DE 9 VOLTS ','45.00',78),(248,8,'PZAS.','BATERIAS PLANAS PARA COMPUTADORA 3V CR2032','20.00',78),(249,5,'LITROS','PINTURA COMEX COLOR BLANCO','42.00',79),(250,4,'LITROS','PINTURA COMEX COLOR AZUL CIELO (ACRILICA)','42.00',79),(251,1,'PZA.','CARTUCHO INY. TINTA COLOR P/IMPRESORA HP OFFICE JET MOD. 725','380.00',80),(252,2,'PZAS. ','CARTUCHO INY. TINTA NEGRA P/IMP. HP OFFICE JET MOD. 725','325.00',80),(253,1,'PZA. ','THONNER IMPRESORA 0190 ACULASER C1100','900.00',80),(254,10,'PZAS.','DVD','18.00',80),(256,1,'BOLSA','GLOBO # 9 COLOR SATIN LILA','21.04',82),(262,21,'PIEZAS','GORRAS BULDENING C/LOGO BORDADO DEL TECNOLOGICO ','48.00',85),(263,30,'PIEZAS','PLAYERAS C/SPORT CON LOGO BORDADO DEL TECNOLOGICO.','79.67',86),(264,1,'PZA','MOUSE OPTICO ACTECK AM-950 USB NEGRO 800DPI','85.00',87),(266,1,'PZA','MEMORIA DDR2 1GB PC 667 MHZ TRANSCEND','350.00',89),(272,0,'','','0.00',91),(275,5,'MILLARES','HOJAS BLANCAS TAMAÑO CARTA LEEDS','112.55',93),(276,3,'CAJAS','BOLIGRAFO BIC NEGRO CAJA C/12','32.00',93),(277,3,'CAJAS','CLIP\'S STANDAR','9.80',93),(278,2,'PAQUETES','CARTULINA OPALINA TAMAÑO CARTA C/100 PIEZAS','78.00',93),(279,2,'PAQUETES','PAPEL OPALINA TAMAÑO CARTA C/100 PIEZAS','56.00',93),(280,2,'PAQUETES','SOBRES MANILA TAMAÑO RADIOGRAFIA','9.00',93),(281,2,'PAQUETES','SOBRE MANILA TAMAÑO OFICIO ','5.60',93),(282,3,'CAJAS','BOLIGRAFO BIC COLOR AZUL','32.00',93),(283,5,'PIEZAS','CARPETA DE 3 ARGOLLAS 2 1/4','78.00',93),(284,2,'CAJAS','ARCHIVO MUERTO TAMAÑO OFICIO PLASTICO','92.00',93),(285,2,'CAJAS','LAPIZ MIRADO No. 2','33.60',93),(286,2,'PIEZAS','PERFORADORA DE 3 AGUJEROS','120.00',93),(287,10,'PIEZAS','SEPARADORES DE COLORES ALFABETICOS','58.00',93),(288,3,'PIEZAS','TIJERAS','32.00',93),(289,4,'PIEZAS','CUTTER','10.00',93),(290,4,'PAQUETES','REPUESTO PARA CUTTER','12.00',93),(291,15,'PIEZAS','POST IT','42.00',93),(292,3,'CAJAS','BOLIGRAFOS BIC COLOR ROJO C/12 PIEZAS','32.00',93),(293,4,'PIEZAS','LIBRETA DE TAQUIGRAFIA','7.80',93),(294,5,'PIEZAS','LIBRETA PASTA DURA FORMA ITALIANA','25.00',93),(295,10,'PIEZAS','MARCATEXTOS DIFERENTES COLORES','9.00',93),(296,10,'PIEZAS','CORRECTOR TIPO CINTA','18.00',93),(297,5,'PIEZAS','CARPETA PLASTIFICADA DE 3 ARGOLLAS 4\"','110.00',93),(298,5,'PIEZAS','LAPIZ ADHESIVO','9.50',93),(299,3,'CAJAS','GRAPAS STANDAR','21.00',93),(300,5,'ROLLOS','DIUREX','26.00',93),(301,5,'PIEZAS','CINTA CANELA','12.00',93),(302,3,'PIEZAS','TINTA PARA SELLO','18.00',93),(303,6,'PIEZA','GORRA BORDADA','57.50',94),(304,6,'PAR','BOTAS CRUCERO CORTAS','419.75',95),(305,12,'HOJAS','TRIPLAY DE 18 ML. DE 1.22X2.44','485.00',96),(306,50,'PZAS. ','PIJAS PARA MADERA','3.00',97),(307,10,'CUBO','POST IT','48.30',98),(308,10,'PIEZA','MARCA  TEXTOS  AMARRILLOS','10.35',98),(309,10,'PIEZA','MARCA TEXTOS  NARANJA','10.35',98),(310,1,'PIEZA','PERFORADORA DE 2 ORIFICIOS','212.75',98),(311,3,'PIEZA','TIJERA BARRILITO OFICINA','56.00',99),(312,5,'CAJITA','BOLIGRAFOS BIC COLOR NEGRO','45.00',99),(313,100,'PIEZA','LAPIZ MIRADO NO. 2','2.50',99),(314,2,'CAJA','FOLDER T/OFICIO C/100','97.75',99),(315,2,'CAJA','FOLDERS T/CARTA','80.50',99),(316,10,'PIEZA','RECOPILADORES T/OFICIO DE 2 ORIFICIOS ','32.20',99),(317,10,'PIEZA','RECOPILADORES T/CARTA','25.30',99),(318,5,'MILLAR','HOJAS TAMAÑO CARTA','129.37',99),(319,5,'PIEZA','LIBRETA PASTA DURA  F/FRANCESA','28.75',100),(320,5,'PIEZA','LIBRETA PASTA DURA FORMA ITALIANA','28.75',100),(321,2,'FRASCO','TINTA COLOR NEGRO PARA SELLO','20.70',100),(322,1,'CAJA ','CAJA CON 12 BICOLORES','82.80',100),(323,3,'JUEGO','SEPARADORES COLORINDEX ALFABETICO','66.70',100),(324,5,'CAJA','BROCHES BACCO','29.80',100),(325,10,'CAJA','CLIPS BACO NO. 2','9.80',100),(326,10,'CAJITA','CLIPS BACO MARIPOSA','18.97',100),(327,5,'PIEZA','SUJETA PAPEL P2-19','40.25',100),(328,20,'PIEZA','LAPIEZ ADHESIVO PRITT','9.77',100),(329,20,'PIEZA','BORRADOR PELIKAN WS-30','2.75',100),(330,4,'CAJA','FOLDERS T/CARTA C/100','81.19',101),(331,15,'PIEZA','LIBRETA PASTA DURA FORMA FRANCESA','22.50',101),(332,5,'MILLAR','HOJAS TAMAÑO CARTA  XEROX','128.80',101),(333,12,'PIEZA','MASKING TAPE 24X50','26.45',101),(334,3,'PIEZA','TIJERA BARRILITO','44.85',101),(335,10,'PIEZA','MARCA TEXTO NARANJA','10.35',101),(336,10,'PIEZA','MARCA TEXTO VERDE','10.35',101),(337,10,'PIEZA','MARCA TEXTO AMARILLO','10.35',101),(338,5,'CAJITA','PLUMONGIS DIVERSOS COLORES','82.80',101),(339,2,'FRASCO','RESISTOL 850  ','126.50',101),(340,10,'CUBO','POS IT VARIOS COLORES','48.30',101),(341,10,'PIEZA','RECOPILADOR  PLASTICO BLANCO DE 3 ARGOLLAS DE 2 PULGADAS','66.70',101),(342,10,'PIEZA','RECOPILADOR DE PLASTICO 3 ARGOLLAS 1\"','43.70',101),(343,2,'PIEZA','PERFORADORA DE 3 ARGOLLAS ','138.00',101),(344,3,'PIEZA','ENGRAPADORA','207.00',101),(345,1,'PIEZA','SACAPUNTAS  ELECTRICO','368.00',101),(355,21,'PARES ','BOTAS CRUZERO CORTAS COLOR MIEL ','365.00',103),(356,21,'PIEZAS','BATAS EN COLOR CAKI C/LOGO DEL TECNOLOGICO ','120.00',104),(357,3,'PIEZAS','TONER PARA IMPRESORA HP LASER JET 2410','840.00',105),(358,3,'PIEZAS','TONER PARA IMPRESORA HP LASER JET 1320','1315.00',105),(359,1,'PIEZA','WIIMOTE CON CAMARA INFRARROJA','1000.00',106),(365,50,'PZAS.','EJEMPLARES HERALDOS.','6.00',108),(368,5,'PAQUETES','CHOCOLATE CREMINO BICOLOR','48.84',111),(374,5,'CAJITA','BOLIGRAFOS BIC','36.80',115),(375,5,'CAJA','LAPICES  C/10','32.20',115),(376,6,'PIEZA','DIUREX GRANDE','29.90',115),(377,5,'PIEZA','PLUMA CORRECTORA BIC SHAKE´N SQUEEZE','11.50',115),(378,5,'PIEZA','TAPETE PARA MOUSE C/SUPERFICIE DE TELA','55.20',115),(379,5,'PIEZA','TABLA PORTAPAPELES DE MADERAQ','43.70',115),(380,1,'PIEZA','COJIN PARA SELLO','38.70',115),(381,1,'PIEZA','TINTA PARA SELLO','22.00',115),(382,2,'CAJA','GRAPAS','27.50',115),(383,4,'PIEZA','REGLAS DE 30 CMS. DE ALUMINIO','18.00',115),(384,5,'PIEZA','MARCADOR STERBROOK AZUL','24.00',115),(385,5,'PIEZA','MARCADOR STERBROOK NEGRO','24.00',115),(386,15,'PIEZA','MARCADOR P/F P CD','15.20',115),(387,5,'PIEZA','CINTA CANELA ','13.50',115),(388,6,'FRASCO','RESISTOL 5000 DE 250 ML.','53.40',115),(389,3,'PIEZA','PROTECTOR DE PANTALLA DE 17 PULGADAS','104.50',116),(390,0,'','','0.00',117),(391,4,'PAQUETE','PILA DURACELL TRIPLE A','73.60',117),(392,4,'PAQUETE','PILA DURACELL DOBLE A','58.00',117),(393,6,'PIEZA','PILA DURACELL 9 VOLTIOS','56.50',117),(396,2,'PIEZAS','COMPUTADORA HP DX2400, PROCESADOR INTEL PENTIUM DUAL-CORE E 2200 2.2GHZ, MEMORIA DE 2.0 GB, DISCO DU','14440.17',119),(397,1,'PIEZA','IMPRESORA SAMSUNG ML-3051DN, MEMORIA DE 64 Mb, DUPLEX PUERTOS: PARALELO, USB, Y RJ45 RED 10/100','5012.11',119),(399,2,'PZAS.','THONER MARCA CB542A COLOR AMARILLO','1250.63',121),(400,2,'PZAS.','THONER MARCA CB543A COLOR MAGENTA','1250.63',121),(401,2,'PZAS.','THONER MARCA CB541A COLOR CIAN','1250.63',121),(402,2,'PZAS.','THONER MARCA CB540A COLOR NEGRO ','1368.33',121),(403,1,'EQPO','MULTIFUNCIONAL HPPSC-CB656A·AKY ','1000.00',122),(404,1,'EQPO','COMPUTADORA DE ESCRITORIO CELERON 430 1.8GHZ, MEMORIA CACHE 512KB, CHIPSET INTEL 945G, 1GB MEMORIA R','6000.00',122),(405,4,'PZAS.','THONER HP LASER JET M1522N COLOR NEGRO','1350.00',123),(406,1,'PZA.','THONER PARA IMPRESORA LASER JET 2600N COLOR NEGRO ','1471.32',123),(407,1,'PZA.','TONER PARA IMPRESORA LASER JET COLOR CIAN 6001','1603.74',123),(408,1,'PZA.','TONER PARA IMPRESORA LASER JET 2600N COLOR YELLOW 6002','1603.74',123),(409,1,'PZA.','TONER PARA IMPRESORA LASER JET 2600N COLOR MAGENTA 6003','1603.74',123),(410,300,'LT','DIESEL PARA EL LABORATORIO DE PLANTA PILOTO','7.65',124),(413,1,'EQUIPO','RADIO DE TELECOMUNICACION','5000.00',127),(414,5,'MILLARES','HOJAS BLANCAS T/CARTA PERFORADAS','300.00',128),(415,10,'MILLARES','PAPEL BOND TAMAÑO CARTA','100.00',128),(416,2,'CAJAS','GRAPAS ESTANDAR','25.00',128),(417,2,'PAQUETE','CLIPS NUM. 1 PAQ. C/10 CAJAS','50.00',128),(418,4,'PIEZAS','BORRADOR DE MIGAJON','6.00',128),(419,7,'PIEZAS','CINTA CANELA ANCHA','25.00',128),(420,2,'PIEZAS','CUBOS POST IT','50.00',128),(421,2,'KILOGRAMOS','BOLSA DE PLASTICO PARA EGRESADOS','40.00',129),(422,4,'CAJAS','BROCHE BACCO','25.00',129),(423,3,'PIEZAS','CINTA DIUREX ANCHA INVISIBLE','25.00',129),(424,4,'CAJAS','LAPIZ MIRADO NUM. 2 C/10 PZAS.','35.00',129),(425,3,'PIEZAS','TIJERAS','30.00',129),(426,5,'CAJAS','BOLIGRAFO BIC PUNTO MED. NEGRO','35.00',129),(427,8,'PIEZAS','CORRECTOR LIQUIDO LAPIZ PEND. FLUIDO','15.00',129),(428,10,'PIEZAS','MARCATEXTOS PELIKAN V/COLORES','8.50',129),(429,4,'PIEZAS','MARCADORES ESTERBROOK','10.00',129),(430,100,'PIEZAS','SOBRE MANILA T/OFICIO','3.00',129),(431,3,'LITROS','RESISTOL BLANCO','150.00',129),(464,1,'EQUIPO','BAFLES PROAM 2 VIAS AMPLIFICADOR 15 PUG. PLASTIFICADO 450 WATTS, 3 CANALES','4600.00',137),(467,0,'','','0.00',0),(470,1,'EQUIPO','PROXIM VISION','50000.00',140),(471,3,'CAJAS','HOJAS BLANCAS  XEROX T/CARTA','499.00',141),(473,2,'CAJAS','FOLDER´S TAMAÑO CARTA COLOR BEIGE CAJA C/100','90.00',141),(474,1,'CAJA','SOBRES  ENGOMADOS COLOR MANILA T/CARTA C/50 OFFICE DEPOT','22.50',141),(475,1,'CAJA','SOBRES  ENGOMADOS COLOR MANILA T/OFICIO C/50 OFFICE DEPOT','60.00',141),(476,1,'CAJA','SOBRES  ENGOMADOS COLOR MANILA T/LEGAL C/50 OFFICE DEPOT','119.00',141),(477,4,'PIEZAS','CORRECTOR LIQUIDO DE AQUA DE KORES','6.90',141),(478,1,'PAQUETE','BORRADOR MEDIANO MAPED PAQUETE C/6 PIEZAS','13.50',141),(479,5,'PIEZAS','BORRADOR PARA PIZARRON','6.90',141),(480,5,'CAJAS','MARCADOR PARA PIZARRÓN (MAGISTRAL) C/4 PIEZAS','30.00',141),(481,3,'PIEZAS','CINTA ADHESIVA SCOTCH ','15.50',141),(482,5,'PIEZAS','REVISTEROS  HELIT NEGRO MAPED','39.00',141),(483,6,'PIEZAS','RECOPILADORES BLANCOS CON 3 AROS','35.00',141),(484,3,'PAQUETES','LÁPIZ MIRADO # 2 C/10 PIEZAS','12.90',141),(485,4,'PIEZAS','POSTI-T DE VARIOS COLORES ','35.00',141),(486,3,'PIEZAS','SEPARADORES MULTICOLOR  PARA RECOPILADORES','17.00',141),(487,1,'PIEZA','SET DE ENGRAPADORA OFFICE DEPOT','79.00',141),(488,2,'CAJA','CLIP GIGANTE \"BACO\" No.2','20.00',141),(489,2,'CAJA','CLIP MEDIANO \"BACO\"','18.00',141),(490,5,'CAJAS','CLIP ESTANDAR ACCO No1','12.00',141),(491,1,'PIEZA','TONER PARA IMPRESORA LASER JET HP 1100','1100.00',142),(492,1,'TORRE','DISCOS DVD + RW C/50 DISCOS','350.00',142),(493,1,'CAJA','PAPEL STOCK 1 TANTO','337.00',143),(494,1,'CAJA','PAPEL STOCK 2 TANTOS','400.31',143),(495,2,'PIEZAS','CINTA PARA IMPRESORA EPSON FX890','84.00',143),(496,15,'PIEZAS','CD GRABABLE','10.00',143),(497,4,'PIEZAS','DISKETTE 3 1/2','30.00',143),(498,1,'PIEZA','TONER PARA IMPRESORA HP1200','1022.00',143),(499,1,'PIEZA','TONER PARA IMPRESORA HP 1300','1132.00',143),(500,100,'PLATO','CONSUMO ALIMENTOS','144.90',144),(502,3,'PZA.','RECOPILADOR TAMAÑO CARTA COLOR VERDE.','49.00',146),(503,1,'PAQ.','PAPEL XEROX TAMAÑO OFICIO PAQ. C/500 PZAS.','90.00',146),(504,3,'PAQ.','PAPEL XEROX TAMAÑO CARTA PAQ. C/500 HOJAS.','85.00',146),(507,1,'PIEZA','TRAJEEN COLOR NEGRO','1725.00',148),(508,16,'PIEZA','CAMISAS CON BORDADO','460.00',148),(509,2,'PIEZA','BLUSAS CON BORDADO','402.50',148),(510,15,'PZA.','GUITARRA  ACUSTICA YAMAHA','1248.90',149),(511,34,'PZA.','ENCORDADURA LA VALENCIANA','80.01',150),(512,15,'PZA.','FUNDA PARA GUITARRA ACUSTICA','230.00',151),(513,1,'PZA.','FUNDA PARA BAJO ELECTRICO','279.45',151),(514,2,'UNIFORME','UNIFORME PARA ATLETA ','494.10',152),(515,1,'UNIFORME','UNIFORME PARA ATLETA DISTINTA TALLA','224.25',152),(516,1,'UNIFORME','UNIFORME PARA ATLETA DISTINTA TALLA','449.10',152),(517,20,'PIEZA','TAHALI GANCHO MANITA AXCEM','13.80',153),(518,10,'PIEZA','CAPODASTRO ESTRELLA COLOR NEGRO ','89.99',153),(519,20,'MILLAR','HOJAS BLANCAS T/CARTA','125.00',154),(520,3,'PAQUETE','CUBOS POSTIT COLOR PASTEL','40.00',154),(521,4,'PZA','PORTAFOLLETOS MARCA OFFICE DEPOT','35.00',154),(522,2,'PAQUETE','LAPICES MIRADO NO. 2 C/10 PZAS','35.00',155),(523,1,'CAJA','CLIPS BACO NO. 1 CAJA CON 1000 PIEZAS','220.00',155),(524,5,'MILLAR','HOJAS PERFORADAS HORIZONTALES T/CARTA','320.00',156),(525,15,'PZA','TONER PARA HPLASERJET 1320 - Q5949A','1400.00',157),(526,2,'EQUIPO','VIDEOPROYECTOR INALAMBRICO PANASONIC LB 75NTU','20240.00',158),(531,4,'PIEZAS','MEMORIA USB KINGSTON DT101 2 GB','130.00',160),(536,30,'PZAS','GALLETAS SURTIDO RICO','25.00',162),(537,5,'KILOS','PARA CURSO A LOS DOCENTES','98.00',162),(540,0,'','','0.00',165),(542,0,'','','0.00',167),(543,0,'','','0.00',168),(555,0,'','','0.00',175),(574,20,'PZA','TRAJE COLOR AZUL MARIN O C/CAMISA C/LILA','2024.00',183),(575,4,'PZA','CAMISA BLANCA PARA TROVA 4','460.00',183),(576,5,'PZA','CAMISAS COLOR LILA PARA TROVA 4','460.00',183),(577,16,'PZA..','PLAYERAS SPORT P/DAMA C/LOGO','73.60',184),(578,29,'PZA.','PLAYERA SPORT P/CABALLERO','85.10',184),(638,5,'CAJA','HOJAS BLANCAS XEROX T/CARTA CAJA C/10 PAQUETES','796.37',188),(639,4,'PAQUETE','POST-IT DE CORES','49.45',188),(640,12,'PIEZA','RECOPILADORES T/CARTA','28.29',188),(641,6,'PAQUETE','SEPARADORES T/CARTA DE COLORES','73.83',188),(642,2,'CAJA','BOLIGRAFOS BIC C/NEGRO','49.68',188),(643,2,'FRASCO','CORRECTOR LIQUIDO','10.69',188),(644,4,'CAJA','BROCHE BACO','37.20',188),(645,8,'PIEZA','PILAS CUADRADAS DE 9 VOLTIOS MCA. DURACEL','87.57',188),(646,6,'PIEZA','MARCA-TEXTO COLOR VERDE, AMARILLO Y NARANJA','11.44',188),(647,6,'PIEZA','MARCADOR ESTERBROOK C/NEGRO','27.94',188),(648,3,'ROLLO','CINTA MASKING T/MEDIANO','28.17',188),(649,3,'ROLLO','DIUREX T/MEDIANO','20.70',188),(650,2,'PAQUETE','CLIP NO.2 PAQUETE CON 10 CAJITAS','71.76',188),(651,2,'CAJA','FOLDER T/CARTA CAJA CON 100 PIEZAS','104.51',188),(652,2,'ROLLO','CINTA CANELA MEDIANO','15.52',188),(653,2,'LITRO','RESISTOL 850 FCO. DE MEDIO LITRO','160.42',188),(654,2,'JUEGO','PLUMOGIS  MAGISTRAL C/4 ALUMINIO','108.67',188),(655,2,'PAQUETES','PAPEL OPALINA HOLANDESA T/ CARTA PAQUETE C/100 HOJAS','169.16',188),(656,4,'PIEZA','CUTTER MEDIANO','26.56',188),(657,2,'PAQUETE','REPUESTO PARA CUTTER','23.00',188),(660,1,'PIEZA','SELLO   PRE-ENTINTABLE PARA ACADEMIA','517.50',191),(661,1,'piezas','SELLO DE RECIBIDO','517.50',191),(665,4,'SERVICIO','ALIMENTOS PARA LOS DIAS  24, 25, 27 Y 28 DE ABRIL','1708.50',193),(666,100,'PIEZAS','CANDADITOS PEQUEÑOS','5.00',194),(667,100,'PIEZAS','FAJILLAS DE PLÁSTICOS DE 15 CM. PARA SUJETAR CABLES','0.50',194),(681,1,'PIEZA','ESCRITORIO EJECUTIVO','5900.00',197),(682,2,'PIEZAS','SILLAS ERGONOMICA NEGRA','1000.00',197),(683,1,'PIEZA','UNIDAD DE GRABACIÓN PARA CAMARA DE CIRCUITO CERRADO','1252.00',198),(685,3,'PIEZAS','COMPUTADORA HP  DE 1 GB EN MEMORIA RAM Y 90 MGB DD','13000.00',200),(686,1,'PIEZA','IMPRESORA MULTIFUNCIONAL HP LASERJET MODELO 1522 NF','5400.00',200),(687,1,'PIEZA','LECTOR DE CODIGO DE BARRAS','750.00',200),(688,2,'PIEZA','QUEMADOR DE DVD +- RW EXTERNO','1599.00',200),(691,15,'TAZAS','CAFÉ','5.75',202),(692,5,'PIEZA','CLUB SANDWICH','27.60',202),(693,2,'PIEZAS','REFRESCOS GRANDES','19.55',202),(694,25,'PIEZAS','PAN','2.30',202),(695,1,'PIEZA','FUSOR PARA IMPRESORA HP.LASERJET 1100A','1506.00',203),(719,1,'EQUIPO','VIDEOPROYECTOR','12000.00',205),(720,2,'PZA.','FUENTE 40 W DC 3 SALIDAS 5V/15V/15V (HF40W-TL-B)','799.01',206),(721,5,'PZA.','PIC18F258','180.00',206),(722,10,'PZA.','CUADRUPLE 2-INPUT NOR BUFFER (SN74LS33N)','13.11',206),(723,10,'PZA.','TRANSMISOR RS485 (SP485CS)','32.00',206),(724,15,'PZA.','TRANSISTORES DARLINGTON (ULN2803AN)','11.00',206),(725,12,'PZA.','REGISTRO DE CORRIMIENTO 8 BIT (SN74LS164N)','12.00',206),(726,15,'PZA.','FLIP-FLOP TIPO D 3 EDOS (8) (SN74LS374N)','14.03',206),(727,10,'PZA.','CIRCUITO INTEGRADO DE MEMORIA FLASH EEPROM 512K 1.8V 8-DIP (24C512)','34.04',206),(728,5,'PZA.','GENERADOR DE RELOJ (MBL8284A)','49.00',206),(729,30,'PZA.','MATRIZ 3MM 8X8 ROJO ANODO A RENGLON (GMM-12088ASB)','48.99',206),(733,20,'PZA.','BORNERA 2 TORNILLOS P/CIRCUITO IMPRESO (TRTG-02)','3.10',206),(734,20,'PZA.','BORNERA 3 TORNILLOS P/CIRCUITO IMPRESO (TRTG-03)','4.02',206),(735,5,'PZA.','PLACA FENOLICA UNA CARA 30X30','136.70',206),(736,5,'PZA.','PLACA FENOLICA UNA CARA 20X20','58.00',206),(737,10,'PZA.','CONECTOR DB9 P MACHO ANGULO RECTO.','10.00',206),(738,10,'PZA.','CONECTOR DB9 P MACHO ANGULO RECTO.','10.00',206),(739,10,'PZA.','BASE DOBLE CONTACTO PARA CI 20 PINS (P20)','3.10',206),(740,15,'PZA.','CONECTOR 20 PIN PARA CABLE PLANO (FCN20)','4.02',206),(741,15,'PZA.','CONECTOR 26 PIN PARA CABLE PLANO (FCN26)','5.06',206),(742,15,'PZA.','CONECTOR 40 PIN PARA CABLE PLANO (FCN40)','7.01',206),(744,25,'PZA','TORTAS EPECIALES','20.70',207),(745,2,'PZA','REFRESCO 2 LTS','19.55',207),(746,4,'PZAS','MEMORIA USB DE 8 GB','859.00',208),(747,2,'PZAS','CARTUCHO PARA IMPRESORA EPSON EPL6200L','872.00',208),(748,3,'CAJAS','PAPEL STOCK 91/2 POR 11 DE UN TANTO','462.00',208),(749,4,'PAQUETES','VASOS TERMICOS Y DE PLASTICOS','57.00',209),(750,4,'PAQUETES','CUCHARAS PARA CAFE','6.00',209),(751,3,'PAQUETES','PLATOS PASTELEROS','15.00',209),(752,3,'PAQUETES','PLATOS ','20.00',209),(753,4,'CAJAS','AGUA 24/500ML.','75.00',210),(754,1,'KILO','CAFE TOSTADO Y MOLIDO TRADICIONAL','80.00',210),(755,5,'CAJAS','GALLETAS PRESIDENTE 350GR.','39.00',210),(756,1,'FRASCO','SUSTITUTO DE CREMA','41.00',210),(758,375,'PZA','LAMPARA SLIM-LINE 39 WTS LDD','17.95',211),(759,400,'PZA','LAMPARA  FLUOIRESCENTE 40 WTS LDD','19.00',211),(760,100,'PZA','BALASTRO ELECT. SLIM-LINE 1X39W O 2X39W ISB','166.00',211),(761,100,'PZA','BALASTRO ELECT.SLIM-LINE 1X75W O 2X75 W ISB','168.80',211),(762,100,'JUEGO','PORTALAMPARA SLIM-LINE MCA. MONTANA','7.60',211),(763,10,'PZA','CENTRO DE CARGA QOD-2 CTOS MCACUARET','131.50',211),(764,20,'PZA','CONTACTO DUPLEX POLARIZADO VISIBLE P38','19.50',211),(765,50,'PZA','CINTA DE AISLAR SUPER 33 SCOTCHN  3M','42.80',211),(769,3,'PZA','INTERRUPTOR TERMOMAGNETICO 2 POLOS 30 AMP','334.50',213),(770,4,'PIEZA','INTERRUPTOR TERMOMAGNETICO 2 POLOS 30 AMP','334.50',214),(784,20,'PZA','LAMPARA ELECTRONICA ESPIRAL 26 W COMPACTA','55.00',216),(785,2,'PZA','MEMORIA FLASH DRIVE','149.50',216),(786,10,'PZA.','CRISTALES DE CUARZO 4MHZ.','7.01',217),(787,10,'PZA.','CRISTALES DE CUARZO 10 MHZ,','9.08',217),(788,10,'PZA.','CRISTALES DE CUARZO 20MHZ.','7.01',217),(789,100,'LTS.','ACIDO HUMICO.','20.00',218),(790,6,'BOTE DE 4 L.','PINTURA ESMAL. ESMAFLEX VERDE JHON DEERE DE 4L. 312','338.00',219),(791,10,'PZA','TAQUETE EXPANSOR C/TORN. 1/4\"BCA. 3/8\"  TX  (2)','7.30',219),(794,4,'PZAS.','CONTROLADORES LOGICOS PROGRAMABLES SIEMENS S7400','5000.00',221),(795,1,'PZA.','FUENTE DE VOLTAJE DE 3 SAL. DC 30 VDC-5A, 12VDC-0.5A','5000.00',222),(796,1,'PZA.','GENERADOR DE FUNCIONES 5MHZ, CON DISPLAY DIGITAL','6200.00',222),(797,1,'PZA. ','TARJETA DE SIMULACION DE DISEÑO DE CIRCUITOS NI ELVIS','50000.00',223),(798,2,'PZAS. ','COMPUTADORA DELL PARA LAB. ','9400.00',223),(799,7,'VOLUMEN','GRAFICACION EL COMIENZO','350.00',224),(800,7,'VOLUMEN','COMPILADORES, EL COMIENZO','350.00',224),(801,3,'EQUIPOS','COMPUTADORA HP','13000.00',225),(802,4,'EQUIPOS','COMPUTADORA HP','13000.00',225),(803,1,'EQUIPO','IMPRESORA HP OFFICE JET PRO K 5400','3000.00',225),(804,1,'EQUIPO','IMPRESORA LASER JET COLOR P2015','6000.00',225),(805,10,'EQUIPO','UNIDAD DE AIRE ACONDICIONADO TIPO MINI SPLIT, MARCA LG MOD. S362CG CON CAPACIDAD NOMINAL DE 3.0 T.R.','17751.45',226),(806,7,'VOLUMEN','CALCULO DE UNA VARIABLE','316.00',227),(807,6,'VOLUMEN','INGENIERIA DEL CONOCIMIENTO','344.16',227),(808,7,'VOLUMEN','SISTEMAS DE BASES DE DATOS','521.00',227),(809,6,'VOLUMEN','PRINCIPIOS DE INGENIERIA DE LOS BIOPROCESOS','1804.00',227),(810,8,'VOLUMEN','FISICA I: ALGERA Y TRIGONOMETRIA','243.00',227),(811,10,'VOLUMEN','ANALISIS QUIMICO CUANTITATIVO D/CD','495.00',227),(812,6,'VOLUMEN','OPERACIONES UNITARIAS EN INGENIERIA QUIMICA','429.00',227),(813,6,'VOLUMEN','QUIMICA Y REACTIVIDAD QUIMICA','495.00',227),(814,7,'VOLUMEN','BIOQUIMICA FUNDAMENTAL','402.00',227),(815,8,'VOLUMEN','BIOQUIMICA','1375.00',227),(816,1,'PIEZA','TUBO DE SILICON GRANDE','45.00',228),(817,100,'METROS','CABLE CAT5','7.00',229),(818,30,'PIEZAS','CONECTORES RJ45','7.00',229),(819,8,'PIEZAS','CANALETA 3/4 25X30 mm','45.00',229),(820,8,'CAJAS','ROSETA SENCILLA CONECTOR RJ45','55.00',229),(821,13,'PIEZA','INTERRUPTOR TERMOMAGNETICO 2 POLOS 30 AMP.','334.50',230),(822,20,'PZA','INTERRUPTOR TERMOMAGNTICO 1 POLO 30 AMP ','93.00',230),(823,20,'PZA','INTERRUPTOR TERMOMAGNETICO 1 POLO 50 AMP.','93.00',230),(824,59,'PZA','LAMPARA ELECTRONICA ESPIRAL 26 W COMPACTA','50.00',230),(825,3,'PZA','LINTERNA  D USO RUDO D/ALTA LUMINOSIDAD ','130.00',230),(827,1,'PIEZA','TONER PARA IMPRESORA LASERJET P1505 - CB436A','1560.00',232),(828,1,'PIEZA','TONER PARA IMPRESORA LASERJET 1100A','1000.00',232),(831,1,'PIEZA','CAFETERA CON FILTRO INTEGRADO DE 12 TAZAS','600.00',235),(832,18,'CAJAS','ENVIO DE CAJAS DE EXAMEN DE CENEVAL','0.00',236),(833,4,'CAJA','FOLDER T/CARTA COLOR VERDE PAQ. C/100 PZA.','80.50',237),(834,3,'CAJA','BROCHES BACCO MACA. ACME.','25.00',237),(835,3,'PZA.','LIBRETA PASTA DURA FORMA ITALIANA.','32.00',237),(836,4,'PAQ.','LAPIZ MIRADO PAQ. C/10 PZAS.','35.00',237),(837,15,'PAQ.','PLUMOGIS C/BORRADOR Y 4 PZAS.','100.00',237),(838,4,'PZA.','CINTA CANELA GRANDE 48*150','23.00',237),(839,5,'PZA.','MARCADOR STERBROCK NEGRO Y ROJO','28.00',237),(840,100,'PZA.','SOBRES MANILA 20 T/CARTA, 20 T/OFICIO 40 T/LEGAL Y 20 T/RADIOGRAFIA.','3.00',237),(841,3,'PAQ.','CLIPS BACCO STANDAR MARADO C/10 CAJITAS.','50.00',237),(842,10,'CAJA','BOLIGRAFOS BIC TINTA NEGRA  CAJA C/12 PZAS.','35.00',237),(843,7,'PZA.','CUBOS POST IT DE COLORES','35.00',237),(844,2,'PAQ.','PASTA PARA ENGARGOLAR T/CARTA DE PLASTICO TRANSPARENTE.','135.00',237),(845,25,'MILLAR','PAPEL XEROX TAMAÑO CARTA','120.00',237),(846,1,'MILLAR','PAPEL XEROX T/OFICIO.','140.00',237),(847,5,'PZA.','DIUREX SEGUN MUESTRA','15.00',237),(848,5,'PZA.','CINTA MASKING TAPE 2020','20.00',237),(849,10,'PZA.','RECOPILADOR TAMAÑO OFICIO COLOR VERDE.','32.00',237),(850,5,'JGO','COLORINDEX CON 12, 15, 18 SEPARADORES','35.00',237),(851,5,'CAJA','GRAPAS STANDAR MCA. ACME','35.00',237),(852,5,'CAJA','CHINCHETAS','20.00',237),(853,10,'PZA.','MARCATEXTOS VARIOS COLORES MCA. ACCESS.','6.50',237),(854,1,'PZA.','TONER MAGENTA P/LJ2600 N','1618.00',238),(855,1,'PZA.','TONER PARA IMPRESORA LASER JET 3052 (Q2612A)','1449.00',238),(856,5,'PZA.','TONER PARA HP LASER JET 1100','1278.00',238),(857,2,'PZA.','TONER P/IMPRESORA HP LASER JET 1200','1191.00',238),(858,2,'PZA.','CARTUCHO A COLOR PARA HP 840','594.00',239),(859,2,'PZA','CARTUCHO NEGRO PARA HP 840','548.00',239),(860,4,'PAQ.','PILA DURACELL AAA C. C C/4','65.00',240),(861,2,'PZA.','AUDIFONO CON MICROFONO Y CONTROL DE VOLUMEN.','133.40',241),(862,3,'PZA.','MEMORIA MICROSD 4 GB','193.20',241),(863,2,'PZA.','MEMORIA DDR2 2GB PC667 MHZ CL5','503.70',241),(865,2,'PZA.','LECTORA INTERNA DE MEMORIAS 21 EN 1 USB2.0 3.5\"','92.00',241),(866,1,'PZA.','DISCO DURO EXTERNO DE 250 GB SATA USB 2.0','1794.00',241),(867,1,'PZA.','MOTHERBOARD INTEL MINI-ITX CON PROCESADOR INTEGRADO ATOM DE 1.6 GHZ.','1260.40',241),(870,1,'PZA.','DISCO DURO INTERNO DE 160 GB','852.15',241),(871,2,'PZA.','CARTUCHO PARA IMPRESORA HP 710 A COLOR','722.20',242),(872,2,'PZA.','CARTUCHO PARA IMPRESORA HP 710 NEGRO.','571.93',242),(873,1,'PIEZA','RECARGA DE TONER DE IMPRESORA HP LASERJET P1505','322.00',243),(874,1,'EQUIPO','ASPIRADORA INDUSTRIAL PARA SECO MOJADO','1700.00',244),(875,1,'EQUIPO','JUEGO DE BLOCKS \"V\"','1700.00',245),(876,0,'','','0.00',246),(877,1,'EQUIPO','PROBADOR DE DUREZA TIPO 3-R','23800.00',247),(878,1,'EQUIPO','AFILADORA AUTOMATICA DE BROCAS V390','23450.00',248),(879,1,'EQUIPO','CALIBRADOR DE ALTURAS DIGITAL','6600.00',248),(880,1,'EQUIPO','DOBLADORA COMPACTA','2750.00',248),(881,1,'EQUIPO','SIERRA CINTA HORIZONTAL-VERTICAL','20000.00',248),(882,50,'PAQUETE','PAQUETE DE 4 PLUMOGISES METALICOS MARCA MAGISTRAL','70.00',249),(883,20,'PAQUETE','PAQUETE DE 500 HOJAS TAMAÑO CARTA','75.00',249),(884,4,'PIEZA','CARTUCO DE TINTA NEGRA PARA IMPRESORA HP CODIGO: Hp c6615d ','350.00',250),(885,1,'PIEZA','CARTUCHO DE TINTA A COLOR PARA IMPRESORA HP CODIGO: Hp c6625a  ','350.00',250),(886,5,'PIEZA','CARTUCHO DE TINTA NEGRA PARA IMPRESORA HP CODIGO: Hp C9351A ','350.00',250),(887,1,'EQUIPO','MANTENIMIENTO Y CONSUMIBLES PARA IMPRESORA ZEBRA','5047.35',251),(888,1,'CAJA','CLIP BILLETERO PEQUEÑO','35.00',252),(889,1,'CAJA','CLIP BILLETERO MEDIANO','45.00',252),(890,1,'CAJA','CLIP BILLETERO GRANDE','55.00',252),(891,3,'PIEZA','REVISTERO DE PLASTICO','55.00',252),(892,3,'PIEZA','PORTALAPICERO METALICO','55.00',252),(893,3,'PIEZAS','CORRECTOR CINTA PRIT','22.00',252),(899,200,'PZA','FILTRO DE AIRE 61X38CM.','23.00',254),(900,5,'PZA.','TRAJE DE BAÑO PARA DAMA','425.50',255),(901,4,'PZA.','TRAJE DE BAÑO PARA CABALLERO','345.00',255),(902,9,'PZA.','GORRA DE SILICON','80.50',255),(903,9,'PZA.','GOOGLE','172.50',255),(904,200,'PZA','PIJA GALVANIZADA 8X1/2\"','0.17',256),(905,200,'PZA','PIJA GALVANIZADA 8X3/4\"','0.18',256),(906,200,'PZA','PIJA GALVANIZADA 8X1\"','0.24',256),(907,200,'PZA','PIJA GALVANIZADA 8X1 1/4\"','0.24',256),(908,200,'PZA','PIJA GALVANIZADA 8X1 1/2\"','0.27',256),(909,200,'PZA','PIJA GALVANIZADA 8X2\"','0.34',256),(910,200,'PZA','PIJA GALVANIZADA  10X1\"','0.47',256),(911,200,'PZA','PIJA GALVANIZADA  10X1 1/2\"','0.74',256),(912,200,'PZA','PIJA GALVANIZADA 10X2\"','1.20',256),(913,100,'PZA','CLAVO P /CONCRETO DE 1\"','0.19',256),(914,100,'PZA','CLAVO P/CONCRETODE 1/2\"','0.22',256),(915,100,'PZA','CLAVO P/CONCRETO DE 2\"','0.22',256),(916,1,'SERVICIO','PAGO DE DERECHOS PARA EMISION DE DICTAMEN DE EVALUACION DE RIESGOS DEL EDIFICIO \"P\"','1299.00',257),(917,1,'PZA.','TONER MAGENTA P/LJ2600 N','1618.00',258),(918,2,'PZA.','CARTUCHO NEGRO PARA HP 840','548.00',259),(919,2,'PZA.','CARTUCHO A COLOR PARA HP 840','594.00',260),(920,1,'PZA.','TONER PARA IMPRESORA LASER JET 3052 (Q2612A)','1449.00',260),(921,2,'PZA.','CARTUCHO PARA IMPRESORA HP 710 A COLOR','722.20',261),(922,2,'PZA.','CARTUCHO PARA IMPRESORA HP 710 NEGRO.','571.68',261),(923,5,'PZA.','TONER PARA HP LASER JET 1100','1278.00',261),(924,2,'PZA.','TONER P/IMPRESORA HP LASER JET 1200','1191.00',261),(925,4,'PAQ.','PILA DURACELL AAA C. C C/4','65.00',262),(926,25,'MILLAR','PAPEL XEROX TAMAÑO CARTA','120.00',263),(927,4,'CAJA','FOLDER T/CARTA COLOR VERDE PAQ. C/100 PZA.','80.50',264),(928,3,'CAJA','BROCHES BACCO MAC. ACME.','25.00',264),(929,3,'PZA.','LIBRETA PASTA DURA FORMA ITALIANA.','32.00',264),(930,4,'PAQ.','LAPIZ MIRADO PAQ. C/10 PZAS.','35.00',264),(931,4,'PZA.','CINTA CANELA GRANDE 48*150','23.00',264),(932,5,'PZA.','MARCADOR STERBROCK NEGRO Y ROJO','28.00',264),(933,1,'MILLAR','PAPEL XEROX T/OFICIO.','135.00',264),(934,5,'PZA.','PLUMOGIS C/BORRADOR Y 4 PZAS.','100.00',265),(935,10,'PAQ.','PLUMOGIS C/BORRADOR Y 4 PZAS.','100.00',266),(936,100,'PZA.','SOBRES MANILA 20 T/CARTA, 20 T/OFICIO 40 T/LEGAL Y 20 T/RADIOGRAFIA.','3.00',267),(937,3,'PAQ.','CLIPS BACCO STANDAR MARADO C/10 CAJITAS.','50.00',267),(938,10,'CAJA','BOLIGRAFOS BIC TINTA NEGRA  CAJA C/12 PZAS.','35.00',267),(939,6,'PZA.','CUBOS POST IT DE COLORES','35.00',267),(940,2,'PAQ.','PASTA PARA ENGARGOLAR T/CARTA DE PLASTICO TRANSPARENTE.','135.00',267),(941,5,'PZA.','DIUREX SEGUN MUESTRA','15.00',267),(942,5,'PZA.','CINTA MASKING TAPE 2020','20.00',267),(943,10,'PZA.','RECOPILADOR TAMAÑO OFICIO COLOR VERDE.','32.00',267),(944,5,'JGO.','COLORINDEX CON 12, 15, 18 SEPARADORES','35.00',267),(945,5,'CAJA','GRAPAS STANDAR MCA. ACME','35.00',268),(946,5,'CAJA','CHINCHETAS','20.00',268),(947,10,'PZA.','MARCATEXTOS VARIOS COLORES MCA. ACCESS.','6.50',268),(948,3,'PZA.','MEMORIA FLASH 4 GB USB 2.0','224.25',269),(949,5,'VOLUMENES','LIBROS \"C, EL COMIENZO...\"','350.00',270),(950,30,'PIEZA','MEMORIA USB 2GB MARCA KINGSTON','148.35',271),(951,2,'PIEZA','TONNER PARA IMPRESORA HP LASER JET M1120 MFP','862.50',272),(952,100,'PIEZA','PLIEGO DE PAPEL BOND BLANCO','2.87',273),(953,35,'PIEZA','MEMORIA USB 2GB MARCA KINGSTON','148.35',274),(954,3,'PAQUETES','FOLDERS TAMAÑO CARTA','278.00',275),(955,3,'PZAS.','TIJERA DELTA INOX MEDIANA','65.00',275),(956,10,'CAJAS','CLIPS No. 2','80.00',275),(957,10,'PZAS.','DIUREX DE 5 CM. DE ANCHO Y 15 MTS. DE LARGO','15.00',275),(958,20,'PZAS.','PRIT PELIKAN PELIFLIX 40GRS.','20.00',275),(959,50,'PZAS.','LAPIZ MIRADO 2.5 ','3.00',275),(960,4,'PZAS.','REPUESTO DE CUTER ANCHO ','17.00',275),(961,6,'PZAS.','SELLO CON LA LEYENDA DEVULTO SEGUN MUESTRA','40.00',275),(962,3,'CUBETAS','RESISTOL 525 DE 4 LTS. PARA ENCUADERNAR COLOR BLANCO','255.30',275),(963,2,'CAJAS','PLUMA COLOR NEGRO','30.00',275),(964,2,'CAJAS','SOBRES PARA CD DE 100 CADA PAQ.','150.00',275),(965,5,'MILLARES','PAPEL XEROX TAMAÑO CARTA','127.00',275),(966,200,'PZAS.','CARTULINA BRISTOL BLANCA','3.00',275),(967,5,'PZAS.','CUTTER CORTADOR CON CUERPO METALICO MOD. T361 MARCA BARRILITO','27.00',275),(968,2,'PZAS.','CUTTER MARCA ALFA MODELO L-5/AL ','86.00',275),(969,2,'ROLLOS','HILO NAYLON OMEGA BLANCO No. 2','13.00',275),(970,3,'PZAS.','BROCHA 2 PLG. MARCA BROTIMEX ','20.00',275),(971,3,'PZAS.','BROCHA 1 1/2 PLG. MARCA PERFECT ','16.00',275),(972,3,'PZAS.','BROCHA 1 PLG. MARCA EXITO','12.00',275),(973,5,'MTS.','PAÑALINA','10.00',276),(976,20,'MTS.','PERKALINA','125.00',276),(977,10,'MTS.','CABEZADA','3.00',276),(980,1,'PAGO','LISSETTE ESCOBAR RAMIREZ, APOYO SECRETARIAL PROFORDEMS,1 AL 15 DE JUNIO 2009','1335.74',279),(981,1,'PAGO','ROBERTO CARLOS GARCIA GOMEZ, RESPONSABLE INSTITUCIONALPROFORDEMS,1 AL 15 DE JUNIO 2009','8000.00',280),(982,1,'PAGO','ROBERTO CIFUENTES VILLAFUERTE, COORDINADOR DE LOGISTICA PROFORDEMS, 1 AL 15 DE JUNIO 2009','4500.00',281),(983,1,'PAGO','ROBERTO ANTONIO MEZA MENESES,COORDINADOR ACADEMICO PROFORDEMS,1 AL 15 DE JUNIO DE 2009','4500.00',282),(984,1,'PAGO','MARIA DEL CARMEN LAGUNA MANCILLA, APOYO SECRETARIAL PROFORDEMS,1 AL 15 DE JUNIO DE 2009','2200.00',283),(985,1,'PAGO','ELOISA DEL CARMEN GOMEZ RAMOS, APOYO AUXILIAR ADMINISTRATIVO PROFORDEMS,1 AL 15 DE JUNIO 2009','1571.60',284),(986,1,'PAGO','CLARA LUZ CASTILLEJOS GALLEGOS,TECNICO LAB COMPUTO PROFORDEMS,1 AL 15 DE JUNIO 2009','1500.00',285),(994,1,'','REALIZAR EL MANTENIMIENTO DE LOS EQUIPOS DE AUDIO Y AUXILIARES DIDÁCTICOS UTILIZANDOLOS EN LA IMPART','12000.00',293),(995,1,'APOYO ','REALIZAR APOYO ADMINISTRATIVO P/EL CONTROL DE TUTORIAS DE LOS ALUMNOS DE LOS CURSOS DE INGLES (PAGO ','6000.00',294),(996,1,'PAGO','IT. COMITAN 2G MOD. 1 COORD. ACAD. Y LOG, BANAMEX SUC. 273 CTA. 5340827 DEL 23/05 AL 23/06','48000.00',295),(997,1,'PAGO','IT. TAPACHULA 2G MOD. 1 COORD. ACAD. Y LOG, BANAMEX SUC. 4196 CTA. 11072 DEL 23/05 AL 23/06','68000.00',296),(998,1,'APOYO','GOMEZ OCHOA ADRIANA DE MERCEDES','3000.00',297),(999,1,'APOYO','PEREZ URBINA CLAUDIA LIZETH','3000.00',297),(1000,1,'APOYO','POSO ESTRADA TANIA','3000.00',297),(1001,1,'APOYO','LOPEZ NAÑEZ CINTHYA ANAILS','6100.00',297),(1002,1,'APOYO','TIPACAMU CABRERA ENRIQUE AUGUSTO','6100.00',297),(1003,1,'APOYO','CHANG GRANADOS CARLOS','6100.00',297),(1004,1,'APOYO','ESPINOSA SANCHEZ YULIANA MARIEM','6100.00',297),(1005,1,'APOYO','SANCHEZ PENAGOS ADRIANA','6100.00',297),(1006,1,'APOYO','LOPEZ MORALES GUADALUPE','6100.00',297),(1007,1,'APOYO','AGUILAR VELASCO SANDRA YADIRA','6100.00',297),(1008,1,'APOYO','LOPEZ DIAZ HECTOR','6100.00',297),(1009,1,'APOYO','OVANDO GUTIERREZ SERGIO IVAN','6100.00',297),(1011,15,'MTS.','FRANELA COLOR GRIS','18.00',299),(1012,20,'PLIEGOS','CARTON COMPRIMIDO NUM 5','65.00',300),(1027,1,'PIEZA','CARTUCHO PARA IMPRESORA DESKJET F380 ALL- IN -ONE HP BLACK PRINT CARTRIDGE 21 ','300.00',307),(1032,5,'DIAS','ALIMENTACION DE HOSPEDAJE C. ADRIANA GONZALEZ ESCOBAR, ASISTIR A TOLUCA DEL 22 AL 26 DE JUNIO REUNIO','1000.00',312),(1033,1,'VIAJES','TUX-MEX-TOL-MEX-TUX ADRIANA GONZALEZ E. REUNION NAL. JEFES','4000.00',313),(1035,1,'INSCRIPCION','MEMBRESIA 2009 AL PROGRAMA: \"VERANO DE LA INVESTIGACION CIENTIFICA DEL PACIFICO 2009\"','16000.00',315),(1041,1,'PAGO','PAGO DE ARBITRAJE DE  VOLEIBOL , 1er. SEMESTRE 2009, A NOMBRE DE NATAREN PIMENTEL JAIME.','3631.57',321),(1047,1,'PAGO','PAGO ARBITRAJE DE BASQUETBOL, 2009, A NOMBRE DE:  ASOCIACION DE BALONCESTO DEL EDO. CHIAPAS A.C. ','7670.00',327),(1049,1,'PAGO','ARBITRAJE Y CRED.DE FUTBOL,  2008-2009 A NOMBRE DE LIGA MUNICIPAL DE FUTBOL SOCCER AMATEUR, A.C. ','8790.00',329),(1050,4,'PIEZA','TONER PARA IMPRESORA HP LASER JET 1300','1000.00',330),(1051,4,'PIEZA','TONER PARA IMPRESORA SAMSUNG ML-3051-ND','1000.00',330),(1052,2,'PIEZA','TONER PARA IMPRESORA KYOCERA FS-1920','1500.00',330),(1056,0,'','','0.00',333),(1057,0,'','','0.00',334),(1059,1,'PAGO','LISSETTE ESCOBAR RAMIREZ, APOYO SECRETARIAL PROFORDEMS, 16 AL 30 JUNIO 2009','1335.74',336),(1060,1,'PAGO','ROBERTO CARLOS GARCIA GOMEZ. RESPONSABLE INSTITUCIONAL PROFORDEMS, 16 AL 30 DE JUNIO 2009','8000.00',337),(1061,1,'PAGO','ROBERTO CIFUENTES VILLAFUERTE. COORDINADOR DE LOGISTICA PROFORDEMS. 16 AL 30 JUNIO 2009','4500.00',338),(1062,1,'PAGO','ROBERTO ANTONIO MEZA MENESES. COORDINADOR ACADEMICO PROFORDEMS.16 AL 30 JUNIO 2009','4500.00',339),(1063,1,'PAGO','MARIA DEL CARMEN LAGUNA MANCILLA. APOYO SECRETARIAL PROFORDEMS, 16 AL 30 JUNIO 2009','2200.00',340),(1064,1,'PAGO','ELOISA DEL CARMEN GOMEZ RAMOS. APOYO AUXILIAR ADMINISTRATIVO PROFORDEMS. 16 AL 30 JUNIO 2009','1571.60',341),(1065,1,'PAGO','CLARA LUZ CASTILLEJOS GALLEGOS, TECNICO LAB COMPUTO PROFORDEMS, 16 AL 30 JUNIO 2009','1500.00',342),(1067,1,'PAGO','IT. COMITAN 2G MOD. 1 COORD. ACAD. Y LOG, BANAMEX SUC. 273 CTA. 5340827 DEL 24/06 AL 24/07 2009','48000.00',344),(1068,1,'PAGO','IT. TAPACHULA 3G MOD. 1 COORD. ACAD. Y LOG, BANAMEX SUC. 4196 CTA. 11072 DEL 24/06 AL 24/07 2009','68000.00',345),(1069,1,'CURSO','MARCO ANTONIO MENDEZ ANCHEYTA. INSTRUCTOR MOD 1 PROFORDEMS, 6 AL 19 JUNIO 2009','10000.00',346),(1070,1,'CURSO','MARCO ANTONIO ZUÑIGA REYES. INSTRUCTOR MOD 1 PROFORDEMS, 6 AL 19 JUNIO 2009','10000.00',347),(1071,1,'CURSO','FERNANDO ALFONSO MAY ARRIOJA, INSTRUCTOR MOD 1 PROFORDEMS, 6 AL 19 DE JUNIO 2009','10000.00',348),(1072,1,'CURSO','FRANCISCO DE JESUS SUAREZ RUIZ, INSTRUCTOR MOD 1 PROFORDEMS, 6 AL 19 DE JUNIO 2009','10000.00',349),(1073,1,'CURSO','CARLOS CERDA MARTINEZ, INSTRUCTOR MOD 1 PROFORDEMS, 6 AL 19 DE JUNIO 2009','10000.00',350),(1074,1,'CURSO','RICARDO ALFONSO CASTELLANOS MARTINEZ. INSTRUCTOR MOD 1 PROFORDEMS, 6 AL 19 DE JUNIO 2009','10000.00',351),(1075,1,'CURSO','MELQUICEDED DOMINGUEZ HOLAN. INSTRUCTOR MOD 1 PROFORDEMS, 6 AL 19 DE JUNIO 2009','10000.00',352),(1076,1,'CURSO','RAUL MORENO RINCON. INSTRUCTOR MOD 1 PROFORDEMS, 6 AL 19 DE JUNIO 2009','10000.00',353),(1077,1,'CURSO','AMADO CASTILLEJOS BRINDIS. INSTRUCTOR MOD 1 PROFORDEMS, 6 AL 19 DE JUNIO 2009','10000.00',354),(1078,1,'CURSO','APOLINAR PÉREZ LÓPEZ. INSTRUCTOR MOD 1 PROFORDEMS, 6 AL 19 DE JUNIO 2009','10000.00',355),(1079,1,'IMPRESIÓN','LONAS PARA LA BIENVENIDA DE LA SEGUNDA PROMOCIÓN DEL PROYECTO PROFODERMES (TUXTLA GUTIÉRREZ, COMITÁN','1173.00',356),(1080,2,'DIAS','VIATICOS LIC. MA. ELISA JIMENEZ RAMIREZ, MEXICO D.F. 29 Y 30 DE JUNIO DE 2009','800.00',357),(1082,5,'DIAS','LUNA CONZUELO GELACIO., VIATICOS TUXTLA GUTIERREZ, CHIAPAS DEL 09/06/08 AL 09/06/12','882.40',358),(1083,5,'DIAS','MARTINEZ CONTRERAS ULISES., VIATICOS TUXTLA GUTIERREZ, CHIAPAS DEL 09/06/08 AL 09/06/12','840.68',358),(1084,3,'DIAS','CRUZ TERRAZAS, SALOMON., VIATICOS TUXTLA GUTIERREZ, CHIAPAS DEL 09/06/11 AL 09/06/13','626.90',358),(1085,1,'SERVICIO','PASAJES AEREOS TUX-MEX-MEX-TUX DE LIC. MA. ELISA JIMENEZ RAMIREZ','3000.00',359),(1087,1,'CONSUMO','CONSUMO DE ALIMENTOS DE LA REUNION DE TRABAJO CON AUDITORES','1293.75',361),(1088,1,'CONSUMO','CONSUMO DE ALIMENTOS DE LA REUNION DE TRABAJO CON AUDITORES','2567.95',361),(1089,2,'DIAS','ING. JORGE OCTAVIO GUZMAN SANCHEZ, MINATITLAN, VER., LOS DIAS 10 Y 11 DE JUNIO DE 2009.','1000.00',362),(1090,4,'DIAS','ASISTIR A UNA REUNION DE VINCULACION DE LA RED SURESTE','1000.00',363),(1091,1,'TORRE','CD\'S VIRGEN  CAJA CON 50 PIEZAS','400.00',364),(1092,1,'PAGO','AGUSTIN VAZQUEZ MORALES, PAGO AUXILIAR FINANCIERO PROFORDEMS DEL 1 AL 15 DE ABRIL','2000.00',365),(1093,1,'PAGO','AGUSTIN VAZQUEZ MORALES, PAGO AUXILIAR FINANCIERO PROFORDEMS DEL 16 AL 30 DE ABRIL','2000.00',366),(1094,1,'PAGO','AGUSTIN VAZQUEZ MORALES, PAGO AUXILIAR FINANCIERO PROFORDEMS DEL 1 AL 15 DE MAYO','2000.00',367),(1095,1,'PAGO','AGUSTIN VAZQUEZ MORALES, PAGO AUXILIAR FINANCIERO PROFORDEMS DEL 16 AL 31 DE MAYO','2000.00',368),(1096,1,'PAGO','AGUSTIN VAZQUEZ MORALES, PAGO AUXILIAR FINANCIERO PROFORDEMS DEL 1 AL 15 DE JUNIO','2000.00',369),(1097,1,'PAGO','AGUSTIN VAZQUEZ MORALES, PAGO AUXILIAR FINANCIERO PROFORDEMS DEL 16 AL 30 DE JUNIO','2000.00',370),(1098,1,'SERVICIO','VERONICA MORALES JUAREZ, OCOSINGO, CHIAPAS, PASAJE TERRESTRE','288.00',371),(1099,2,'PZA','TONER P/IIMP HP LASER JET Q5949A','1131.00',372),(1100,2,'PZA','TONER P/IMP HP LASER JET CB436A','1176.95',372),(1105,1,'CURSO','RAQUEL CAMACHO MENDEZ, INSTRUCTOR MOD 2 PROFORDEMS, 27 DE JUNIO AL 10 DE JULIO 2009','10000.00',377),(1106,1,'CURSO','ADRIANA GONZALEZ ESCOBAR, INSTRUCTOR MOD 2 PROFORDEMS, 27 DE JUNIO AL 10 DE JULIO 2009','10000.00',378),(1107,1,'CURSO','MARCO ANTONIO GUTIERREZ DOMINGUEZ, INSTRUCTOR MOD 2 PROFORDEMS, 27 DE JUNIO AL 10 DE JULIO 2009','10000.00',379),(1110,1,'CURSO','JULIO ANTONIO MORENO GORDILLO, INSTRUCTOR MOD 2 PROFORDEMS, 27 DE JUNIO AL 10 DE JULIO 2009','10000.00',382),(1111,1,'CURSO','PATRICIA GUADALUPE SANCHEZ ITURBE, INSTRUCTOR MOD 2 PROFORDEMS, 27 DE JUNIO AL 10 DE JULIO 2009','10000.00',383),(1112,1,'CURSO','ROBERTO CARLOS GARCIA GOMEZ, INSTRUCTOR MOD 2 PROFORDEMS, 27 DE JUNIO AL 10 DE JULIO DE 2009','10000.00',384),(1113,1,'CURSO','MARCO ANTONIO AGUILAR SUAREZ, INSTRUCTOR MOD 2 PROFORDEMS, 27 DE JUNIO AL 10 DE JULIO 2009','10000.00',385),(1114,1,'CURSO','GERMAN ANTONIO VENEGAS ROBLES, INSTRUCTOR MOD 2 PROFORDEMS, 27 DE JUNIO AL 10 DE JULIO 2009','10000.00',386),(1115,1,'CURSO','RAQUEL CAMACHO MENDEZ, INSTRUCTOR MOD 2 PROFORDEMS, 11 AL 24 DE JULIO 2009','10000.00',387),(1116,1,'CURSO','ADRIANA GONZALEZ ESCOBAR, INSTRUCTOR MOD 2 PROFORDEMS, 11 AL 24 DE JULIO 2009','10000.00',388),(1117,1,'CURSO','MARCO ANTONIO GUTIERREZ DOMINGUEZ, INSTRUCTOR MOD 2 PROFORDEMS, 11 AL 24 DE JULIO 2009','10000.00',389),(1120,1,'CURSO','JULIO ANTONIO MORENO GORDILLO, INSTRUCTOR MOD 2 PROFORDEMS, 11 AL 24 DE JULIO 2009','10000.00',392),(1121,1,'CURSO','PATRICIA GUADALUPE SANCHEZ ITURBE, INSTRUCTOR MOD 2 PROFORDEMS, 11 AL 24 DE JULIO 2009','10000.00',393),(1122,1,'CURSO','ROBERTO CARLOS GARCIA GOMEZ, INSTRUCTOR MOD 2 PROFORDEMS, 11 AL 24 DE JULIO 2009','10000.00',394),(1123,1,'CURSO','MARCO ANTONIO AGUILAR SUAREZ, INSTRUCTOR MOD 2 PROFORDEMS, 11 AL 24 DE JULIO 2009','10000.00',395),(1124,1,'CURSO','GERMAN ANTONIO VENEGAS ROBLES, INSTRUCTOR MOD 2 PROFORDEMS, 11 AL 24 DE JULIO 2009','10000.00',396),(1125,1,'PAGO','LISSETTE ESCOBAR RAMIREZ, APOYO SECRETARIAL PROFORDEMS, 1 AL 15 DE JULIO 2009','2200.00',397),(1126,1,'PAGO','ROBERTO CARLOS GARCIA GOMEZ, RESPONSABLE INSTITUCIONAL PROFORDEMS, 1 AL 15 DE JULIO 2009','8000.00',398),(1127,1,'PAGO','ROBERTO CIFUENTES VILLAFUERTE, COORDINADOR DE LOGISTICA PROFORDEMS, 1 AL 15 DE JULIO 2009','4500.00',399),(1128,1,'PAGO','ROBERTO ANTONIO MEZA MENESES, COORDINADOR ACADEMICO PROFORDEMS, 1 AL 15 DE JULIO DE 2009','4500.00',400),(1129,1,'PAGO','MARIA DEL CARMEN LAGUNA MANCILLA, APOYO SECRETARIAL PROFORDEMS, 1 AL 15 DE JULIO 2009','2200.00',401),(1130,1,'PAGO','ELOISA DEL CARMEN GOMEZ RAMOS, APOYO AUXILIAR ADMINISTRATIVO PROFORDEMS, 1 AL 15 DE JULIO 2009','1571.60',402),(1131,1,'PAGO','CLARA LUZ CASTILLEJOS GALLEGOS, TECNICO LAB COMPUTO PROFORDEMS, 1 AL 15 DE JULIO 2009','1500.00',403),(1132,1,'PAGO','LISSETTE ESCOBAR RAMIREZ, APOYO SECRETARIAL PROFORDEMS, 16 AL 31 DE JULIO 2009','2200.00',404),(1133,1,'PAGO','ROBERTO CARLOS GARCIA GOMEZ, RESPONSABLE INSTITUCIONAL PROFORDEMS, 16 AL 31 DE JULIO 2009','8000.00',405),(1134,1,'PAGO','ROBERTO CIFUENTES VILLAFUERTE, COORDINADOR DE LOGISTICA PROFORDEMS,  16 AL 31 DE JULIO 2009','4500.00',406),(1135,1,'PAGO','ROBERTO ANTONIO MEZA MENESES, COORDINADOR ACADEMICO PROFORDEMS, 16 AL 31 DE JULIO 2009','4500.00',407),(1136,1,'PAGO','MARIA DEL CARMEN LAGUNA MANCILLA,  APOYO SECRETARIAL PROFORDEMS, 16 AL 31 DE JULIO 2009','2200.00',408),(1137,1,'PAGO','ELOISA DEL CARMEN GOMEZ RAMOS, APOYO AUXILIAR ADMINISTRATIVO PROFORDEMS, 16 AL 31 DE JULIO 2009','1571.60',409),(1138,1,'PAGO','CLARA LUZ CASTILLEJOS GALLEGOS, TECNICO LAB COMPUTO PROFORDEMS, 16 AL 31 DE JULIO 2009','1500.00',410),(1139,1,'CURSO','JUAN JOSE TOLEDO CARRILLO, INSTRUCTOR MOD. 2 PROFORDEMS, 27 DE JUNIO AL 10 DE JULIO','10000.00',411),(1140,1,'CURSO','SOFIA MORENO GORDILLO, INSTRUCTOR MOD. 2 PROFORDEMS, 27 DE JUNIO AL 10 DE JULIO','10000.00',412),(1141,1,'CURSO','JUAN JOSE TOLEDO CARRILLO, INSTRUCTOR MOD. 2 PROFORDEMS, 11 AL 24 DE JULIO','10000.00',413),(1142,1,'CURSO','SOFIA MORENO GORDILLO, INSTRUCTOR MOD. 2 PROFORDEMS, 11 AL 24 DE JULIO','10000.00',414),(1143,5,'PIEZA','CARTON COMPRIMIDO No. 5 (90 X 120)','65.00',415),(1145,50,'PIEZA','CARTULINA BLANCA MARCA BRISTO','3.00',415),(1146,1,'PIEZA','ROLLO DE HILO NAYLON MARCA OEGA No.2','18.00',415),(1147,20,'METROS','CABEZADA O BIES','3.00',415),(1148,4,'LITROS','RESISTOL MARCA RESISTOL 525 RESISTOL BLANCO','222.00',415),(1153,2,'PAQUETE','REPUESTO ANCHO PARA CUTER PAQUETE 10 PIEZAS.','8.00',415),(1155,3,'PIEZA','DIUREX 1/2\" MARCA TUK O SCRIBE','17.00',415),(1158,1,'SERVICIO','PASAJES AÉREOS, TUX-MEX. MEX-TUX, JOSE ERASMO CAMERAS MOTA','3000.00',417),(1159,1,'SERVICIO','PASAJES ÁEREOS, MEX-MER, MER-MEX, JOSE ERASMO CAMERAS MOTA ','4000.00',418),(1171,1,'DIA','LIC. MA.ELISA JIMENEZ RAMIREZ, ASISTE A LA CD. DE MEXICO EL DIA 07 DE JULIO','800.00',423),(1172,1,'SERVICIO','SERVICIOS AEREO TUXTLA-MEXICO-MEXICO-TUXTLA, LIC. MA.ELISA JIMENEZ RAMIREZ','3000.00',424),(1173,2,'DIAS','MEXICO, D.F. Y MÉRIDA YUCATÁN, 21 Y 22 DE MAYO DE 2009, JOSE ERASMO CAMERAS MOTA','800.00',425),(1200,1,'SINODALIAS','ING. ROBERTO CIFUENTES VILLAFUERTE SINODAL-PRESIDENTE DEL C. RODRIGO SANDOVAL MOCTEZUMA  28 DE MAYO ','200.00',431),(1201,1,'SINODALIAS','ING. ROBERTO CARLOS GARCIA  GOMEZ, SINODAL-SECRETARIO DEL  EXAMEN PROFESIONAL DEL C. RODRIGO SANDOVA','200.00',432),(1202,1,'SINODALIAS','ING. FERNANDO ALFONSO MAY ARRIOJA SINODAL-VOCALPROPIETARIO DEL EXAMEN PROFESIONAL DEL C. RODRIGO SAN','200.00',433),(1203,1,'SINODALIAS','ING. ROBERTO CIFUENTES VILLAFUERTE SINODAL-PRESIDENTE DEL EXAMEN PROFESIONAL DEL C. ELIO POZO ESCOBA','200.00',434),(1204,1,'SINODALIAS','ING. FERNANDO ALFONSO MAY ARRIJA SINODAL-SECRETARIO DEL EXAMEN PROFESIONAL DEL C. ELIO POZO ESCOBAR ','200.00',435),(1205,4,'PIEZA','TROFEOS DE PAREJA DE BASQUETBOL GRANDES','488.75',436),(1206,2,'PIEZA','TROFEOS MEDIANOS PARA BASQUETBOL','431.25',436),(1207,2,'PIEZAS','TROFEOS DE PAREJA PARA FUTBOL GRANDES','603.75',436),(1208,1,'PIEZA','TROFEO MEDIANO PARA FUTBOL','517.50',436),(1209,6,'PIEZAS','BALONES PARA BASQUETBOL MOLTEN PIEL SINTETICA No. 6','442.00',437),(1210,6,'PIEZAS','BALONES PARA BASQUETBOL MOLTEN PIEL SINTETICA No.7','447.00',437),(1211,10,'PIEZAS','BALONES PARA FUTBOL MOLTEN COLANI No. 5','190.00',437),(1212,3,'PIEZAS','REDES PARA FUTBOL GRUESAS','748.99',437),(1213,6,'PIEZAS','REDES PARA BASQUETBOL','95.00',437),(1214,4,'PIEZAS','BOMBAS PARA INFLAR BALONES','66.70',437),(1215,10,'PIEZAS','VALVULAS PARA INFLAR BALONES','2.87',437),(1216,1,'TRANSITO','VIATICOS ING. TOMAS PALOMINO SOLORZANO A LA CD. DE MEXICO, D.F. EL 04 DE JULIO DEL 2009','625.00',438),(1217,3,'DIA','VIATICOS ING. TOMAS PALOMINO SOLORZANO, A LA CD. DE MEXICO DEL 18 AL 21 DE JULIO DEL 2009','1250.00',439),(1218,12,'PIEZAS','BANDERINES PARA CAMPO DE FUTBOL DE LONA CON LOGO DEL TEC.','126.50',440),(1219,2,'JUEGOS','PLUMOGISES','96.60',441),(1220,1,'PIEZA','COMPUTADORA HP DX2400.','14440.17',442),(1221,65,'PZA','REFRIGERIOS','28.75',443),(1222,65,'PZA','REFRESCOS','9.20',443),(1223,65,'PZAS','COKTELES DE FRUTAS','28.75',443),(1224,65,'PZAS','REFRESCOS','9.20',443),(1225,65,'PZAS','CLUB SANWICH','28.75',443),(1226,65,'PZAS','REFRESCOS','9.20',443),(1227,65,'PZAS','PISTACHE','11.50',443),(1228,65,'PZAS','FRITURAS','8.05',443),(1230,1,'BOLETO','PASAJE AEREO PARA EL ING. IVAN GONZALEZ LAZALDE TRAMO MEXICO-TUXTLA GUTIERREZ-MEXICO-DURANGO','4500.00',445),(1231,1,'SERVICIO','DR. MADAIN PEREZ PATRICIO.- TUXTLA-MEXICO-TUXTLA ','3000.00',446),(1232,1,'BOLETO','PASAJE AEREO PARA EL ING. GUILLERMO LAZALDE GOMEZ TRAMO MEXICO-TUXTLA GUTIERREZ-MEXICO-DURANGO','4500.00',447),(1233,2,'CURSO','HONORARIOS, KARLA AZUCENA VARGAS NÁFATE, PROYECTO INGLES GT-2-ING . DEL 24 DE JUNIO AL 15 DE JULIO D','5447.70',448),(1234,1,'DIA','DR. MADAIN PEREZ PATRICIO.- MEXICO, D. F. LOS DIAS 17 Y 18 ENTREGAR PROYECTO DE LA MAESTRIA EN CIENC','800.00',449),(1235,2,'CURSOS','HONORARIOS, ADRIANA ISABEL LÒPEZ CORTEZ, PROYECTO INGLES GT-2-ING. DEL 24 DE JUNIO AL 15 DE JULIO DE','5447.70',450),(1236,2,'CURSOS','HONORARIOS, LAURA ALICIA CANCINO PEREZ, PROYECTO INGLES GT-2-ING. DEL 24 DE JUNIO AL 15 DE JULIO 200','5447.70',451),(1237,2,'CURSOS','HONORARIOS, ROCIO GUADALUPE PÈREZ MORALES, PROYECTO INGLES  GT-2-ING. DEL 24 DE JUNIO AL 15 DE JULIO','5447.70',452),(1238,3,'DIAS','OLIVARES FOLRES VIRGINIA., VIATICOS TUXTLA GUTIERREZ, CHIAPAS; DEL 09/06/11 AL 09/06/13','725.24',453),(1239,5,'DIAS','MARTINEZ ORTIZ LIDIA., VIATICOS TUXTLA GUTIERREZ, CHIAPAS; DEL 09/06/08 AL 09/06/12','1174.78',453),(1240,2,'CURSOS','HONORARIOS, EDUARDO PÈREZ ORTEGA,, PROYECTO INGLES GT-2-ING. DEL 24 DE JUNIO AL 15 DE JULIO DEL 2009','5447.70',454),(1241,2,'CURSOS','HONORARIOS, MEY LUU MADRID CHANG, PROYECTO INGLES GT-2-ING. DEL 24 DE JUNIO AL 15 DE JULIO DEL 2009','5447.70',455),(1242,2,'CURSOS','HONORARIOS, JESUS ADRIAN CASTAÑON AQUINO, PROYECTO INGLES GT-2-ING. DEL 24 DE JUNIO AL 15 DE JULIO D','5447.70',456),(1243,2,'CURSOS','HONORARIOS, BRIZA VALERY FLORES VILLATORO, PROYECTO INGLES GT-2-ING. DEL 24 DE JUNIO AL 15 DE JULIO ','5447.70',457),(1244,10,'METROS','PERCALINA GRANO FINO COLOR AZUL','112.00',458),(1245,10,'METROS','PAÑALINA','9.00',458),(1246,2,'CURSOS','HONORARIOS, LUIS JOVANNI RODRIGUEZ VELAZQUEZ, PROYECTO INGLES GT-2-ING. DEL 24 DE JUNIO AL 15 DE JUL','5447.70',459),(1250,1,'CURSO','HONORARIOS. SUSANA GUADALUPE LOPEZ GONZALEZ, PROYECTO INGLES GT-2-ING. DEL 24 DE JUNIO AL 15 DE JULI','5447.70',461),(1251,2,'CURSOS','HONORARIOS, EDUARDO PÈREZ DOMINGUEZ, PROYECTO INGLES GT-2-ING. DEL 24 DE JUNIO AL 15 DE JULIO DEL 20','4950.00',462),(1252,1,'SERVICIO','ROSARIO GERALDINE MONTOYA ROBLES, COORDINADORA, PROYECTO  INGLES GT-2-ING. DEL 24 DE JUNIO AL 25 DE ','21250.00',463),(1253,1,'PIEZA','BROCHA DE 2\" MARCA BROTIMEX','18.00',464),(1254,1,'PIEZA','BROCHA DE 1\" MARCA EXITO','11.00',464),(1255,1,'PIEZA','BROCHA DE 1/2\" MARCA PERFEC','14.00',464),(1256,1,'PIEZA','CORTADOR CON CUERPO METALICO T 361 MARCA BARRILITO','27.00',464),(1257,1,'CURSO','HONORARIOS, JUAN CARLOS RUIZ MENDOZA, PROYECTO INGLES GT-2ING,DEL 24 DE JUNIO AL 15 DE JULIO ','5447.70',465);
/*!40000 ALTER TABLE `bienservicio` ENABLE KEYS */;
UNLOCK TABLES;

--
-- Table structure for table `dpto`
--

DROP TABLE IF EXISTS `dpto`;
SET @saved_cs_client     = @@character_set_client;
SET character_set_client = utf8;
CREATE TABLE `dpto` (
  `id` int(11) NOT NULL,
  `nombretitular` varchar(200) default NULL,
  `puesto` varchar(200) default NULL,
  `nombredpto` varchar(200) default NULL,
  `estado` tinyint(1) default NULL,
  `clavedpto` int(11) default NULL,
  `abreviatura` varchar(20) NOT NULL,
  `tiposub` int(1) NOT NULL,
  PRIMARY KEY  (`id`)
) ENGINE=InnoDB DEFAULT CHARSET=latin1;
SET character_set_client = @saved_cs_client;

--
-- Dumping data for table `dpto`
--

LOCK TABLES `dpto` WRITE;
/*!40000 ALTER TABLE `dpto` DISABLE KEYS */;
INSERT INTO `dpto` VALUES (1,'ING. TOMAS PALOMINO SOLORZANO','DIRECTOR','DIRECCION',1,1,'Direccion',4),(2,'M.C JUAN JOSÉ VILLALOBOS MALDONADO','JEFE DE DEPARTAMENTO','SUBDIRECCIÓN DE PLANEACIÓN',1,2,'Sub. Planea.',1),(3,'ING. JOSE ANGEL ZEPEDA HERNANDEZ','JEFE DE DEPARTAMENTO','SUBDIRECCIÓN ACADÉMICA',1,3,'Sub. Aca.',2),(4,'ING. MIGUEL DEL CID DEL PRADO MARTINEZ','JEFE DE DEPARTAMENTO','SUBDIRECCIÓN DE SERVICIOS ADMINISTRATIVOS',1,4,'Sub. Admin.',3),(5,'C.P PATRICIA MORENO CANCINO','JEFE DE DEPARTAMENTO','PLANEACIÓN, PROGRAMACIÓN Y PRESUPUESTACIÓN',1,5,'Planeacion',1),(6,'DR. DANIEL SAMAYOA PENAGOS','JEFE DE DEPARTAMENTO','GESTIÓN TECNOLÓGICA Y VINCULACIÓN',1,6,'Gestion',1),(7,'LIC. JULIO CESAR OCHOA COUTIÑO','JEFE DE DEPARTAMENTO','COMUNICACIÓN Y DIFUSIÓN',1,7,'Comunicacion',1),(8,'ING. FRANCISCO DE JESUS SUAREZ  RUIZ','ENCARGADO DEL DEPARTAMENTO','ACTIVIDADES EXTRAESCOLARES',1,8,'Extraescolares',1),(9,'LIC. MARIA ISABEL PALACIOS TRUJILLO','JEFE DE DEPARTAMENTO','SERVICIOS ESCOLARES',1,9,'Escolares',1),(10,'LIC. RENÉ ARJÓN CASTRO','JEFE DE DEPARTAMENTO','CENTRO DE INFORMACIÓN ',1,10,'Informacion',1),(11,'M.C ROBERTO CARLOS GARCÍA','JEFE DE DEPARTAMENTO','CIENCIAS BÁSICAS',1,11,'Basicas',2),(12,'M.A. AIDA GUILLERMINA COSSIO MARTINEZ','JEFE DE DEPARTAMENTO','SISTEMAS COMPUTACIONALES',1,12,'Sistemas',2),(13,'ING. IGNACIO ARRIOJA CÁRDENAS','JEFE DE DEPARTAMENTO','METAL MECÁNICA',1,13,'Mecanica',2),(14,'ING. JAVIER RAMIREZ DIAZ','JEFE DE DEPARTAMENTO','QUÍMICA Y BIOQUÍMICA',1,14,'Qui y Bio',2),(15,'ING. JORGE ANTONIO OROZCO TORRES','JEFE DE DEPARTAMENTO','INGENIERIA INDUSTRIAL',1,15,'Industrial',2),(16,'ING. VICENTE LEON OROZCO','JEFE DE DEPARTAMENTO','ELÉCTRICA Y ELECTRÓNICA',1,16,'Ele y Eca',2),(17,'ING. MARIA DELINA CULEBRO FARRERA','JEFE DE DEPARTAMENTO','CIENCIAS ECONÓMICO-ADMINISTRATIVO',1,17,'Informatica',2),(18,'PSIC. ADRIANA GONZALEZ ESCOBAR','JEFE DE DEPARTAMENTO','DESARROLLO ACADÉMICO',1,18,'Desarr. Aca.',2),(19,'ING. ROBERTO CIFUENTES VILLAFUERTE','JEFE DE DEPARTAMENTO','DIVISIÓN DE ESTUDIOS  PROFESIONALES',1,19,'Div. Estudios',2),(20,'DR. HECTOR RICARDO HERNANDEZ DE LEON','JEFE DE DEPARTAMENTO','INVESTIGACIÓN',1,20,'Investigacion',2),(21,'ING. RENE RIOS COUTIÑO','JEFE DE DEPARTAMENTO','RECURSOS HUMANOS',1,21,'Humanos',3),(22,'C.P MELQUICEDED DOMÍNGUEZ HOLAN','JEFE DE DEPARTAMENTO','RECURSOS FINANCIEROS',1,22,'Financieros',3),(23,'ING. URBANO RODRIGUEZ ALCAIDE','JEFE DE DEPARTAMENTO','RECURSOS MATERIALES',1,23,'Materiales',3),(24,'ING. JORGE OCTAVIO GUZMÁN','JEFE DE DEPARTAMENTO','CENTRO DE CÓMPUTO',1,24,'Computo',3),(25,'ING. CARLOS RAMÓN ALFONZO SANTIAGO','JEFE DE DEPARTAMENTO','MANTENIMIENTO',1,25,'Mantenimiento',3);
/*!40000 ALTER TABLE `dpto` ENABLE KEYS */;
UNLOCK TABLES;

--
-- Table structure for table `firmas_reportes`
--

DROP TABLE IF EXISTS `firmas_reportes`;
SET @saved_cs_client     = @@character_set_client;
SET character_set_client = utf8;
CREATE TABLE `firmas_reportes` (
  `id` int(11) NOT NULL auto_increment,
  `nombre_director` varchar(60) NOT NULL,
  `nombre_general` varchar(60) NOT NULL,
  `rfc_director` varchar(15) NOT NULL,
  `rfc_general` varchar(15) NOT NULL,
  `nombre_subplanea` varchar(150) NOT NULL,
  `nombre_subaca` varchar(150) NOT NULL,
  `nombre_subadmon` varchar(150) NOT NULL,
  PRIMARY KEY  (`id`)
) ENGINE=InnoDB AUTO_INCREMENT=2 DEFAULT CHARSET=latin1;
SET character_set_client = @saved_cs_client;

--
-- Dumping data for table `firmas_reportes`
--

LOCK TABLES `firmas_reportes` WRITE;
/*!40000 ALTER TABLE `firmas_reportes` DISABLE KEYS */;
INSERT INTO `firmas_reportes` VALUES (1,'ING. TOMAS PALOMINO SOLORZANO','DR. CARLOS ALFONSO GARCIA IBARRA','PAST-480425-FU4','GAIC-580123-BAO','M.C JUAN JOSÉ VILLALOBOS MALDONADO','ING. JOSE ANGEL ZEPEDA HERNANDEZ','ING. MIGUEL DEL CID DEL PRADO MARTINEZ');
/*!40000 ALTER TABLE `firmas_reportes` ENABLE KEYS */;
UNLOCK TABLES;

--
-- Table structure for table `gastos_dpto`
--

DROP TABLE IF EXISTS `gastos_dpto`;
SET @saved_cs_client     = @@character_set_client;
SET character_set_client = utf8;
CREATE TABLE `gastos_dpto` (
  `idgastos` int(11) NOT NULL auto_increment,
  `oficio` int(11) default NULL,
  `iddpto` char(19) default NULL,
  `documento` char(13) default NULL,
  `justificacion` char(41) default NULL,
  `fecha` date default NULL,
  `iddpto_solicitante` char(20) default NULL,
  `idproceso` int(11) default NULL,
  `idclave` int(11) NOT NULL,
  `idmeta` int(11) default NULL,
  `idaccion` int(11) NOT NULL,
  `monto` char(15) default NULL,
  `idpartida` int(11) default NULL,
  `donde` char(15) default NULL,
  `idrequisicion` int(11) NOT NULL,
  `idsolicitud` int(11) NOT NULL,
  `idviaticos` int(11) NOT NULL,
  PRIMARY KEY  (`idgastos`)
) ENGINE=InnoDB AUTO_INCREMENT=1174 DEFAULT CHARSET=latin1;
SET character_set_client = @saved_cs_client;

--
-- Dumping data for table `gastos_dpto`
--

LOCK TABLES `gastos_dpto` WRITE;
/*!40000 ALTER TABLE `gastos_dpto` DISABLE KEYS */;
INSERT INTO `gastos_dpto` VALUES (1,1,'7','Req.','    Camaras digitales','2009-01-30','7',3,7,38,53,' 6000',73,'Normal',0,0,0),(2,2,'7','Req.',' videocamara','2009-01-30','7',3,7,38,53,' 13304',72,'Normal',0,0,0),(3,3,'18','Req.','servidores','2009-01-30','18',1,1,3,207,'69989',79,'Normal',0,0,0),(4,4,'3','Via','PROFORDEMS (viaticos de ing roberto menes','2009-02-03','3',3,7,37,45,'1600',69,'Normal',0,0,0),(5,5,'3','Via','PROFORDEMS (viaticos de ing roberto carlo','2009-02-03','3',3,7,37,45,'2000',69,'Normal',0,0,0),(6,6,'3','Via','PROFORDEMS (viaticos de ing roberto cifue','2009-02-03','3',3,7,37,45,'2000',69,'Normal',0,0,0),(7,7,'3','Comb.','PROFORDEMS (Comb. de roberto carlos)','2009-02-03','3',3,7,37,45,'4063.50',29,'Normal',0,0,0),(8,8,'3','Ofic.','PROFORDEMS (Casetas a yucatan)','2009-02-03','3',3,7,37,45,'1000',49,'Normal',0,0,0),(9,9,'3','Ofic.','PROFORDEMS (Pago a Gladis)','2009-02-03','3',2,4,31,196,'1950',7,'Normal',0,0,0),(10,10,'3','Ofic.','PROFORDEMS (Pago a ma. carmen)','2009-02-03','3',2,4,31,196,'2100',7,'Normal',0,0,0),(11,11,'3','Ofic.','PROFORDEMS (Pago a Roberto meneses)','2009-02-03','3',2,4,31,196,'4000',7,'Normal',0,0,0),(12,12,'3','Ofic.','PROFORDEMS (Pago a Roberto cifuentes)','2009-02-03','3',2,4,31,196,'4000',7,'Normal',0,0,0),(13,13,'3','Ofic.','PROFORDEMS (Pago a Roberto carlos)','2009-02-03','3',2,4,31,196,'7000',7,'Normal',0,0,0),(14,14,'3','Ofic.','PROFORDEMS (Pago a Clara Luz)','2009-02-03','3',2,4,31,196,'1500',7,'Normal',0,0,0),(15,15,'3','Ofic.','PROFORDEMS (Pago a Eloisa)','2009-02-03','3',2,4,31,196,'1100',7,'Normal',0,0,0),(16,16,'3','Via','PROFORDEMS (viaticos de Eliseo a merida)','2009-02-04','3',3,7,37,45,'1600',69,'Normal',0,0,0),(17,17,'8','Req.','  bandas y escoltas','2009-02-04','8',3,9,26,163,'  57442.50',32,'Normal',0,0,0),(18,18,'4','SS','Serv. de envio de documentacion por estaf','2009-02-04','4',3,7,38,199,'608.66',35,'Normal',0,0,0),(19,19,'4','SS','Serv. de envio de documentacion por estaf','2009-02-04','4',3,7,38,199,'1184.93',35,'Normal',0,0,0),(20,20,'4','SS','Serv. de envio de documentacion por estaf','2009-02-04','4',3,7,38,199,'496.66',35,'Normal',0,0,0),(21,21,'4','Req.','1 Equipo de aire acondicionado 18 btu','2009-02-05','4',4,11,7,198,'13867.16',72,'Normal',0,0,0),(22,22,'1','Pas/Aero','pasajes a mexico p/ pres. de linam. de 2','2009-02-05','1',2,4,31,183,'3000',67,'Normal',0,0,0),(23,23,'1','Via','viaticos a mexico p/ pres. de linam. de 2','2009-02-05','1',2,4,31,183,'1250',69,'Normal',0,0,0),(24,24,'25','Req.','balastros p/inst. electrica','2009-02-05','25',1,1,1,100,'25583.37',23,'Normal',0,0,0),(25,25,'8','Req.','bandas y escoltas','2009-02-06','8',3,9,26,163,'3933',22,'Normal',0,0,0),(26,26,'8','Req.',' bandas y escoltas','2009-02-06','8',3,9,26,163,' 33269.5',99,'Normal',0,0,0),(27,27,'8','Req.','bandas y escoltas','2009-02-06','8',3,9,26,163,'6440',98,'Normal',0,0,0),(28,28,'8','Req.','bandas y escoltas','2009-02-06','8',3,9,26,163,'40250',32,'Normal',0,0,0),(29,29,'6','Via','CREATIVIDAD NAC. (viaticos de ruben herre','2009-02-06','6',1,1,27,173,'1600',69,'Normal',0,0,0),(30,30,'6','Ofic.','CREATIVIDAD NAC. (casetas p/rosas a verac','2009-02-06','6',1,1,27,173,'1800',49,'Normal',0,0,0),(31,31,'6','Via','CREATIVIDAD NAC. (viaticos p/rosas a vera','2009-02-06','6',1,1,27,173,'4000',69,'Normal',0,0,0),(32,32,'6','Via','CREATIVIDAD NAC. (viaticos p/pepe a verac','2009-02-06','6',1,1,27,173,'4000',69,'Normal',0,0,0),(33,33,'6','Comb.','CREATIVIDAD NAC. (combustible p/Rosas a v','2009-02-06','6',1,1,27,173,'5120',29,'Normal',0,0,0),(34,34,'6','Pas/Aero','pasaje de dr. samayoa asiste a reunion a','2009-02-06','6',2,4,31,175,'3000',67,'Normal',0,0,0),(35,35,'6','Via','viaticos de dr. samayoa asiste a reunion','2009-02-06','6',2,4,31,175,'2000',69,'Normal',0,0,0),(36,36,'6','Via','CREATIVIDAD NAC. (viaticos p/walter torre','2009-02-06','6',1,1,27,173,'1600',69,'Normal',0,0,0),(37,37,'6','Via','CREATIVIDAD NAC. (viaticos p/madain perez','2009-02-06','6',1,1,27,173,'1600',69,'Normal',0,0,0),(38,38,'25','Req.','mat. electrico p/lab. de bioquimica','2009-02-06','25',1,1,1,100,'20598.74',23,'Normal',0,0,0),(39,39,'2','Via','Viaticos a Daniel Salas  certif. de gesti','2009-02-06','2',2,4,31,161,'4800',69,'Normal',0,0,0),(40,40,'2','Pas/Aero','pasajes a Daniel Salas  certif. de gestio','2009-02-06','2',2,4,31,161,'3500',67,'Normal',0,0,0),(41,41,'6','Ofic.','CREATIVIDAD NAC. (Hospedaje p/alumnos que','2009-02-06','6',1,1,27,173,'10500',86,'Normal',0,0,0),(42,42,'6','Ofic.','CREATIVIDAD NAC. (alimentacion p/alumnos','2009-02-06','6',1,1,27,173,'12000',86,'Normal',0,0,0),(43,43,'21','Pas/Aero','recoger nomina de quincena 3','2009-02-06','21',3,7,38,152,'3000',67,'Normal',0,0,0),(44,44,'21','Via','recoger nomina 3','2009-02-06','21',3,7,38,152,'1600',69,'Normal',0,0,0),(45,45,'3','Req.',' ELABORACIÓN DE DOCUMENTOS Y FOTOCOPIADO','2009-02-09','3',4,11,7,205,'1656',8,'Normal',1,0,0),(46,46,'25','SS','Instalación de aire acondicionado de 2400','2009-02-09','25',1,1,1,100,'1007.40',53,'Normal',0,0,0),(47,47,'7','SS','Suscripcion de 1 año al periodico \"notici','2009-02-09','7',3,7,38,53,'2100',88,'Normal',0,0,0),(48,48,'6','Pas/Aero','CREATIVIDAD NAC. (viaticos de ing. javier','2009-02-10','6',1,1,27,173,'536',67,'Normal',0,0,0),(49,49,'6','Via','CREATIVIDAD NAC. (viaticos p/ing. javier)','2009-02-10','6',1,1,27,173,'2400',69,'Normal',0,0,0),(50,50,'25','SS','reubicación de tablero de distribuicion','2009-02-10','25',1,1,1,100,'3220',55,'Normal',0,0,0),(51,51,'25','Req.','cartucho p/impresosa hp 74xl','2009-02-10','25',1,1,1,100,'3947.76',12,'Normal',0,0,0),(52,52,'23','Via','Eliseo traslada al ing. tomás a fensa coc','2009-02-11','23',3,9,26,123,'800',69,'Normal',0,0,0),(53,53,'23','SS','Jardinería mes de Febrero','2009-02-11','23',1,1,15,122,'17480',57,'Normal',0,0,0),(54,54,'1','Via','Eliseo traslada al director a Tapachula','2009-02-11','1',2,4,31,183,'1600',69,'Normal',0,0,0),(55,55,'1','Via','Ing. Tomas a Tapachula','2009-02-11','1',2,4,31,183,'2500',69,'Normal',0,0,0),(56,56,'1','Comb.','combustible a tapachula traslada a ing. T','2009-02-11','1',2,4,31,183,'2025',29,'Normal',0,0,0),(57,57,'1','Ofic.','casetas a tapachula lleva al ing. Tomas','2009-02-11','1',2,4,31,183,'100',49,'Normal',0,0,0),(58,58,'4','Via','Ing. Miguel asiste a tec de Tapachula','2009-02-11','4',4,12,42,200,'2500',69,'Normal',0,0,0),(59,59,'23','Via','Ing. Urbano asiste a Tec de Tapachula','2009-02-11','23',3,9,26,123,'2000',69,'Normal',0,0,0),(60,60,'4','SS','Pago de factura No.34288 por reunion de t','2009-02-13','4',3,7,38,199,'186',13,'Normal',0,0,0),(61,61,'4','Req.','toner p/impresora 1320','2009-02-13','4',4,12,42,200,'1189',12,'Normal',0,0,0),(62,62,'21','SS','curso de cap. sobre conmutador','2009-02-13','21',4,12,42,153,'4600',38,'Normal',0,0,0),(63,63,'6','Comb.','asistir a una firma de convenio int. en i','2009-02-13','6',2,4,31,175,'2666.67',29,'Normal',0,0,0),(64,64,'25','Req.','Mat. electrico p/ lab de bioquimica','2009-02-13','25',1,1,1,100,'7118.50',23,'Normal',0,0,0),(65,65,'25','Req.','canaletas, cable telefonico y lampara','2009-02-13','25',1,1,1,100,'4593.10',23,'Normal',0,0,0),(66,66,'6','Ofic.','GT-10ING (Pago a Emma)','2009-02-13','6',1,1,28,171,'12000',7,'Normal',0,0,0),(69,68,'3','Req.',' PARA RESPALDO DE DOCUMENTOS DE LA SUBDIR','2009-02-17','3',4,11,7,205,'747',12,'Normal',2,0,0),(70,69,'21','Pas/Aero','recoger nomina 4','2009-02-17','21',3,7,38,152,'3000',67,'Normal',0,0,0),(71,70,'21','Via','1600','2009-02-17','21',3,7,38,152,'',69,'Normal',0,0,0),(72,71,'6','Via','viaticos p/ Betty a toluca al seminario d','2009-02-17','6',2,4,31,175,'2000',69,'Normal',0,0,0),(73,72,'6','Pas/Aero','pasajes p/Betty a Toluca asiste a sem de','2009-02-17','6',2,4,31,175,'3000',67,'Normal',0,0,0),(74,73,'6','Ofic.','pago de seminario retos y oprtunidades','2009-02-17','6',2,4,31,175,'1000',49,'Normal',0,0,0),(78,77,'7','SS','BANDAS Y ESCOLTAS (Tazas conmemorativas)','2009-02-18','7',3,9,26,211,'2875',59,'Normal',0,0,0),(79,76,'7','SS',' BANDAS Y ESCOLTAS (Boletos impresos)','2009-02-18','7',3,9,26,211,' 1725',59,'Normal',0,0,0),(80,74,'7','SS','BANDAS Y ESCOLTAS (imp. de lonas)','2009-02-18','7',3,9,26,211,'9501.30',59,'Normal',0,0,0),(81,75,'7','SS','BANDAS Y ESCOLTAS (Invitaciones con logo)','2009-02-18','7',3,9,26,211,'3105',59,'Normal',0,0,0),(82,78,'5','Req.',' INTEGRAR Y ENTREGAR EN TIEMPO Y FORMA LO','2009-02-18','5',3,7,38,148,'5780.01',12,'Normal',3,0,0),(83,79,'2','Ofic.','Hospedaje y alimentacion de guillermo, iv','2009-02-18','2',1,1,15,162,'10000',86,'Normal',0,0,0),(84,80,'6','Req.','ANUIES INGLES (SILLAS DE PALETA ACOJINADA','2009-02-18','6',1,1,28,171,'81435',71,'Normal',0,0,0),(85,81,'3','Via','Dr. Hector a Dgest entregar PIFIT','2009-02-18','3',4,11,7,204,'1000',69,'Normal',0,0,0),(86,82,'3','Pas/Aero','Dr. Hector a Dgest entregar PIFIT','2009-02-18','3',4,11,7,204,'3000',67,'Normal',0,0,0),(87,83,'6','Via','Dr. Daniel a decima asamblea nac.','2009-02-18','6',2,4,31,175,'1500',69,'Normal',0,0,0),(88,84,'6','Pas/Aero','Dr. Daniel a decima asamblea nac.','2009-02-18','6',2,4,31,175,'3000',67,'Normal',0,0,0),(89,85,'8','Req.','bandas y escoltas','2009-02-18','8',3,9,26,163,'45',8,'Normal',0,0,0),(90,86,'8','Req.','bandas y escoltas','2009-02-18','8',3,9,26,163,'4910.31',26,'Normal',0,0,0),(91,87,'8','Req.',' bandas y escoltas','2009-02-18','8',3,9,26,163,'12539.07',26,'Normal',0,0,0),(92,88,'8','Req.',' bandas y escoltas','2009-02-18','8',3,9,26,163,'2649.80',27,'Normal',0,0,0),(93,89,'8','Req.','bandas y escoltas','2009-02-18','8',3,9,26,163,'2700',13,'Normal',0,0,0),(94,90,'8','Req.','bandas y escoltas','2009-02-18','8',3,9,26,163,'900',94,'Normal',0,0,0),(95,91,'3','Ofic.','PROFORDEMS (Pago a Raquel camacho)','2009-02-19','3',2,4,31,196,'10000',7,'Normal',0,0,0),(96,92,'3','Ofic.','PROFORDEMS (Pago a Roberto Carlos)','2009-02-19','3',2,4,31,196,'10000',7,'Normal',0,0,0),(97,93,'12','Via','mas cafe comitan. mc aida cossio','2009-02-19','12',1,3,12,91,'400',69,'Normal',0,0,0),(98,94,'12','Comb.','mas cafe comitan. mc aida cossio','2009-02-19','12',1,3,12,91,'648',29,'Normal',0,0,0),(99,95,'12','Via','mas cafe comitan. mc ma. delina','2009-02-19','12',1,3,12,91,'400',69,'Normal',0,0,0),(100,96,'8','Comb.','bandas y escoltas','2009-02-19','8',3,9,26,163,'2765',29,'Normal',0,0,0),(101,97,'8','Ofic.','  bandas y escoltas','2009-02-19','8',3,9,26,163,' 32500',85,'Normal',0,0,0),(102,98,'3','Ofic.','PROFORDEMS (Pago a Adriana Gonzalez)','2009-02-19','3',2,4,31,196,'10000',7,'Normal',0,0,0),(103,99,'3','Ofic.','PROFORDEMS (Pago a Marco Gutierrez)','2009-02-19','3',2,4,31,196,'10000',7,'Normal',0,0,0),(104,100,'3','Ofic.','PROFORDEMS (Pago a Julio Moreno)','2009-02-19','3',2,4,31,196,'10000',7,'Normal',0,0,0),(105,101,'3','Ofic.','PROFORDEMS (Pago a Patricia Sánchez)','2009-02-19','3',2,4,31,196,'10000',7,'Normal',0,0,0),(106,102,'3','Ofic.','PROFORDEMS (Pago a MIguel A. Vázquez)','2009-02-19','3',2,4,31,196,'10000',7,'Normal',0,0,0),(107,103,'3','Ofic.','PROFORDEMS (Pago a Juan Jose Toledo)','2009-02-19','3',3,7,37,45,'10000',102,'Normal',0,0,0),(108,104,'3','Ofic.','PROFORDEMS (Pago a Sofia Moreno)','2009-02-19','3',3,7,37,45,'10000',102,'Normal',0,0,0),(109,105,'23','Req.','Vales de gasolina','2009-02-19','23',3,9,26,123,'30000',29,'Normal',0,0,0),(110,106,'23','SS',' suministro, fab y coloc. de cancel de al','2009-02-19','23',1,1,1,121,' 6900',56,'Normal',0,0,0),(111,107,'23','SS','Vigilancia mes de febrero','2009-02-19','23',1,1,15,122,'65568.94',51,'Normal',0,0,0),(112,108,'23','SS','4 pipas de agua de 10,000 litros','2009-02-19','23',1,1,15,122,'1600',41,'Normal',0,0,0),(113,109,'8','Req.','bandas y escoltas','2009-02-19','8',3,9,26,163,'920',64,'Normal',0,0,0),(114,110,'8','Req.','bandas y escoltas','2009-02-19','8',3,9,26,163,'4925',8,'Normal',0,0,0),(115,111,'23','SS','Agua potable mes de Enero y Febrero','2009-02-19','23',1,1,15,122,'50381',41,'Normal',0,0,0),(116,112,'8','Req.','bandas y escoltas','2009-02-19','8',3,9,26,163,'2609',12,'Normal',0,0,0),(117,113,'23','SS','Higiene en div. superficies, del 27 al 31','2009-02-19','23',1,1,15,122,'1375.63',57,'Normal',0,0,0),(118,114,'12','Req.','IMPRESORA LASER HEWLETT PACKADR','2009-02-19','12',1,1,19,99,'5700',79,'Normal',0,0,0),(119,115,'23','SS','Higiene en div. superficies, del mes de f','2009-02-19','23',1,1,15,122,'47848.05',57,'Normal',0,0,0),(120,116,'23','SS','cambio de tensores de unidad F11','2009-02-19','23',3,9,26,123,'920',58,'Normal',0,0,0),(121,117,'7','SS','BANDAS (Lonas p/bienvenida, promocion)','2009-02-19','7',3,9,26,211,'15679.10',59,'Normal',0,0,0),(122,118,'17','Req.','Blusas y camisas','2009-02-19','17',1,1,27,96,'2765.60',32,'Normal',0,0,0),(123,119,'8','Req.','bandas y escoltas','2009-02-20','8',3,9,26,163,'1122.84',8,'Normal',0,0,0),(124,120,'8','Req.','bandas y escoltas','2009-02-20','8',3,9,26,163,'6800',12,'Normal',0,0,0),(125,121,'8','Req.','bandas y escoltas','2009-02-20','8',3,9,26,163,'784',13,'Normal',0,0,0),(126,122,'8','SS','bandas y escoltas','2009-02-20','8',3,9,26,163,'1507.31',35,'Normal',0,0,0),(127,123,'2','Ofic.','BANDAS Y ESCOLTAS (Alimentos p/alumnos de','2009-02-20','2',3,9,26,210,'  2000',85,'Normal',0,0,0),(128,124,'8','SS',' BANDAS Y ESCOLTAS (Alimentos p/ reunion)','2009-02-20','8',3,9,26,163,' 9200',13,'Normal',0,0,0),(132,128,'4','SS','pago de telefon','2009-02-20','4',4,12,42,200,'9869',37,'Normal',0,0,0),(133,129,'7','Req.','renta de radios','2009-02-20','7',3,9,26,211,'20700.00',104,'Normal',0,0,0),(134,130,'3','Ofic.','PROFORDEMS (Pago a Clara Luz 7-22 enero)','2009-02-21','3',2,4,31,196,'1500',7,'Normal',0,0,0),(135,131,'3','Ofic.','PROFORDEMS (Pago a roberto carlos 7-22 en','2009-02-21','3',2,4,31,196,'7000',7,'Normal',0,0,0),(136,132,'3','Ofic.','PROFORDEMS (Pago a Roberto Meneses 7-22 e','2009-02-21','3',2,4,31,196,'4000',7,'Normal',0,0,0),(137,133,'3','Ofic.',' PROFORDEMS (Pago a Roberto Cifuentes 7-2','2009-02-21','3',2,4,31,196,'  4000',7,'Normal',0,0,0),(138,134,'8','Req.','BOTELLAS DE AGUA BANDAS','2009-02-21','8',3,9,26,163,'52500',13,'Normal',0,0,0),(139,135,'8','Req.','PLAYERAS, EVENTO BANDAS','2009-02-21','8',3,9,26,163,'3200.00',32,'Normal',0,0,0),(140,136,'8','SS','BANDAS Y ESCOLTAS (serv. de alimentos)','2009-02-23','8',3,9,26,163,'10000',13,'Normal',0,0,0),(141,137,'8','SS','BANDAS Y ESCOLTAS (impresion de tasas con','2009-02-23','8',3,9,26,163,'4500',59,'Normal',0,0,0),(142,138,'7','SS','Lonas front. y parches corte al ras','2009-02-23','7',3,9,26,211,'1518',59,'Normal',0,0,0),(143,139,'8','Req.','BANDAS Y ESCOLTAS (vasos y servilletas)','2009-02-23','8',3,9,26,163,'122.50',8,'Normal',0,0,0),(144,140,'8','Req.','galletas y azucar','2009-02-23','8',3,9,26,163,'296',13,'Normal',0,0,0),(145,141,'8','Req.',' PARA EL EVENTO DE BANDAS Y ESCOLTAS','2009-02-24','8',3,9,26,212,'690',8,'Normal',7,0,0),(146,142,'8','Req.',' PARA EL EVENTO DE BANDAS Y ESCOLTAS','2009-02-24','8',3,9,26,212,'2065.29',12,'Normal',8,0,0),(147,143,'8','Req.','galletas surtido rico','2009-02-26','8',3,9,26,163,'272',13,'Normal',0,0,0),(148,144,'8','Req.','calibrador para ajuste de tambores','2009-02-26','8',3,9,26,163,'8625',15,'Normal',0,0,0),(149,145,'3','- Selecciona','duplicados de 8 juegos de llaves p/ viole','2009-02-26','3',1,3,12,43,'124.20',56,'Normal',0,0,0),(150,146,'9','Via','Lic. isabel a san cris asiste IX reu, nac','2009-02-26','9',1,1,3,124,'5000',69,'Normal',0,0,0),(151,147,'9','Via','Lleni a mexico asiste a entrega de expedi','2009-02-26','9',1,1,3,124,'2400',69,'Normal',0,0,0),(152,148,'9','Via','Veronica asiste a entrega de expedientes','2009-02-26','9',1,1,3,124,'2400',69,'Normal',0,0,0),(153,149,'9','- Selecciona','Veronica asiste a entrega de expedientes','2009-02-26','9',1,1,3,124,'3000',67,'Normal',0,0,0),(154,150,'9','Pas/Aero','Lleni a mexico asiste a entrega de expedi','2009-02-26','9',1,1,3,124,'3000',67,'Normal',0,0,0),(155,151,'20','Via','Dr, Rafel Mota a mexico entrega proyectos','2009-02-26','20',1,2,8,132,'400',69,'Normal',0,0,0),(156,152,'20','Pas/Aero','Dr, Rafel Mota a mexico entrega proyectos','2009-02-26','20',1,2,8,132,'3000',67,'Normal',0,0,0),(157,153,'18','Via','psic. adriana asiste a reunion inf. del C','2009-02-26','18',1,1,13,115,'2000',69,'Normal',0,0,0),(158,154,'18','Pas/Aero','psic. adriana asiste a reunion inf. del C','2009-02-26','18',1,1,13,115,'3000',67,'Normal',0,0,0),(159,155,'3','Req.',' IMPRESION Y RESPALDO DE INFORMACION PROY','2009-02-26','3',3,7,37,45,'7013.4',12,'Normal',9,0,0),(160,156,'3','Req.',' PROYECTO PROFORDEMS','2009-02-26','3',3,7,37,45,'33925',8,'Normal',10,0,0),(161,157,'3','Req.',' PROYECTO PROFORDEMS.','2009-02-26','3',3,7,37,45,'10692.44',8,'Normal',11,0,0),(162,158,'3','Req.',' PROYECTO PROFORDEMS.','2009-02-26','3',3,7,37,45,'2691',8,'Normal',12,0,0),(163,159,'3','Via','C.p dalila asiste a reunion a nuevo leon','2009-02-26','3',4,11,7,204,'1600',69,'Normal',0,0,0),(164,160,'3','Pas/Aero','C.p dalila asiste a reunion a nuevo leon','2009-02-26','3',4,11,7,204,'6000',67,'Normal',0,0,0),(165,161,'25','SS','mantto. al aire en edif. \"z\"','2009-02-26','25',1,1,1,100,'13857.50',53,'Normal',0,0,0),(166,162,'25','SS','mantto. de aire en edif. \"i\"','2009-02-26','25',1,1,1,100,'7175.90',53,'Normal',0,0,0),(167,163,'25','SS','mantto. de aire en biblioteca','2009-02-26','25',1,1,1,100,'8561.98',53,'Normal',0,0,0),(168,164,'8','SS','BANDAS Y ESCOLTAS (gorras bordadas)','2009-02-27','8',3,9,26,163,'6641.25',32,'Normal',0,0,0),(169,165,'7','Req.','thoner HP negro y de color','2009-02-27','7',3,9,26,211,'37660',12,'Normal',0,0,0),(170,166,'7','Req.','sobres amarillos, transaparentes, lapicer','2009-02-27','7',3,9,26,211,'2738',8,'Normal',0,0,0),(171,167,'3','Comb.','PROFORDEMS (Combustible P7roberto carlos','2009-02-27','3',3,7,37,45,'1950',29,'Normal',0,0,0),(172,168,'3','Via','PROFORDEMS (viaticos P/roberto carlos a t','2009-02-27','3',3,7,37,45,'1000',69,'Normal',0,0,0),(173,169,'3','Via','PROFORDEMS (viaticos P/roberto meneses a','2009-02-27','3',3,7,37,45,'400',69,'Normal',0,0,0),(174,170,'3','Comb.','PROFORDEMS (Combustible P/roberto meneses','2009-02-27','3',3,7,37,45,'550',29,'Normal',0,0,0),(175,171,'8','Req.','bandas y escoltas','2009-03-02','8',3,9,26,163,'6065.34',26,'Normal',0,0,0),(176,172,'8','Req.','bandas y escoltas','2009-03-02','8',3,9,26,163,'333.97',27,'Normal',0,0,0),(177,173,'8','Req.','bandas y escoltas','2009-03-02','8',3,9,26,163,'140',27,'Normal',0,0,0),(178,174,'6','Req.','alimentos 2° reunion extraordinaria del s','2009-03-03','6',2,4,29,170,'960',13,'Normal',0,0,0),(179,175,'8','SS','bandas y escoltas','2009-03-03','8',3,9,26,163,'1725',32,'Normal',0,0,0),(180,176,'8','SS','bandas y escoltas gorras','2009-03-03','8',3,9,26,163,'6641.25',32,'Normal',0,0,0),(181,177,'7','Via','bandas y escoltas marco a jiquipilas','2009-03-03','7',3,9,26,211,'400',69,'Normal',0,0,0),(182,178,'7','Via','bandas y escoltas matuz ixtapa','2009-03-03','7',3,9,26,211,'400',69,'Normal',0,0,0),(183,179,'7','Via',' bandas y escoltas matuz cintalapa','2009-03-03','7',3,9,26,211,' 400',69,'Cancelado',0,0,0),(184,180,'7','Via','bandas y escoltas estrella a villaflores','2009-03-03','7',3,9,26,211,'400',69,'Normal',0,0,0),(185,181,'3','Ofic.','profordems clara luz','2009-03-03','3',2,4,31,196,'1500',7,'Normal',0,0,0),(186,182,'3','Ofic.','profordems elo','2009-03-03','3',2,4,31,196,'1100',7,'Normal',0,0,0),(187,183,'3','- Selecciona','profordems','2009-03-03','3',2,4,31,196,'4000',7,'Normal',0,0,0),(188,184,'3','Ofic.','profordems cifuentes','2009-03-03','3',2,4,31,196,'4000',7,'Normal',0,0,0),(189,185,'3','Ofic.','profordems marco antonio','2009-03-03','3',2,4,31,196,'10000',7,'Normal',0,0,0),(190,186,'3','Ofic.','profordems maricarmen','2009-03-03','3',2,4,31,196,'2100',7,'Normal',0,0,0),(191,187,'3','Ofic.','profordems roberto carlos','2009-03-03','3',2,4,31,196,'7000',7,'Normal',0,0,0),(192,188,'3','Ofic.',' profordems pedro tomas','2009-03-03','3',2,4,31,196,' 10000',7,'Normal',0,0,0),(193,189,'3','Ofic.',' PROFORDEMS (PAGO A ILDEBERTO 16 AL 28 DE','2009-03-03','3',2,4,31,196,' 10000',7,'Normal',0,0,0),(194,190,'3','Ofic.','profordems ing. sarmiento','2009-03-03','3',2,4,31,196,'10000',7,'Normal',0,0,0),(195,191,'3','Ofic.','profordems atanacio','2009-03-03','3',2,4,31,196,'10000',7,'Normal',0,0,0),(196,192,'3','Ofic.','profordems rene than','2009-03-03','3',2,4,31,196,'10000',7,'Normal',0,0,0),(197,193,'3','Ofic.','profordems maria delina','2009-03-03','3',2,4,31,196,'10000',7,'Normal',0,0,0),(198,194,'3','Ofic.','profordems jose luis mendez','2009-03-03','3',2,4,31,196,'10000',7,'Normal',0,0,0),(199,195,'3','Ofic.','profordems hernan valencia','2009-03-03','3',2,4,31,196,'10000',7,'Normal',0,0,0),(200,196,'3','Ofic.','profordems elo','2009-03-03','3',2,4,31,196,'1100',7,'Normal',0,0,0),(201,197,'3','Ofic.','profordems clara luz','2009-03-03','3',2,4,31,196,'1500',7,'Normal',0,0,0),(202,198,'3','Ofic.','profordems roberto carlos','2009-03-03','3',2,4,31,196,'7000',7,'Normal',0,0,0),(203,199,'3','Ofic.','profordems cifuentes','2009-03-03','3',2,4,31,196,'4000',7,'Normal',0,0,0),(204,200,'3','Ofic.','profordems roberto meneses','2009-03-03','3',2,4,31,196,'4000',7,'Normal',0,0,0),(205,201,'3','Ofic.','profordems maricarmen','2009-03-03','3',2,4,31,196,'2100',7,'Normal',0,0,0),(206,202,'3','Ofic.','profordems gladis','2009-03-03','3',2,4,31,196,'1650',7,'Normal',0,0,0),(207,203,'3','Ofic.','profordems juan jose toledo','2009-03-03','3',3,7,37,45,'10000',102,'Normal',0,0,0),(208,204,'3','Pas/Urba','dr. hector de leon','2009-03-03','3',3,7,37,45,'413',67,'Normal',0,0,0),(210,206,'6','Ofic.','GTING-2','2009-03-03','6',1,1,28,171,'10625',7,'Normal',0,0,0),(211,207,'6','Ofic.','GTING-2 ELIN','2009-03-03','6',1,1,28,171,'7424.84',102,'Normal',0,0,0),(212,208,'6','Ofic.','GTING-2 EDUARDO ORTEGA','2009-03-03','6',1,1,28,171,'12374.72',102,'Normal',0,0,0),(213,209,'6','Ofic.','GTING-2 ADIANA ISABEL','2009-03-03','6',1,1,28,171,'12374.72',102,'Normal',0,0,0),(214,210,'6','Ofic.','GTING-2 KARLA AZUCENA','2009-03-03','6',1,1,28,171,'2474.95',102,'Normal',0,0,0),(215,211,'6','Ofic.','GTING-2 SUSANA','2009-03-03','6',1,1,28,171,'4949.89',102,'Normal',0,0,0),(216,212,'6','Ofic.','GTING-2 LAURA ALICIA','2009-03-03','6',1,1,28,171,'7424.28',102,'Normal',0,0,0),(217,213,'6','Ofic.','GTING-2 ROCIO','2009-03-03','6',1,1,28,171,'7424.84',102,'Normal',0,0,0),(218,214,'6','Ofic.','GTING-2 JUAN GABRIEL','2009-03-03','6',1,1,28,171,'7424.84',102,'Normal',0,0,0),(219,215,'6','Ofic.','GTING-2 ADRIAN CASTAÑON','2009-03-03','6',1,1,28,171,'4949.89',102,'Normal',0,0,0),(220,216,'6','Ofic.','GTING-2 VALERY','2009-03-03','6',1,1,28,171,'7424.84',102,'Normal',0,0,0),(221,217,'16','Req.','thoner','2009-03-03','16',1,1,15,34,'2970',12,'Normal',0,0,0),(222,218,'16','Req.','material de oficina','2009-03-03','16',1,1,19,36,'780',8,'Normal',0,0,0),(223,219,'16','Req.','materia para laboratorio','2009-03-03','16',1,1,19,36,'550',27,'Normal',0,0,0),(224,220,'16','Req.','thinner','2009-03-03','16',1,1,19,36,'90',90,'Normal',0,0,0),(225,221,'16','Req.','materia para laboratorio','2009-03-03','16',1,1,19,36,'475',15,'Normal',0,0,0),(226,222,'16','- Selecciona','pintura','2009-03-03','16',1,1,19,36,'240',20,'Normal',0,0,0),(227,223,'16','Req.','batas blancas','2009-03-03','16',1,1,19,36,'440',32,'Normal',0,0,0),(228,224,'12','Req.','pan y cafe','2009-03-03','12',1,1,15,84,'240',13,'Normal',0,0,0),(229,225,'7','SS','elaboracion de vinil (parches)','2009-03-04','7',3,7,38,53,'351',59,'Normal',0,0,0),(230,226,'7','SS','suscripcion a periodico','2009-03-04','7',3,7,38,53,'1600',88,'Normal',0,0,0),(231,227,'25','Req.',' PARA UTILIZACION EN DIV, EDIFICIOS','2009-03-04','25',1,1,1,101,'339.96',23,'Normal',21,0,0),(232,228,'14','Req.',' DISEL PARA PLANTAS PILOTOS','2009-03-04','14',1,1,19,50,'754',29,'Normal',16,0,0),(233,229,'2','SS',' PAGO DE HOSPEDAJE DE ALUMNOS PARA EL ENC','2009-03-04','2',3,9,26,210,'64000.00',85,'Normal',0,3,0),(234,230,'2','SS',' CONSUMO DE ALIMENTOS POR CONCEPTO DE REU','2009-03-03','2',1,1,15,162,'492.00',13,'Normal',0,2,0),(235,231,'1','Req.',' PARA IMPREMIR DOCUMENTOS DE LA DIRECCION','2009-03-04','1',2,4,31,183,'6303.9',12,'Normal',22,0,0),(236,232,'8','Req.','bandas y escoltas dulces','2009-03-04','8',3,9,26,163,'1755',13,'Normal',0,0,0),(237,233,'8','Req.','bandas y escoltas bolsas','2009-03-04','8',3,9,26,163,'27.50',8,'Normal',0,0,0),(238,234,'8','Req.','bandas y escoltas dulces','2009-03-04','8',3,9,26,163,'3900',13,'Normal',0,0,0),(239,235,'8','Req.','bandas y escoltas laboratoriales','2009-03-04','8',3,9,26,163,'200',52,'Normal',0,0,0),(240,236,'14','Via','asistencia a reunion nacional de estudian','2009-03-04','14',2,4,30,52,'4000',69,'Normal',0,0,0),(241,237,'16','Via','realizar estancia en leon guanajuato rafa','2009-03-04','16',1,3,12,35,'4000',69,'Normal',0,0,0),(242,238,'16','Via','realizar estancia en leon guanajuato alva','2009-03-04','16',1,3,12,35,'4000',69,'Normal',0,0,0),(243,239,'13','Comb.','asistir a viaje de practicas a hidroelect','2009-03-04','13',1,1,19,26,'568',29,'Normal',0,0,0),(244,240,'13','Via',' asistir a viaje de practicas a hidroelec','2009-03-04','13',2,4,30,29,' 400',69,'Cancelado',0,0,0),(245,241,'7','SS','BANDAS Y ESCOLTAS (vIDEOFILMACION DIGITAL','2009-03-04','7',3,9,26,211,'9200',94,'Normal',0,0,0),(246,242,'3','Via','Rosas a guanajuato traslado al centro de','2009-03-04','3',4,11,7,204,'4000',69,'Normal',0,0,0),(247,243,'3','Via','Julio Cesar a guanajuato traslado al cent','2009-03-04','3',4,11,7,204,'4000',69,'Normal',0,0,0),(248,244,'7','Pas/Urba','nora traslado para canal 10','2009-03-04','7',3,9,26,211,'150',67,'Normal',0,0,0),(249,245,'7','Via','nora traslado para berriozabal','2009-03-04','7',3,9,26,211,'400',69,'Normal',0,0,0),(250,246,'16','Comb.','estancia tecnica en leon guanajuato ing.','2009-03-05','16',1,1,19,36,'7851.20',29,'Normal',0,0,0),(251,247,'16','Ofic.','casetas a leon gto. ing. alvaro sol','2009-03-05','16',1,3,12,35,'5000',49,'Normal',0,0,0),(252,248,'1','Req.',' PARA ATENCION DE PERSONAS EN LA DIRECCIO','2009-03-05','1',2,4,31,183,'1440',13,'Normal',23,0,0),(253,249,'20','Req.',' SE UTILIZARA EN EL PROYECTO: PROTOTIPO A','2009-03-05','20',1,2,36,145,'14325',90,'Normal',25,0,0),(254,250,'2','SS',' PAGO DE HOSPEDAJE DE ALUMNOS PARA EL ENC','2009-03-04','2',3,9,26,210,'277407.00',85,'Normal',0,5,0),(255,251,'2','SS',' HOSPEDAJE DE ALUMNOS PARA EL ENCUENTRO D','2009-03-04','2',3,9,26,210,'6840.00',85,'Normal',0,6,0),(256,252,'2','SS',' PAGO DE HOSPEDAJE PARA ALUMNOS PARA EL E','2009-03-04','2',3,9,26,210,'251850.00',85,'Normal',0,7,0),(257,253,'2','SS',' PAGO DE HOSPEDAJE DE ALUMNOS PARA EL ENC','2009-03-04','2',3,9,26,210,'142340.00',85,'Normal',0,8,0),(258,254,'2','SS',' PAGO DE HOSPEDAJE DE ALUMNOS PARA EL ENC','2009-03-04','2',3,9,26,210,'136790.00',85,'Normal',0,9,0),(259,255,'2','SS',' PAGO DE HOSPEDAJE DE ALUMNOS PARA EL ENC','2009-03-04','2',3,9,26,210,'51268.00',85,'Normal',0,10,0),(260,256,'2','SS',' PAGO DE HOSPEDAJE DE ALUM NOS PARA EL EN','2009-03-04','2',3,9,26,210,'208517.40',85,'Normal',0,11,0),(261,257,'2','SS',' PAGO DE HOSPEDAJE DE ALUMNOS PARA EL ENC','2009-03-04','2',3,9,26,210,'44471.00',85,'Normal',0,12,0),(262,258,'2','SS',' PAGO DE HOSPEDAJE DE ALUMNOS PARA EL ENC','2009-03-05','2',3,9,26,210,'265107.00',85,'Normal',0,13,0),(263,259,'7','SS','BANDAS Y ESCOLTAS (Publicacion en 4 plana','2009-03-05','7',3,9,26,211,' 14950.5',60,'Normal',0,0,0),(264,260,'8','Via','traslado de alumnos de fut...julio cesar','2009-03-05','8',3,9,26,163,'400',69,'Normal',0,0,0),(265,261,'13','Via','Julio Cesar preactica a san juan de rio','2009-03-05','13',2,4,30,29,'400',69,'Normal',0,0,0),(266,262,'14','Via','reunion nacional de estudiantes en coatza','2009-03-05','14',2,4,30,52,'4000',69,'Normal',0,0,0),(267,263,'8','Req.','BANDAS Y ESCOLTAS (BASTON PINO FINGERJOIN','2009-03-05','8',3,9,26,163,'443',20,'Normal',0,0,0),(268,264,'5','Req.',' hoJAS T/C','2009-03-05','5',3,7,38,148,' 650',8,'Normal',31,0,0),(269,265,'7','SS','BANDAS Y ESCOLTAS (imp. de lonas terminad','2009-03-05','7',3,9,26,211,'3458',59,'Normal',0,0,0),(270,266,'7','SS','BANDAS Y ESCOLTAS (Tv azteca promocionale','2009-03-05','7',3,9,26,211,'18395',60,'Normal',0,0,0),(271,267,'7','SS','BANDAS Y ESCOLTAS (publicidad pantalla gr','2009-03-05','7',3,9,26,211,'8625',60,'Normal',0,0,0),(272,125,'7','Req.','BANDAS Y ESCOLTAS (astas de madera para h','2009-03-05','7',3,9,26,211,'1573',20,'Normal',0,0,0),(273,127,'7','SS','BANDAS Y ESCOLTAS (lona para presidium)','2009-03-05','7',3,9,26,211,'5175',59,'Normal',0,0,0),(274,67,'7','SS','BANDAS Y ESCOLTAS (pago de convocatorias','2009-03-05','7',3,7,38,53,'1080',60,'Normal',0,0,0),(275,126,'7','SS','BANDAS Y ESCOLTAS (spotas publicidad por','2009-03-05','7',3,9,26,211,'5175',60,'Normal',0,0,0),(276,268,'8','Req.','BANDAS Y ESCOLTAS (serv. de alimentos)','2009-03-05','8',3,9,26,163,'1923',13,'Normal',0,0,0),(277,269,'8','Req.','BANDAS Y ESCOLTAS (serv. de alimentos)','2009-03-05','8',3,9,26,163,'3510',13,'Normal',0,0,0),(278,270,'8','Comb.','  combustible   seleccion de fut a laguna','2009-03-06','8',3,9,26,163,' 2000',29,'Cancelado',0,0,0),(279,271,'3','Ofic.','PROFORDEMS (Pago a sofia 22 dic al 16 ene','2009-03-06','3',3,7,37,45,'10000',102,'Normal',0,0,0),(280,272,'3','Ofic.','PROFORDEMS (Pago a Patricia 22 dic al 16','2009-03-06','3',2,4,31,196,'10000',7,'Normal',0,0,0),(281,273,'3','Ofic.','PROFORDEMS (Pago a Miguel arturo 22 dic a','2009-03-06','3',2,4,31,196,'10000',7,'Normal',0,0,0),(282,274,'3','Ofic.','PROFORDEMS (Pago a julio moreno 22 dic al','2009-03-06','3',2,4,31,196,'10000',7,'Normal',0,0,0),(283,275,'3','Ofic.','PROFORDEMS (Pago a Marco gutierrez 22 dic','2009-03-06','3',2,4,31,196,'10000',7,'Normal',0,0,0),(284,276,'3','Ofic.','PROFORDEMS (Pago a Juan Jose t. 22 dic al','2009-03-06','3',3,7,37,45,'10000',102,'Normal',0,0,0),(285,277,'3','Ofic.','PROFORDEMS (Pago a Adriana 22 dic al 16 e','2009-03-06','3',2,4,31,196,'10000',7,'Normal',0,0,0),(286,278,'3','Ofic.','PROFORDEMS (Pago a Roberto carlos 22 dic','2009-03-06','3',2,4,31,196,'10000',7,'Normal',0,0,0),(287,279,'3','Ofic.','PROFORDEMS (Pago a Raquel camacho 22 dic','2009-03-06','3',2,4,31,196,'10000',7,'Normal',0,0,0),(288,280,'3','Ofic.','PROFORDEMS (Pago a Gladis 07 al 22 Enero)','2009-03-06','3',2,4,31,196,'1950',7,'Normal',0,0,0),(289,281,'3','Ofic.','PROFORDEMS (Pago a ma. carmen 07 al 22 en','2009-03-06','3',2,4,31,196,'2100',7,'Normal',0,0,0),(290,282,'3','Ofic.','PROFORDEMS (Pago a Eloisa 07 al 22 enero)','2009-03-06','3',2,4,31,196,'1100',7,'Normal',0,0,0),(291,283,'3','Ofic.','PROFORDEMS (Pago a sofia 17 al 30 enero)','2009-03-06','3',3,7,37,45,'10000',102,'Normal',0,0,0),(292,284,'3','Ofic.','PROFORDEMS (Pago a juan jose 17 al 30 ene','2009-03-06','3',3,7,37,45,'10000',102,'Normal',0,0,0),(293,285,'3','Ofic.','PROFORDEMS (Pago a Raquel 17 al 30 enero)','2009-03-06','3',2,4,31,196,'10000',7,'Normal',0,0,0),(294,286,'3','Ofic.','PROFORDEMS (Pago a Roberto carlos 17 al 3','2009-03-06','3',2,4,31,196,'10000',7,'Normal',0,0,0),(295,287,'3','Ofic.','PROFORDEMS (Pago a adriana 17 al 30 de en','2009-03-06','3',2,4,31,196,'10000',7,'Normal',0,0,0),(296,288,'3','Ofic.','PROFORDEMS (Pago a Marco gutierrez 17 al','2009-03-06','3',2,4,31,196,'10000',7,'Normal',0,0,0),(297,289,'3','Ofic.','PROFORDEMS (Pago a julio moreno 17 al 30','2009-03-06','3',2,4,31,196,'10000',7,'Normal',0,0,0),(298,290,'3','Ofic.','PROFORDEMS (Pago a Patricia iturbe 17 al','2009-03-06','3',2,4,31,196,'10000',7,'Normal',0,0,0),(299,291,'3','Ofic.','PROFORDEMS (Pago a Miguel arturo 17 al 30','2009-03-06','3',2,4,31,196,'10000',7,'Normal',0,0,0),(300,292,'21','Via','nomina 5° quincena','2009-03-06','21',3,7,38,152,'1600',69,'Normal',0,0,0),(301,293,'21','Pas/Aero','nomina 5° quincena','2009-03-06','21',3,7,38,152,'3000',67,'Normal',0,0,0),(302,294,'23','Req.','paño de lana azul rey','2009-03-09','23',1,1,15,122,'2700',32,'Normal',0,0,0),(303,295,'23','SS','pago de seguro de tornado mod. 2006','2009-03-09','23',1,1,15,122,'5912.35',46,'Normal',0,0,0),(304,296,'1','Via','Eliseo traslada al director a San Cris','2009-03-09','1',2,4,31,183,'800',69,'Normal',0,0,0),(305,297,'1','Via','Eliseo traslada al director a San Cris 28','2009-03-09','1',2,4,31,183,'400',69,'Normal',0,0,0),(306,298,'1','Via','Ing tomas se traslada DGEST','2009-03-09','1',2,4,31,183,'1250',69,'Normal',0,0,0),(307,299,'1','Pas/Aero','Ing tomas se traslada DGEST','2009-03-09','1',2,4,31,183,'3000',67,'Normal',0,0,0),(308,300,'1','Via','Ing tomas se traslada DGEST 6 de marzo','2009-03-09','1',2,4,31,183,'1250',69,'Normal',0,0,0),(309,301,'1','Pas/Aero','Ing tomas se traslada DGEST 6 de marzo','2009-03-09','1',2,4,31,183,'3000',67,'Normal',0,0,0),(310,302,'2','Ofic.',' CASETAS A SAN CRIS (GABY)','2009-03-09','2',2,4,31,161,' 76',49,'Normal',0,0,0),(311,303,'21','Req.',' PARA UTILIZARSE EN ARCHIVO DE DOCUMENTOS','2009-03-09','21',4,12,42,154,'2145',8,'Normal',32,0,0),(312,304,'1','Req.',' PARA ATENCION DE PERSONAS EN LA DIRECCIO','2009-03-09','1',2,4,31,183,'452.58',8,'Normal',33,0,0),(313,305,'16','Req.',' COMPRA DE MATERIAL PARA LABORATORIO','2009-03-09','16',1,1,19,36,'790',8,'Normal',34,0,0),(314,306,'16','Req.',' COMPRA DE MATERIAL PARA LABORATORIO','2009-03-09','16',1,1,19,36,'565',15,'Normal',35,0,0),(315,307,'16','Req.',' COMPRA DE MATERIAL PARA LABORATORIO','2009-03-09','16',1,1,19,36,'90',90,'Normal',37,0,0),(316,308,'16','Req.',' COMPRA DE MATERIAL PARA LABORATORIO','2009-03-09','16',1,1,19,36,'440',32,'Normal',38,0,0),(317,309,'16','Req.',' COMPRA DE MATERIAL PARA LABORATORIO','2009-03-09','16',1,1,19,36,'240',20,'Normal',39,0,0),(318,310,'16','Req.',' REALIZACION DE EVENTOS DE LAS CARRERAS D','2009-03-09','16',1,1,15,34,'530',8,'Normal',40,0,0),(319,311,'16','Req.',' MATERIAL PARA REALIZACION DE PROYECTOS D','2009-03-09','16',1,1,27,37,'500',8,'Normal',41,0,0),(320,312,'16','Req.',' MATERIAL PARA REALIZACION DE PROYECTOS D','2009-03-09','16',1,1,27,37,'2000',12,'Normal',42,0,0),(323,315,'10','Req.',' Atender a 180000 Estudiantes y proporcio','2009-03-09','10',3,8,21,186,'8663',8,'Normal',52,0,0),(324,316,'25','SS',' MANTENIMIENTO PREVENTIVO AL SISTEMA DE A','2009-03-06','25',1,1,1,102,'4544.80',53,'Normal',0,14,0),(325,317,'14','SS',' GAS ESTACIONARIO','2009-03-06','14',1,1,19,50,'1999.49',31,'Normal',0,16,0),(326,318,'23','SS',' MANTEMIMIENTO GENERAL A LA UNIDAD MERCED','2009-03-09','23',3,9,26,123,'3719.10',58,'Normal',0,20,0),(327,319,'10','Req.',' ANALIZAR BIBLIOGRAFICAMENTE Y PROCESAR F','2009-03-10','10',3,8,21,185,'370',11,'Normal',53,0,0),(328,320,'1','Req.',' PARA ATENCION A PERSONAS EN LA DIRECCION','2009-03-10','1',2,4,31,183,'1681.03',13,'Normal',24,0,0),(329,321,'25','Req.',' PARA REALIZAR TRABAJO DE ELECTRICISTA','2009-03-10','25',1,1,1,101,'414',32,'Normal',55,0,0),(330,322,'25','SS',' MANTENIMIENTO PREVENTIVO AL SISTEMA DE A','2009-03-09','25',1,1,1,102,'2844.53',53,'Normal',0,19,0),(331,323,'13','Comb.','viaje a presa hidroelectrica','2009-03-10','13',1,1,19,26,'284',29,'Normal',0,0,0),(332,324,'6','Comb.','TRALADO DE ALUMNOS A COATZA, VER','2009-03-10','6',2,4,31,175,'3418.24',29,'Normal',0,0,0),(333,325,'8','SS','bandas y escoltas (alimentos)','2009-03-10','8',3,9,26,163,'19688',13,'Normal',0,0,0),(334,326,'8','SS','bandas y escoltas (alimentos)','2009-03-10','8',3,9,26,163,'1440',13,'Normal',0,0,0),(335,327,'8','SS','bandas y escoltas (alimentos)','2009-03-10','8',3,9,26,163,'514',13,'Normal',0,0,0),(336,328,'8','SS','diseño curricular','2009-03-10','8',3,9,26,163,'2500',13,'Normal',0,0,0),(337,329,'8','SS','bandas y escoltas (alimentos)','2009-03-10','8',3,9,26,163,'1102',13,'Normal',0,0,0),(338,330,'8','SS','bandas y escoltas (alimentos)','2009-03-10','8',3,9,26,163,'474',13,'Normal',0,0,0),(339,331,'23','SS','Cambiar banda motriz','2009-03-10','23',3,9,26,123,'1035',58,'Normal',0,0,0),(340,332,'23','SS','fumigacion de los lab. de alimentos (bioq','2009-03-10','23',1,1,15,122,'15000.60',57,'Normal',0,0,0),(341,333,'23','SS','vigilancia del mes de Marzo','2009-03-10','23',1,1,15,122,'65568.94',51,'Normal',0,0,0),(342,334,'23','SS','Jardineria mes de Marzo','2009-03-10','23',1,1,15,122,'17480',57,'Normal',0,0,0),(343,335,'3','Ofic.','PROFORDEMS (Pago a Pedro Tomás 02 al 14 d','2009-03-11','3',2,4,31,196,'10000',7,'Normal',0,0,0),(344,336,'3','Ofic.','PROFORDEMS (Pago a Ildeberto 02 al 14 Mar','2009-03-11','3',2,4,31,196,'10000',7,'Normal',0,0,0),(345,337,'3','Ofic.','PROFORDEMS (Pago a JOrge sarmiento 02 al','2009-03-11','3',2,4,31,196,'10000',7,'Normal',0,0,0),(346,338,'3','Ofic.','PROFORDEMS (Pago a Juan jose 02 al 14 Mar','2009-03-11','3',3,7,37,45,'10000',102,'Normal',0,0,0),(347,339,'3','Ofic.','PROFORDEMS (Pago a Jose Luis Mendez 02 al','2009-03-11','3',2,4,31,196,'10000',7,'Normal',0,0,0),(348,340,'3','Ofic.','PROFORDEMS (Pago a Atanacio Hernandez 02','2009-03-11','3',2,4,31,196,'10000',7,'Normal',0,0,0),(349,341,'3','Ofic.','PROFORDEMS (Pago a Rene Than 02 al 14 Mar','2009-03-11','3',2,4,31,196,'10000',7,'Normal',0,0,0),(350,342,'3','Ofic.','PROFORDEMS (Pago a Hernan Valencia 02 al','2009-03-11','3',2,4,31,196,'10000',7,'Normal',0,0,0),(351,343,'3','Ofic.','PROFORDEMS (Pago a Ma. Delina 02 al 14 de','2009-03-11','3',2,4,31,196,'10000',7,'Normal',0,0,0),(352,344,'3','Ofic.','PROFORDEMS (Pago a ma. carmen 02 al 14 de','2009-03-11','3',2,4,31,196,'2100',7,'Normal',0,0,0),(353,345,'3','Ofic.','PROFORDEMS (Pago a Roberto Meza Meneses 0','2009-03-11','3',2,4,31,196,'4000',7,'Normal',0,0,0),(354,346,'3','Ofic.','PROFORDEMS (Pago a Roberto Cifuentes 02 a','2009-03-11','3',2,4,31,196,'4000',7,'Normal',0,0,0),(355,347,'3','Ofic.','PROFORDEMS (Pago a Roberto carlos 02 al 1','2009-03-11','3',2,4,31,196,'7000',7,'Normal',0,0,0),(356,348,'3','Ofic.','PROFORDEMS (Pago a Clara Luz 02 al 14 Mar','2009-03-11','3',2,4,31,196,'1500',7,'Normal',0,0,0),(357,349,'3','Ofic.','PROFORDEMS (Pago a Eloisa 02 al 14 Marzo)','2009-03-11','3',2,4,31,196,'1100',7,'Normal',0,0,0),(358,350,'3','Ofic.','PROFORDEMS (Pago a Gladis 02 al 14 Marzo)','2009-03-11','3',2,4,31,196,'1650',7,'Normal',0,0,0),(359,351,'2','Via','Ing. Villalobos a Mexico','2009-03-11','2',3,6,40,158,'2500',69,'Normal',0,0,0),(360,352,'2','Pas/Aero','Ing. Villalobos a Mexico','2009-03-11','2',3,6,40,158,'3000',67,'Normal',0,0,0),(361,353,'20','Via','M.C humberto a cancun reunion de posgrado','2009-03-11','20',1,2,8,132,'1600',69,'Normal',0,0,0),(362,354,'20','Via',' Dr. federico Miceli a cancun asiste a re','2009-03-11','20',1,2,8,132,' 2400',69,'Cancelado',0,0,0),(363,355,'23','SS','Revisión y correccion de corto de alterna','2009-03-11','23',3,9,26,123,'1610',58,'Normal',0,0,0),(364,356,'23','SS','checar fallo en sistema electrico al auto','2009-03-11','23',3,9,26,123,'4485',58,'Normal',0,0,0),(365,357,'12','Pas/Urba','C.P. CASTELLANOS A MUSEO DE CIENCIA Y TEC','2009-03-11','12',1,3,6,90,'227',67,'Normal',0,0,0),(366,358,'12','Pas/Urba','MC. COSSIO A SECRETARIA DE ECONOMIA','2009-03-11','12',1,3,6,90,'227',67,'Normal',0,0,0),(367,359,'8','Req.','bandas y escoltas (TONNER)','2009-03-11','8',3,9,26,163,'12871.71',12,'Normal',0,0,0),(368,360,'8','Req.','bandas y escoltas (TONNER)','2009-03-11','8',3,9,26,163,'19820',12,'Normal',0,0,0),(369,361,'8','Req.','bandas y escoltas (alimentos)','2009-03-11','8',3,9,26,163,'490',13,'Normal',0,0,0),(370,362,'8','Req.','bandas y escoltas (GAFETES)','2009-03-11','8',3,9,26,163,'13852.76',8,'Normal',0,0,0),(371,363,'8','Req.','bandas y escoltas (TONNER)','2009-03-11','8',3,9,26,163,'1189',12,'Normal',0,0,0),(372,364,'8','Req.','bandas y escoltas (TONNER)','2009-03-11','8',3,9,26,163,'7181.75',11,'Normal',0,0,0),(373,365,'8','Req.','bandas y escoltas (VASOS, SERVILLETAS, ET','2009-03-11','8',3,9,26,163,'1033.10',8,'Normal',0,0,0),(374,366,'14','Ofic.','CASETAS A COATZA REUNION ESTUDIANTIL','2009-03-11','14',2,4,30,52,'1300',49,'Normal',0,0,0),(375,367,'13','Via','JOSE LUIS A HIDROELECTRICA','2009-03-11','13',2,4,30,29,'400',69,'Normal',0,0,0),(376,368,'18','Via','Psic. Adriana asiste reunion p/ dis. curr','2009-03-12','18',1,1,13,115,'2000',69,'Normal',0,0,0),(377,369,'18','Pas/Aero','Psic. Adriana asiste reunion p/ dis. curr','2009-03-12','18',1,1,13,115,'3000',67,'Normal',0,0,0),(378,370,'1','Via',' Ing. Tomás a Villahermosa asiste a 1a. s','2009-03-12','1',2,4,31,183,'3750',69,'Normal',0,0,0),(379,371,'21','Pas/Aero','reunion a DGEST ing. rene rios','2009-03-12','21',3,7,38,152,'3000',67,'Normal',0,0,0),(380,372,'21','Via','reunion a DGEST ing. rene rios','2009-03-12','21',3,7,38,152,'1600',69,'Normal',0,0,0),(381,373,'21','Pas/Aero','reunion a DGEST lic. elissa','2009-03-12','21',3,7,38,152,'3000',67,'Normal',0,0,0),(382,374,'21','Pas/Aero','reunion a DGEST lic. elissa','2009-03-12','21',3,7,38,152,'3000',67,'Normal',0,0,0),(383,375,'21','Via','reunion a DGEST lic. elissa','2009-03-12','21',3,7,38,152,'1600',69,'Normal',0,0,0),(384,376,'16','Req.',' COMPRA DE MATERIAL PARA LABORATORIO','2009-03-12','16',1,1,19,36,'130',90,'Normal',58,0,0),(385,377,'16','Req.',' COMPRA DE MATERIAL PARA LABORATORIO','2009-03-12','16',1,1,19,36,'250',27,'Normal',59,0,0),(386,378,'16','Req.',' COMPRA DE MATERIAL PARA LABORATORIO','2009-03-12','16',1,1,19,36,'515',8,'Normal',61,0,0),(387,379,'16','Req.',' COMPRA DE MATERIAL PARA LABORATORIO','2009-03-12','16',1,1,19,36,'505',26,'Normal',60,0,0),(388,380,'15','Req.',' MATERIAL QUE SERA UTILIZADO EN EL DEPART','2009-03-12','15',1,1,1,61,'3691',8,'Normal',65,0,0),(389,381,'25','Req.',' PARA UTILIZARSE EN LA OFICINA DE MANTENI','2009-03-12','25',1,1,1,100,'6550',12,'Normal',57,0,0),(390,382,'25','Req.',' PARA TRAMITES ADMINISTRATIVOS EN OFICINA','2009-03-12','25',1,1,1,100,'800',16,'Normal',62,0,0),(391,383,'25','Req.',' PARA TRAMITES ADMINISTRATIVOS DEL DEPTO.','2009-03-12','25',1,1,1,100,'940',8,'Normal',63,0,0),(392,384,'16','Req.',' COMPRA DE MATERIAL PARA LABORATORIO','2009-03-12','16',1,1,19,36,'5921',23,'Normal',78,0,0),(393,385,'10','Req.',' ADQUIRIR 1200 VOLUMENES ACTUALIZADOS DE','2009-03-12','10',3,8,21,188,'2790',88,'Normal',66,0,0),(394,386,'21','Req.',' PARA UTILIZARSE EN LA COMPUTADORA DE LA','2009-03-12','21',4,12,42,154,'85',16,'Normal',87,0,0),(395,387,'7','Req.',' PARA EVENTO ENCUENTRO NACIONAL DE BANDAS','2009-03-12','7',3,9,26,211,'316',12,'Normal',74,0,0),(396,387,'21','Req.',' PARA UTILIZARSE EN LA COMPUTADORA DE LA','2009-03-12','21',4,12,42,154,'350',12,'Normal',89,0,0),(397,388,'7','Req.',' PARA EVENTO ENCUENTRO NACIONAL DE BANDAS','2009-03-12','7',3,9,26,211,'43.53',8,'Normal',76,0,0),(398,389,'16','Req.',' COMPRA DE MATERIAL PARA LABORATORIO','2009-03-12','16',1,1,19,36,'378',20,'Normal',79,0,0),(399,390,'16','Req.',' COMPRA DE MATERIAL PARA LABORATORIO','2009-03-12','16',1,1,19,36,'2110',12,'Normal',80,0,0),(400,391,'3','Req.',' EVENTO EN EL MARCO DEL','2009-03-12','3',4,11,7,204,'21.04',8,'Normal',82,0,0),(401,392,'23','Req.','  UNIFORMES DEL PERSONAL DE SERVICIOS','2009-03-12','23',1,1,15,122,'1159.20',32,'Normal',85,0,0),(402,393,'23','Req.',' UNIFORMES DEL PERSONAL DE SERVICIOS','2009-03-12','23',1,1,15,122,'2390.1',32,'Normal',86,0,0),(404,394,'5','Req.',' camara infrarroja','2009-03-13','5',3,7,38,148,'1000',16,'Normal',106,0,0),(405,395,'16','Req.',' COMPRA DE MATERIAL PARA LABORATORIO','2009-03-13','16',1,1,19,36,'5820',20,'Normal',96,0,0),(406,396,'16','Req.',' COMPRA DE MATERIAL PARA LABORATORIO','2009-03-13','16',1,1,19,36,'150',15,'Normal',97,0,0),(407,397,'1','Via','Eliseo traslada al director a Vilahermosa','2009-03-13','1',2,4,31,183,'2000',69,'Normal',0,0,0),(408,398,'1','Comb.','Eliseo traslada al director a Vilahermosa','2009-03-13','1',2,4,31,183,'2025',29,'Normal',0,0,0),(409,399,'20','Pas/Aero','M.C humberto a cancun reunion de posgrado','2009-03-13','20',1,2,8,132,'3000',67,'Normal',0,0,0),(411,401,'6','Req.',' PARA EL DEPARTAMENTO DE GESTION TECNOLOG','2009-03-13','6',2,4,31,175,'4783.25',8,'Normal',93,0,0),(412,402,'25','Req.',' PARA REALIZAR TRABAJO DE ELECTRICISTA','2009-03-13','25',1,1,1,101,'345',32,'Normal',94,0,0),(413,403,'25','Req.',' PARA REALIZAR TRABAJO DE ELECTRICISTA','2009-03-13','25',1,1,1,101,'2518.5',98,'Normal',95,0,0),(414,404,'25','Req.',' PARA REALIZAR TRAMITES ADMINISTRATIVOS D','2009-03-13','25',1,1,1,100,'902.75',8,'Normal',98,0,0),(415,405,'25','Req.',' PARA REALIZAR TYRAMITES ADMINISTRATIVOS','2009-03-13','25',1,1,1,100,'2221.35',8,'Normal',99,0,0),(416,406,'25','Req.',' PARA UTILIZARSE EN TRAMITES ADMINISTRATI','2009-03-13','25',1,1,1,100,'5587.71',8,'Normal',101,0,0),(417,407,'23','Req.','  UNIFORMES DEL PERSONAL DE SERVICIOS','2009-03-13','23',1,1,15,122,'8814.75',98,'Normal',103,0,0),(418,408,'23','Req.','  UNIFORMES DEL PERSONAL DE SERVICIOS','2009-03-13','23',1,1,15,122,'2898',32,'Normal',104,0,0),(419,409,'6','Req.',' PARA EL DEPARTAMENTO DE GESTION TECNOLOG','2009-03-13','6',2,4,29,170,'6465',12,'Normal',105,0,0),(420,410,'3','SS',' SERVICIO DE COFFE BREAK P/REALIZACIÓN DE','2009-03-09','3',3,7,37,155,'2198.80',13,'Normal',0,18,0),(421,411,'7','SS',' LONA FRONT. 13 oz. Y OJILLOS PERIMETRALE','2009-03-13','7',3,7,38,53,'1380.00',59,'Normal',0,24,0),(422,412,'7','SS',' IMPRESION DE INVITACIONES TAMAÑO 22.5X28','2009-03-13','7',3,7,38,53,'1782.50',59,'Normal',0,25,0),(423,413,'2','Via','Daniel salas a tepic asiste a reunion de','2009-03-13','2',3,6,40,158,'4000',69,'Normal',0,0,0),(424,414,'2','Pas/Aero','Daniel salas a tepic asiste a reunion de','2009-03-13','2',3,6,40,158,'6000',67,'Normal',0,0,0),(425,415,'13','Via','traslado de alumnos a hidroelectrica bomb','2009-03-17','13',2,4,30,29,'400',69,'Normal',0,0,0),(426,416,'6','Comb.','traslado de alumnos a hidroelectrica bomb','2009-03-17','6',2,4,31,175,'284',29,'Normal',0,0,0),(427,417,'8','SS','bandas y escoltas (alimentos)','2009-03-17','8',3,9,26,163,'501',13,'Normal',0,0,0),(428,418,'8','SS','bandas y escoltas (alimentos)','2009-03-17','8',3,9,26,163,'136',13,'Normal',0,0,0),(429,419,'17','Ofic.','Rosas/ Casetas a San CRis','2009-03-17','17',2,4,30,98,'150',49,'Normal',0,0,0),(430,421,'8','- Selecciona','bandas y escoltas (tablas, pvc, etc)','2009-03-17','8',3,9,26,163,'2153.10',8,'Normal',0,0,0),(431,422,'8','Req.','bandas y escoltas (pegamentos)','2009-03-17','8',3,9,26,163,'424.09',8,'Normal',0,0,0),(432,423,'8','Req.','bandas y escoltas (hojas)','2009-03-17','8',3,9,26,163,'680.10',8,'Normal',0,0,0),(433,424,'22','Via','entrega de estados financieros cp. melkis','2009-03-17','22',3,7,38,117,'1000',69,'Normal',0,0,0),(434,425,'22','Pas/Aero','entrega de estados financieros cp. melkis','2009-03-17','22',3,7,38,117,'3000',67,'Normal',0,0,0),(435,426,'7','SS','BANDAS Y ESCOLTAS (impresion de reconocim','2009-03-17','7',3,9,26,211,'5750',59,'Normal',0,0,0),(436,427,'17','Via','Lic. Roblero a San Cris a la Coca','2009-03-17','17',2,4,30,98,'400',69,'Normal',0,0,0),(437,428,'17','Via','Rosas/ viaticos a San CRis','2009-03-17','17',2,4,30,98,'400',69,'Normal',0,0,0),(438,429,'15','Via','traslado de alumnos a femsa coca cola san','2009-03-17','15',2,4,30,67,'400',69,'Normal',0,0,0),(439,430,'6','Comb.','traslado de alumnos a femsa coca cola san','2009-03-18','6',2,4,31,175,'448',29,'Normal',0,0,0),(440,431,'7','Req.',' PARA EVENTO ENCUENTRO NACIONAL DE BANDAS','2009-03-18','7',3,9,26,211,'2133',24,'Normal',77,0,0),(441,432,'25','Req.',' LIBRETA PASTA DURA FORMA FRANCESA','2009-03-18','25',1,1,1,100,'1500.15',8,'Normal',100,0,0),(442,433,'3','Req.',' EVENTO DEL PROYECTO','2009-03-18','3',4,11,7,204,'244.2',13,'Normal',111,0,0),(443,434,'15','Via','traslado de alumnos a femsa coca cola san','2009-03-18','15',2,4,30,67,'400',69,'Normal',0,0,0),(444,435,'25','Req.',' PARA HACER TRAMITES DEL DEPTO.','2009-03-18','25',1,1,1,100,'313.5',16,'Normal',116,0,0),(445,436,'25','Req.',' PARA UTILIZARSE EN RADIO DE ALTA FRECUEN','2009-03-18','25',1,1,1,100,'865.4',23,'Normal',117,0,0),(447,438,'25','SS',' INSTALACION DE 3 CLIMAS EN EL EDIFICIO G','2009-03-17','25',1,1,1,102,'9404.70',53,'Normal',0,33,0),(448,439,'7','SS',' IMPRESION DE LONA MEDIDAS 3.00 POR 2.00','2009-03-18','7',3,7,38,53,'690.00',59,'Normal',0,35,0),(449,440,'6','Comb.','Rosas/ comb. a sancris a coca cola','2009-03-18','6',2,4,31,175,'544',29,'Normal',0,0,0),(450,441,'6','Via','Viaticos a Dr. daniel a mexico inc. de em','2009-03-18','6',2,4,35,172,'1000',69,'Normal',0,0,0),(451,442,'6','Pas/Aero','Viaticos a Dr. daniel a mexico inc. de em','2009-03-18','6',2,4,35,172,'3000',67,'Normal',0,0,0),(452,443,'25','Req.',' PARA TRAMITES ADMVOS DEL DEPTO.','2009-03-18','25',1,1,1,100,'2120',8,'Normal',115,0,0),(453,444,'7','Req.',' PARA IMPREION DE PROGRAMAS DE INVITACION','2009-03-18','7',3,7,38,53,'10240.44',12,'Normal',121,0,0),(454,445,'25','SS',' TENDIDO Y CONEC TORIZACION DE CABLEADO T','2009-03-12','25',1,1,1,101,'17462.75',53,'Normal',0,23,0),(455,446,'20','Req.','mat. de oficina p/ gt-3inv','2009-03-19','20',1,18,4,128,'4500',8,'Normal',0,0,0),(456,447,'23','SS','Mantto. y conserv de higiene mes de marzo','2009-03-19','23',1,1,15,122,'47848.05',57,'Normal',0,0,0),(457,448,'23','Req.','agua de garrafones mes de enero','2009-03-19','23',1,1,15,122,'1764',13,'Normal',0,0,0),(458,449,'9','Pas/Aero','Veronica asiste a entrega de expedientes','2009-03-19','9',1,1,3,124,'3000',67,'Normal',0,0,0),(459,450,'9','Via','Veronica asiste a entrega de expedientes','2009-03-19','9',1,1,3,124,'1600',69,'Normal',0,0,0),(460,451,'25','SS',' SERVICIO DE MANTENIMIENTO CORRECTIVO AL','2009-03-17','25',1,1,1,102,'2070.00',53,'Normal',0,26,0),(461,452,'25','SS',' SERVICIO DE MANTENIMIENTO CORRECTIVO AL','2009-03-19','25',1,1,1,102,'7653.77',53,'Normal',0,39,0),(462,453,'25','SS',' REUBICACION DE UNIDAD TIPO. VENTANA CON','2009-03-17','25',1,1,1,102,'2070.00',53,'Normal',0,29,0),(463,454,'25','SS',' TRABAJO DE AISLAMIENTO A BASE DE NORMA L','2009-03-17','25',1,1,1,102,'7314.00',53,'Normal',0,31,0),(464,455,'25','SS',' SERVICIO DE MANTENIMIENTO CORRECTIVO AL','2009-03-19','25',1,1,1,102,'2300.00',53,'Normal',0,38,0),(465,456,'3','SS',' MANTENIMIENTO CORRECTIVO A IMPRESORA HP','2009-03-19','3',1,3,12,43,'1897.50',54,'Normal',0,36,0),(466,457,'3','SS',' MANTENIMIENTO CORRECTIVO A IMPRESORA HP','2009-03-19','3',1,3,12,43,'1897.50',54,'Normal',0,36,0),(467,458,'2','Pas/Aero','C.p dalila asiste a reunion inf. modelo d','2009-03-19','2',2,4,31,161,'3000',67,'Normal',0,0,0),(468,459,'2','Via','C.p dalila asiste a reunion inf. modelo d','2009-03-19','2',2,4,31,161,'1600',69,'Normal',0,0,0),(469,400,'13','Via','Ing. Roberto a chicoasen a hidro manuel t','2009-03-19','13',2,4,30,29,'400',69,'Normal',0,0,0),(470,460,'18','Via',' psic. adriana asiste a feria profesiogra','2009-03-19','18',1,1,15,32,' 500',69,'Cancelado',0,0,0),(471,461,'18','Via','Jhony jonapa a san cris asiste feria prof','2009-03-19','18',1,1,15,32,'400',69,'Normal',0,0,0),(472,462,'18','Via','Elin a san crsi muestra profesiografica','2009-03-19','18',1,1,15,32,'400',69,'Normal',0,0,0),(473,463,'18','Via',' Elin a Rayon muestra profesiografica','2009-03-19','18',1,1,15,32,' 400',69,'Cancelado',0,0,0),(474,464,'18','Via',' Lic. Eneida a Rayon asiste a muestra pro','2009-03-19','18',1,1,15,32,' 400',69,'Cancelado',0,0,0),(475,465,'18','Via','Lic. Eneida a San Cris asiste a muestra p','2009-03-19','18',1,1,15,32,'400',69,'Normal',0,0,0),(476,466,'18','Via','Lic. Abenamar a san cris asiste a muestra','2009-03-19','18',1,1,15,32,'400',69,'Normal',0,0,0),(477,467,'18','Via',' Lic. Abenamar a Rayon asiste a muestra p','2009-03-19','18',1,1,15,32,' 400',69,'Cancelado',0,0,0),(478,468,'12','Via','Jo se luis a orizaba a bodegas copa de or','2009-03-20','12',1,3,12,91,'3200',69,'Normal',0,0,0),(479,469,'13','Via','Ing. roberto del angel a soyalo','2009-03-20','13',2,4,30,29,'400',69,'Normal',0,0,0),(480,470,'18','Ofic.','CASETAS A SAN CRIS  PSIC. ADRIANA','2009-03-23','18',1,1,15,32,'70',49,'Normal',0,0,0),(481,471,'2','Ofic.','Hospedaje y alimentacion de Mauricio Berm','2009-03-23','2',1,1,15,162,'1230',86,'Normal',0,0,0),(482,472,'8','Pas/Urba',' Ing. Edin realiza div. tramites','2009-03-23','8',3,9,26,163,' 200',67,'Cancelado',0,0,0),(483,473,'8','SS',' BANDAS Y ESCOLTAS (serv. de alimentos)','2009-03-23','8',3,9,26,163,' 24025.31',13,'Normal',0,0,0),(484,474,'8','Req.','BANDAS Y ESCOLTAS (UNIFORMES DE GALA)','2009-03-23','8',3,9,26,163,'30969',32,'Normal',0,0,0),(485,475,'18','Via',' Rosas/trasalada a personal a san cris mu','2009-03-23','18',1,1,15,32,' 400',69,'Cancelado',0,0,0),(486,476,'18','Via',' Rosas/trasalada a personal a Rayon muest','2009-03-23','18',1,1,15,32,' 400',69,'Normal',0,0,0),(487,477,'21','Req.',' P/CONCILIACION DE NOMINAS, REPORTE DE IN','2009-03-23','21',4,12,42,154,'7000',79,'Normal',122,0,0),(488,478,'6','Comb.','jose luis traslada alumnos a bodegas copa','2009-03-23','6',2,4,31,175,'6312.44',29,'Normal',0,0,0),(489,479,'12','Ofic.','casetas a puebla y veracruz por viaje de','2009-03-23','12',1,1,27,88,'3384',49,'Normal',0,0,0),(490,480,'8','Via','BANDAS Y ESCOLTAS (JOSE LUIS TRASLADA A B','2009-03-23','8',3,9,26,163,'400',69,'Normal',0,0,0),(491,481,'8','Req.','BANDAS Y ESCOLTAS( UNIFORMES DE DAMA )','2009-03-23','8',3,9,26,163,' 1398',32,'Normal',0,0,0),(492,482,'8','Req.',' BANDAS Y ESCOLTAS (BLUSAS MARCA SHORT )','2009-03-23','8',3,9,26,163,' 1990',32,'Normal',0,0,0),(493,483,'3','Via','asistir al evento de defensa del PIFIT','2009-03-23','3',4,11,7,204,'2000',69,'Normal',0,0,0),(494,484,'3','Pas/Aero','asistir al evento de defensa del PIFIT','2009-03-23','3',4,11,7,204,'3000',67,'Normal',0,0,0),(495,485,'4','Pas/Aero','Eucario Zenteno a mexico asiste a curso d','2009-03-23','4',4,12,42,200,'1500',67,'Normal',0,0,0),(496,486,'6','Ofic.','2o.pago Briza Valery 7 mar-3 abril','2009-03-23','6',1,1,28,171,'7424.84',102,'Normal',0,0,0),(497,487,'6','Ofic.','2o.pago Jesus Adrian 7 mar-3 abril','2009-03-23','6',1,1,28,171,'4949.89',102,'Normal',0,0,0),(498,488,'6','Ofic.','2o.pago Juan Gabriel Méndez 7 mar-3 abril','2009-03-23','6',1,1,28,171,'7424.84',102,'Normal',0,0,0),(499,489,'6','Ofic.','2o.pago Karla Azucena 7 mar-3 abril','2009-03-23','6',1,1,28,171,'2474.95',102,'Normal',0,0,0),(500,490,'6','Ofic.','2o.pago Adriana Isabel 7 mar-3 abril','2009-03-23','6',1,1,28,171,'12374.72',102,'Normal',0,0,0),(501,491,'6','Ofic.','2o.pago Eduardo Perez 7 mar-3 abril','2009-03-23','6',1,1,28,171,'12374.72',102,'Normal',0,0,0),(502,492,'6','Ofic.','2o.pago Evelyn Enríquez 7 mar-3 abril','2009-03-23','6',1,1,28,171,'7424.84',102,'Normal',0,0,0),(503,493,'6','Ofic.','2o.pago Susana Gpe 7 mar-3 abril','2009-03-23','6',1,1,28,171,'4949.89',102,'Normal',0,0,0),(504,494,'6','Ofic.','2o.pago Laura Cancino 7 mar-3 abril','2009-03-23','6',1,1,28,171,'7424.84',102,'Normal',0,0,0),(505,495,'6','Ofic.','2o.pago Rocio Gpe 7 mar-3 abril','2009-03-23','6',1,1,28,171,'7424.84',102,'Normal',0,0,0),(506,496,'6','Ofic.','2o.pago Lic. Geraldine Isabel 7 mar-3 abr','2009-03-23','6',1,1,28,171,'10625',7,'Normal',0,0,0),(507,497,'9','Req.',' PARA USO DIARIO','2009-03-24','9',2,4,30,114,'2949',8,'Normal',128,0,0),(508,498,'9','Req.',' PARA EXAMENES ESPECIALES','2009-03-24','9',4,13,14,108,'1655',8,'Normal',129,0,0),(509,499,'7','Req.',' PARA EL DEPARTAMENTO','2009-03-24','7',3,7,38,53,'11682.54',12,'Normal',123,0,0),(510,500,'14','Req.',' DIESEL PARA LABORATORIO DE PLANTA PILOTO','2009-03-24','14',1,1,19,50,'2295',31,'Normal',124,0,0),(511,501,'25','Req.',' PARA UTILIZARSE EN TRAMITES ADMVOS DEL D','2009-03-24','25',1,1,1,100,'5000',77,'Normal',127,0,0),(512,502,'21','Via','Recoger nómina 06','2009-03-24','21',3,7,38,152,'1600',69,'Normal',0,0,0),(513,503,'21','Pas/Aero','Recoger nómina 06','2009-03-24','21',3,7,38,152,'3000',67,'Normal',0,0,0),(515,505,'15','Via','Lic. Telesfor a tapachula a intercambio a','2009-03-25','15',2,4,30,67,'4800',69,'Normal',0,0,0),(516,506,'23','Req.','BANDAS Y ESCOLTAS (Vales de gasolina)','2009-03-25','23',3,9,26,123,'30000',29,'Normal',0,0,0),(517,507,'23','SS','BANDAS Y ESCOLTAS(TRAB. EXTRAORD. DE LIMP','2009-03-25','23',1,1,15,122,'6555',57,'Normal',0,0,0),(518,508,'23','SS','BANDAS Y ESCOLTAS(TRAB. EXTRAORD. DE LIMP','2009-03-25','23',1,1,15,122,'8050',57,'Normal',0,0,0),(519,509,'23','Via','Viaticos p/julio a sancris traslada perso','2009-03-25','23',3,9,26,123,'400',69,'Normal',0,0,0),(520,510,'23','Comb.','Comb. a sancris a coparmex','2009-03-25','23',3,9,26,123,'530',29,'Normal',0,0,0),(521,511,'23','Via','Viaticos p/julio a sancris recoger a a pe','2009-03-25','23',3,9,26,123,'400',69,'Normal',0,0,0),(522,512,'23','Comb.','Comb. a sancris a recoger personal de DGE','2009-03-25','23',3,9,26,123,'902.70',29,'Normal',0,0,0),(523,513,'23','SS','PAGO DE TENENCIA A UNIDAD DINA PALENQUE','2009-03-25','23',3,9,26,123,'1246',49,'Normal',0,0,0),(524,514,'23','SS','PAGO DE TENENCIA A UNIDAD NISSAN URVAN','2009-03-25','23',3,9,26,123,'3501',49,'Normal',0,0,0),(525,515,'23','SS','PAGO DE TENENCIA A UNIDAD CHEVROLET TORNA','2009-03-25','23',3,9,26,123,'1093.01',49,'Normal',0,0,0),(526,516,'23','SS','PAGO DE TENENCIA A UNIDAD DINA CONEJITO','2009-03-25','23',3,9,26,123,'1246',49,'Normal',0,0,0),(527,517,'23','SS','PAGO DE TENENCIA A UNIDAD CHEVROLET PICK-','2009-03-25','23',3,9,26,123,'2031',49,'Normal',0,0,0),(528,518,'23','SS','PAGO DE TENENCIA A UNIDAD DINA AUTOBUS F-','2009-03-25','23',3,9,26,123,'1246',49,'Normal',0,0,0),(529,519,'23','SS','PAGO DE TENENCIA A UNIDAD CHRYSLER DURANG','2009-03-25','23',3,9,26,123,'8326',49,'Normal',0,0,0),(530,520,'23','SS','PAGO DE TENENCIA A UNIDAD CHEVROLET TRES','2009-03-25','23',3,9,26,123,'1219',49,'Normal',0,0,0),(531,521,'23','SS','RENTA DE SILLAS CROMADAS','2009-03-25','23',3,9,26,123,'2587.50',100,'Normal',0,0,0),(532,522,'24','Req.','  PROXIM VISION','2009-03-25','24',3,8,22,2,'50000',79,'Normal',140,0,0),(533,523,'2','Via','Viaticos p/gaby asiste al encuentro acad-','2009-03-25','2',2,4,31,161,'4000',69,'Normal',0,0,0),(534,524,'6','Via',' ENTREGAR DOCUMETACION DE INCUBADORA A DG','2009-03-25','6',2,4,35,0,'1000',69,'Normal',0,0,4),(535,525,'14','Via','Asiste al curso taller de cereales','2009-03-25','14',2,4,30,52,'2400',69,'Normal',0,0,0),(536,526,'14','Pas/Aero','pasajes de Ing. Margarita asiste a curso','2009-03-25','14',2,4,30,52,'3000',67,'Normal',0,0,0),(537,527,'6','Via',' ASISTIR A LA REUNION DE INTERCAMBIO ACAD','2009-03-25','6',2,4,33,0,'4800',69,'Normal',0,0,5),(538,528,'6','Comb.','comb. p/javier ramírez','2009-03-25','6',2,4,31,175,'306',29,'Normal',0,0,0),(539,529,'6','Comb.','Comb.p/ javier ramirez a el jobo','2009-03-25','6',2,4,31,175,'507.96',29,'Normal',0,0,0),(540,530,'18','Req.',' PARA PROMOCION DE CARRERA','2009-03-26','18',3,8,22,22,'4600',73,'Normal',137,0,0),(541,531,'4','SS',' PAGO DE SERVICIO TELEFONICO DEL MES DE F','2009-03-25','4',4,12,42,200,'18087.00',37,'Normal',0,46,0),(542,532,'3','SS',' CONSUMO DE ALIMENTOS','2009-03-23','3',4,11,7,204,'759.00',13,'Normal',0,42,0),(543,533,'4','Via',' Marcos asiste a intercambio acda-admvo a','2009-03-26','4',3,7,38,199,' 4800',69,'Cancelado',0,0,0),(544,534,'4','Pas/Aero','Marcos asiste a intercambio acda-admvo a','2009-03-26','4',3,7,38,199,'512',67,'Normal',0,0,0),(545,535,'4','Pas/Aero','GLADIS ASISTE A INTERCAMBIO ACAD-ADMVO','2009-03-26','4',3,7,38,199,'512',67,'Normal',0,0,0),(546,536,'4','Via',' Julio asiste a intecambio acad-admvo.','2009-03-26','4',3,7,38,199,'4000',69,'Normal',0,0,0),(547,537,'6','Pas/Aero','DR. samayoa /entrega documentacion de inc','2009-03-26','6',2,4,29,170,'3000',67,'Normal',0,0,0),(548,538,'3','Ofic.','PROFORDEMS (Pago a Roberto carlos 16-31 m','2009-03-26','3',2,4,31,196,'7000',7,'Normal',0,0,0),(549,539,'3','Ofic.','PROFORDEMS (Pago a Roberto Cifuentes 16-3','2009-03-26','3',2,4,31,196,'4000',7,'Normal',0,0,0),(550,540,'3','Ofic.','PROFORDEMS (Pago a Roberto Meza 16-31 Mar','2009-03-26','3',2,4,31,196,'4000',7,'Normal',0,0,0),(551,541,'3','Ofic.','PROFORDEMS (Pago a Clara Luz 16-31 Marzo)','2009-03-26','3',2,4,31,196,'1500',7,'Normal',0,0,0),(552,542,'3','Ofic.','PROFORDEMS (Pago a Eloisa 16-31 Marzo)','2009-03-26','3',2,4,31,196,'1100',7,'Normal',0,0,0),(553,543,'3','Ofic.','PROFORDEMS(Pago a Ma. Carmen 16-31 Marzo)','2009-03-26','3',2,4,31,196,'2100',7,'Normal',0,0,0),(554,544,'4','Via','Ricardo asiste a intercambio academico','2009-03-26','4',3,7,38,199,'4000',69,'Normal',0,0,0),(555,545,'23','Req.','NUECES, JARRITOS','2009-03-26','23',1,1,1,121,'400.27',13,'Normal',0,0,0),(556,546,'4','Via','Jose a. asiste a intercambio academico','2009-03-26','4',3,7,38,199,'4000',69,'Normal',0,0,0),(557,547,'10','Via','Lic. Arjón asiste a intercambio academico','2009-03-26','10',3,8,21,184,'5000',69,'Normal',0,0,0),(558,548,'16','Via','Ing. Julio asiste intercambio academico-a','2009-03-26','16',1,3,12,35,'4000',69,'Normal',0,0,0),(559,549,'23','Req.','COCA NUEZ Y AGUA','2009-03-27','23',1,1,1,121,'457.07',13,'Normal',0,0,0),(560,550,'23','Req.','COCA LIGHT','2009-03-27','23',1,1,1,121,'295.48',13,'Normal',0,0,0),(561,551,'23','Req.','CONSUMO DE ALIMENTOS','2009-03-27','23',1,1,1,121,'159',13,'Normal',0,0,0),(562,552,'23','Req.','CAFE','2009-03-27','23',1,1,1,121,'119.99',13,'Normal',0,0,0),(563,553,'4','Via',' ASISTIR AL EVENTO DE INTERCAMBIO ACADEMI','2009-03-27','4',4,12,42,0,'4800',69,'Normal',0,0,10),(564,554,'19','Ofic.','Sinodalias por actos de recepcion','2009-03-27','19',1,1,3,57,'33200',7,'Normal',0,0,0),(565,555,'20','Via','DR. Hector asiste a reunion y act. de pla','2009-03-27','20',1,18,10,137,'500',69,'Normal',0,0,0),(566,556,'20','Pas/Aero','DR. Hector asiste a reunion y act. de pla','2009-03-27','20',1,2,8,132,'3000',67,'Normal',0,0,0),(567,557,'4','Via','ing. Ricardo alfonso asiste a intercambio','2009-03-27','4',3,7,38,199,'4000',69,'Normal',0,0,0),(568,558,'3','Via',' Defenza del PIFIT en su componente PAC','2009-03-27','3',4,11,7,0,'1875',69,'Normal',0,0,13),(569,559,'25','SS',' AJUSTE MECANICO GENERAL AL COMPRESOR SEM','2009-03-26','25',1,1,1,102,'25203.80',53,'Normal',0,47,0),(570,560,'8','SS','B/G foto panaramica','2009-03-31','8',3,9,26,163,'19780.00',94,'Normal',0,0,0),(571,561,'20','Via','Entrega de proyectos de investigacion','2009-03-31','20',1,18,10,137,'400',69,'Normal',0,0,0),(572,562,'20','Pas/Aero','entregar proyectos de investigacion','2009-03-31','20',1,2,36,144,'3000',67,'Normal',0,0,0),(573,563,'12','Req.',' ESPERO NO SER RECHAZADA (LIZETITA)','2009-03-31','12',1,1,15,84,'1450',12,'Normal',142,0,0),(574,564,'7','Req.',' PARA XV ENCUENTRO NACIONAL DE BANDAS DE','2009-03-31','7',3,9,26,211,'300',32,'Normal',108,0,0),(575,565,'22','Req.',' 2106  MARZO','2009-03-31','22',3,7,38,117,'3329.31',12,'Normal',143,0,0),(576,566,'21','Req.',' CELEBRACION DIA INTERNACIONAL DE LA MUJE','2009-03-31','21',4,12,42,154,'14490',13,'Normal',144,0,0),(577,567,'20','Req.',' Material que será utilizado en la operac','2009-03-31','20',1,18,4,128,'492',8,'Normal',146,0,0),(578,568,'23','SS','  SUMINISTRO Y COLOCACION DE SEÑALETAS','2009-03-24','23',1,1,1,121,' 782.00',22,'Cancelado',0,43,0),(579,569,'7','SS',' COFFRE BREAK, PARA LOS INVITADOS DEL PRE','2009-03-23','7',3,7,38,53,'1534.10',13,'Normal',0,40,0),(580,570,'15','Via','Presentar ponencia','2009-03-31','15',1,3,2,63,'1600',69,'Normal',0,0,0),(581,571,'15','Pas/Urba','Presentar ponencia','2009-03-31','15',1,3,2,63,'550',67,'Normal',0,0,0),(582,572,'21','SS','servicio de alimentos/chequel','2009-03-31','21',4,12,42,153,'14490.00',13,'Normal',0,0,0),(583,573,'14','Comb.','visita de alumnos a maseca','2009-03-31','14',1,1,19,50,'305.20',29,'Normal',0,0,0),(584,574,'14','Comb.',' visita a planta de agua ultrafina','2009-03-31','14',1,1,19,50,' 198.38',29,'Cancelado',0,0,0),(585,575,'14','Comb.','visita a planta de agua ultrafina','2009-03-31','14',1,1,19,50,'198.38',29,'Normal',0,0,0),(586,576,'14','Comb.','visita al lab. de salud','2009-03-31','14',1,1,19,50,'198.38',29,'Normal',0,0,0),(587,577,'14','Comb.','visita a planta de cales y morteros','2009-03-31','14',1,1,19,50,'305.2',29,'Normal',0,0,0),(588,578,'14','Comb.','visita a planta de cales y morteros','2009-03-31','14',1,1,19,50,'198.38',29,'Normal',0,0,0),(589,579,'14','- Selecciona','visita a planta de agua residual','2009-03-31','14',1,1,19,50,'198.38',29,'Normal',0,0,0),(590,580,'8','Req.','servicio de alimentos','2009-03-31','8',3,9,26,163,'225',13,'Normal',0,0,0),(591,581,'8','SS','alimentos bandas','2009-03-31','8',3,9,26,163,'51',13,'Normal',0,0,0),(592,582,'8','SS','servicio de alimentos B/G','2009-03-31','8',3,9,26,163,'225',13,'Normal',0,0,0),(593,583,'8','SS','servicio de alimentos B/G','2009-03-31','8',3,9,26,163,'517.5',13,'Normal',0,0,0),(594,584,'8','SS','alimentos bandas','2009-03-31','8',3,9,26,163,'126',13,'Normal',0,0,0),(595,585,'8','SS','alimentos bandas','2009-03-31','8',3,9,26,163,'171',13,'Normal',0,0,0),(596,586,'8','SS','alimentos bandas','2009-03-31','8',3,9,26,163,'60',13,'Normal',0,0,0),(597,587,'8','SS','alimentos bandas','2009-03-31','8',3,9,26,163,'690',13,'Normal',0,0,0),(598,588,'8','SS','alimentos bandas','2009-03-31','8',3,9,26,163,'230',13,'Normal',0,0,0),(599,589,'8','SS','hospedaje bandas','2009-03-31','8',3,9,26,163,'355914',85,'Normal',0,0,0),(600,590,'23','Via','llevar al personal al evento deportivo','2009-03-31','23',3,9,26,123,'3200',69,'Normal',0,0,0),(601,591,'23','Comb.','transportar al personal al evento deporti','2009-03-31','23',3,9,26,123,'2880',29,'Normal',0,0,0),(602,592,'3','SS','LONA - PROFORDEMS','2009-03-31','3',3,7,37,45,'1794',59,'Normal',0,0,0),(603,593,'3','Ofic.','PROFORDEMS (Pago a Robert Carlos 01 al 31','2009-04-01','3',2,4,31,196,'20000',7,'Normal',0,0,0),(604,594,'3','Ofic.','PROFORDEMS (Pago a Juan JOse Toledo 16 al','2009-04-01','3',3,7,37,45,'10000',102,'Normal',0,0,0),(605,595,'3','Ofic.','PROFORDEMS (Pago a Ildeberto del 16-31 Ma','2009-04-01','3',2,4,31,196,'10000',7,'Normal',0,0,0),(606,596,'6','Req.','GT-3SCT mat. electrico','2009-04-01','6',1,1,3,190,'51796',23,'Normal',0,0,0),(607,597,'3','Ofic.','PROFORDEMS (Pago a JOrge Sarmiento 16-31','2009-04-01','3',2,4,31,196,'10000',7,'Normal',0,0,0),(608,598,'3','Ofic.','PROFORDEMS (Pago a Jose Navarro 16-31 Mar','2009-04-01','3',2,4,31,196,'10000',7,'Normal',0,0,0),(609,599,'3','Ofic.','PROFORDEMS (Pago a Ma. Delina 16-31 Marzo','2009-04-01','3',2,4,31,196,'10000',7,'Normal',0,0,0),(610,600,'3','Ofic.','PROFORDEMS (Pago a Atanacio 16-31 Marzo)','2009-04-01','3',2,4,31,196,'10000',7,'Normal',0,0,0),(611,601,'3','Ofic.','PROFORDEMS (Pago a Pedro ortiz 16-31 Marz','2009-04-01','3',2,4,31,196,'10000',7,'Normal',0,0,0),(612,602,'3','Ofic.','PROFORDEMS (Pago a Hernan Valencia 16-31','2009-04-01','3',2,4,31,196,'10000',7,'Normal',0,0,0),(613,603,'3','Ofic.','PROFORDEMS (Pago a Rene Than 16-31 Marzo)','2009-04-01','3',2,4,31,196,'10000',7,'Normal',0,0,0),(614,604,'8','Comb.','trasladar a integrantes de banda de guerr','2009-04-01','8',3,9,26,163,'200',29,'Normal',0,0,0),(615,605,'3','Pas/Urba','traslado al aeropuero de la cd de mexico','2009-04-01','3',4,11,7,204,'220',67,'Normal',0,0,0),(616,606,'14','Via',' Biol. Reiner a Tapachula asiste a empaca','2009-04-01','14',2,4,30,52,' 1600',69,'Cancelado',0,0,0),(617,607,'14','Via','Patricia Gpe. a Tapachula a empacadora de','2009-04-01','14',2,4,30,52,'1600',69,'Normal',0,0,0),(618,608,'14','Via','Eliseo a Tapachula asiste a empacadora de','2009-04-01','14',2,4,30,52,'1600',69,'Normal',0,0,0),(619,609,'14','Via','Ing. Javier Ram. a Tapachula asiste a emp','2009-04-01','14',2,4,30,52,'2000',69,'Normal',0,0,0),(620,610,'3','Pas/Aero','Ing. Zepeda a Toluca a defensa del PIFIT','2009-04-01','3',4,11,7,204,'3500',67,'Normal',0,0,0),(621,611,'3','Via','Ing. Jorge sarmiento a mexico asiste a re','2009-04-01','3',4,11,7,204,'1600',69,'Normal',0,0,0),(622,612,'6','Comb.','Ing. Javier Ram. a Tapachula asiste a emp','2009-04-01','6',2,4,31,175,'198.38',29,'Normal',0,0,0),(623,613,'6','Comb.','Ing. Javier Ram. a Tapachula asiste a emp','2009-04-01','6',2,4,31,175,'2746.80',29,'Normal',0,0,0),(624,614,'14','Ofic.','Pago de casetas ing. Javier a tapachula','2009-04-01','14',2,4,30,52,'300',49,'Normal',0,0,0),(625,615,'8','Via','Julio traslada alumnos al prenacional dep','2009-04-02','8',3,9,26,163,'4800',69,'Normal',0,0,0),(626,616,'8','Ofic.','Casetas Merida p/prenacional','2009-04-02','8',3,9,26,163,'1000',49,'Normal',0,0,0),(627,617,'8','Via','Rosas traslada alumnos a merida p/ prenac','2009-04-02','8',3,9,26,163,'4800',69,'Normal',0,0,0),(628,618,'8','Via','Ing. Edin a merida a pren dep','2009-04-02','8',3,9,26,163,'4800',69,'Normal',0,0,0),(629,619,'8','Comb.','Comb. a Merida a pren. dep.','2009-04-02','8',3,9,26,163,'6336',29,'Normal',0,0,0),(630,620,'8','Ofic.','alimentacion y hospedaje a prenacional de','2009-04-02','8',3,9,26,163,'18960',85,'Normal',0,0,0),(631,621,'9','Req.',' TRAMITES DE TITULACION','2009-04-02','9',1,1,3,126,'33892.45',79,'Normal',119,0,0),(632,622,'1','Via','Ing. Tomás a Toluca defensa del PIFIT','2009-04-02','1',2,4,31,183,'2500',69,'Normal',0,0,0),(633,623,'1','Via','Ing.Tomas a  Mexico Asiste reunion con su','2009-04-02','1',2,4,31,183,'2500',69,'Normal',0,0,0),(634,624,'1','Via','Ing. Tomas a San Cris 3 y 4 marzo reunion','2009-04-02','1',2,4,31,183,'1250',69,'Normal',0,0,0),(635,625,'1','Via','Ing tomas a Toluca 17 y 18 marzo','2009-04-02','1',2,4,31,183,'2500',69,'Normal',0,0,0),(636,626,'1','Via','Ing. Tomas a Toluca 24 y 25 Marzo','2009-04-02','1',2,4,31,183,'1875',69,'Normal',0,0,0),(637,627,'3','Pas/Aero','Pasaje terrestre a Toluca Ing Zepeda','2009-04-02','3',4,11,7,204,'300',67,'Normal',0,0,0),(638,628,'1','Pas/Aero','Ing. Toluca asiste a reunion de educ a di','2009-04-02','1',2,4,31,183,'3300',67,'Normal',0,0,0),(639,629,'1','Pas/Aero','Ing. Tomas a Toluca terrestre','2009-04-02','1',2,4,31,183,'300',67,'Normal',0,0,0),(640,630,'22','Pas/Aero','C.p Melkis a DGEST entrega comp. de gatso','2009-04-02','22',3,7,38,117,'3000',67,'Normal',0,0,0),(641,631,'22','Via','C.p Melkis a DGEST entrega comp. de gatso','2009-04-02','22',3,7,38,117,'1500',69,'Normal',0,0,0),(642,632,'23','Req.','BANDAS Y ESCOLTAS (botellitas de agua pur','2009-04-02','23',1,1,15,122,'27997.90',13,'Normal',0,0,0),(643,633,'23','Req.','cafetera brew station 12 tazas','2009-04-02','23',1,1,1,121,'759',17,'Normal',0,0,0),(644,634,'23','Req.','sello negro broth','2009-04-02','23',1,1,1,121,'319',8,'Normal',0,0,0),(645,635,'23','SS','Mantto. de fotocopiadora Ricoh','2009-04-02','23',1,1,1,121,'661.25',53,'Normal',0,0,0),(646,636,'17','SS',' CURSO DE CAPACITACIÓN REMEDIAL PARA ALUM','2009-03-31','17',1,1,27,96,'4600.00',38,'Normal',0,50,0),(647,637,'23','SS','Mantto. de llanta de F11','2009-04-02','23',3,9,26,123,'207',58,'Normal',0,0,0),(648,638,'23','SS','Mantto. general de lavabo, engrasado de s','2009-04-02','23',3,9,26,123,'6957.50',58,'Normal',0,0,0),(649,639,'23','SS','Recarga y mantto. a extintores de div. ar','2009-04-02','23',1,1,1,121,'12865',55,'Normal',0,0,0),(650,640,'23','SS','cambio de instalacion de luces','2009-04-02','23',3,9,26,123,'16387.50',58,'Normal',0,0,0),(651,641,'23','SS','Suministro y colocacion de cortinas en ed','2009-04-02','23',1,1,1,121,'17146.50',56,'Normal',0,0,0),(652,642,'23','SS','cambio de mangueras de rotocambers','2009-04-02','23',3,9,26,123,'1667.50',58,'Normal',0,0,0),(653,643,'23','SS','colocacion de señaleticas en calidad','2009-04-02','23',1,1,1,121,'782',22,'Normal',0,0,0),(654,644,'23','SS','colocacion de señaleticas circulares inma','2009-04-02','23',1,1,1,121,'690',22,'Normal',0,0,0),(655,645,'1','Pas/Aero','Ing. Tomas asiste a reunion con el subsec','2009-04-02','1',2,4,31,183,'3000',67,'Normal',0,0,0),(656,646,'1','Pas/Aero','Ing. Tomas a Toluca defensa del PIFIT','2009-04-02','1',2,4,31,183,'3300',67,'Normal',0,0,0),(657,647,'16','SS',' fletes por transportacion','2009-04-02','16',1,3,12,35,'2104.85',91,'Normal',0,0,0),(658,648,'7','SS',' impresion de revista ingenio','2009-04-02','7',3,7,38,53,'13230.75',59,'Normal',0,0,0),(659,649,'6','Ofic.','traslado de alumnos  Taller Int. Tecnolas','2009-04-02','6',1,1,27,173,'9000',86,'Normal',0,0,0),(660,650,'3','Pas/Urba','Ing. Zepeda a Toluca a defensa del PIFIT','2009-04-03','3',4,11,7,204,'220',67,'Normal',0,0,0),(661,651,'3','Req.','serv. de coffebreak p/ clausura','2009-04-03','3',3,7,37,45,'19538.50',13,'Normal',0,0,0),(662,652,'3','SS','Rehabilitación de 14 puertas en edif. \"Q\"','2009-04-03','3',3,7,37,45,'51692.50',56,'Normal',0,0,0),(663,653,'6','Ofic.','Pago a Ma. Lourdes Jonapa GT-2ING','2009-04-03','6',1,1,28,171,'4000',7,'Normal',0,0,0),(664,654,'23','SS','fumigacion y desinfeccion de 3 unidades','2009-04-03','23',1,1,15,122,'1497.30',57,'Normal',0,0,0),(666,655,'2','SS',' REFRESCOS CONSUMIDOS PARA LOS GUIAS QUE','2009-04-03','2',1,1,15,162,'5160.05',13,'Normal',0,55,0),(667,656,'3','Ofic.','PROFORDEMS (Pago a Emmanuel 01-07 al 12-0','2009-04-06','3',2,4,31,196,'5000',7,'Normal',0,0,0),(668,657,'3','Ofic.','PROFORDEMS (Pago a Emmanuel 16-02/31-03','2009-04-06','3',2,4,31,196,'5000',7,'Normal',0,0,0),(669,658,'8','Req.',' VESTIMENTA PARA EL GRUPO DE MARIMBA','2009-04-20','8',3,9,26,169,'9890',32,'Normal',148,0,0),(670,659,'8','Req.',' COMPRA DE GUITARRAS','2009-04-20','8',3,9,26,169,'18733.5',74,'Normal',149,0,0),(671,660,'8','Req.',' COMPRA DE ENCORDADURA','2009-04-20','8',3,9,26,169,'2720.34',24,'Normal',150,0,0),(672,661,'8','Req.',' COMPRA DE FUNDAS','2009-04-20','8',3,9,26,169,'3729.45',8,'Normal',151,0,0),(673,662,'23','SS','PAGO DEDUCIBLE DEL SEGURO UNIDAD DURANGO','2009-04-20','23',1,1,1,121,'742.22',49,'Normal',0,0,0),(674,663,'21','Pas/Aero','LIC. ELISA A MEXICO ENTREGA PROY. PROMOCI','2009-04-20','21',3,7,38,152,'3000',67,'Normal',0,0,0),(675,664,'21','Via','LIC. ELISA A MEXICO ENTREGA PROY. PROMOCI','2009-04-20','21',3,7,38,152,'1600',69,'Normal',0,0,0),(676,665,'7','SS',' EDICION DE VOZ, DIGITALIZACION Y ELABORA','2009-03-23','7',3,7,38,56,'3000.00',60,'Normal',0,41,0),(677,666,'7','SS',' CONSUMO DE ALIMENTOS','2009-03-24','7',3,7,38,53,'408.00',13,'Normal',0,44,0),(678,667,'7','SS',' CONSUMO DE ALIMENTOS','2009-04-01','7',3,7,38,53,'1018.90',13,'Normal',0,51,0),(679,668,'2','Comb.','ing. villalobos asiste a reunion a tiltep','2009-04-21','2',1,1,15,162,'200',29,'Normal',0,0,0),(681,669,'5','Req.',' MEMORIAS USB KINGSTON 2 GB','2009-04-21','5',1,1,1,147,'520',12,'Normal',160,0,0),(682,670,'6','Comb.','comb. Rosas a tapachula','2009-04-22','6',2,4,31,175,'2990.96',29,'Normal',0,0,0),(683,671,'23','Comb.','Julio cesar a minsa arriaga','2009-04-22','23',3,9,26,123,'1024',29,'Normal',0,0,0),(684,672,'14','Via','Rosas a tapachula empacadora de atun','2009-04-22','14',2,4,30,52,'1600',69,'Normal',0,0,0),(685,673,'20','Pas/Aero','DR. Jorge camas a taller int. tecnolaser','2009-04-22','20',1,2,36,144,'2504',67,'Normal',0,0,0),(686,674,'8','Req.',' UNIFORMES PARA EQUIPO DE ATLETISMO','2009-04-22','8',3,9,26,166,'1661.55',32,'Normal',152,0,0),(687,675,'8','Req.',' TAHALI GANCHO MANITA AXCEM','2009-04-22','8',3,9,26,169,'1175.9',15,'Normal',153,0,0),(688,676,'8','SS',' CONSUMO DE ALIMENTOS PARA GRADUACION','2009-04-03','8',3,9,26,212,'603.75',13,'Normal',0,54,0),(689,677,'14','Via','Qb. Aura a Tapachula asiste a empacadora','2009-04-22','14',2,4,30,52,'1600',69,'Normal',0,0,0),(690,678,'23','SS','duplicado de llaves','2009-04-22','23',1,1,1,121,'75.04',56,'Normal',0,0,0),(691,679,'23','Req.','Agua de 20 litros mes de Febrero','2009-04-22','23',1,1,15,122,'3240',13,'Normal',0,0,0),(692,680,'23','SS','serv. e afinacion mayor, lubricacion p/su','2009-04-22','23',3,9,26,123,'2237.90',58,'Normal',0,0,0),(693,681,'8','Comb.',' trasladar alumnos del ballet folklorico','2009-04-22','8',3,9,26,163,' 4840',29,'Cancelado',0,0,0),(694,682,'8','Ofic.',' ARTE Y CULTURA /casetas a Campeche P/fes','2009-04-22','8',3,9,26,163,' 1000',49,'Cancelado',0,0,0),(695,683,'8','Ofic.',' ARTE Y CULTURA (Alimentos de alumnos p/','2009-04-22','8',3,9,26,163,' 30240',85,'Cancelado',0,0,0),(696,684,'14','Ofic.','casetas a tapachuña qb. aura','2009-04-22','14',2,4,30,52,'82',49,'Normal',0,0,0),(697,685,'8','Via','  PARTICIPAR CON EL BALLET FOLKLORICO, AL','2009-04-21','8',3,9,26,0,' 1600',69,'Cancelado',0,0,15),(698,686,'8','Via','  PARTICIPAR CON EL BALLET FOLKLORICO, AL','2009-04-21','8',3,9,26,0,' 1600',69,'Cancelado',0,0,16),(699,687,'8','Via','  PARTICIPAR CON EL BALLET FOLKLORICO, AL','2009-04-21','8',3,9,26,0,' 1600',69,'Cancelado',0,0,17),(700,688,'8','Via','  PARTICIPAR CON EL BALLET FOLKLORICO, AL','2009-04-21','8',3,9,26,0,' 1600',69,'Cancelado',0,0,18),(701,689,'6','Ofic.','GT-3SCT (Pago Marco A. Mendez 06-Mar/18-A','2009-04-24','6',1,1,3,190,'5250',7,'Normal',0,0,0),(702,690,'6','Ofic.','GT-3SCT (Pago Ildeberto  27-Mar/18-Abri)','2009-04-24','6',1,1,3,190,'10500',7,'Normal',0,0,0),(703,691,'6','Ofic.','GT-3SCT (Pago Vicente leon 06-Mar/21-Mar)','2009-04-24','6',1,1,3,190,'10500',7,'Normal',0,0,0),(704,692,'6','Ofic.','GT-3SCT (Pago Dalila 01-Ene/31-Mar)','2009-04-24','6',1,1,3,190,'24000',7,'Normal',0,0,0),(705,693,'6','Ofic.','GT-3SCT (Pago Jose A. Ruiz  07-Mar/18-Abr','2009-04-24','6',1,1,3,190,'1500',7,'Normal',0,0,0),(706,694,'6','Ofic.','GT-4CM (Pago Eduardo Gomez 20-Mar/25-Abr)','2009-04-24','6',1,1,3,190,'5250',7,'Normal',0,0,0),(707,695,'6','Ofic.','GT-4CM (Pago Ariosto Cabrera 20-Mar/04-Ab','2009-04-24','6',1,1,3,190,'10500',7,'Normal',0,0,0),(708,696,'6','Comb.','Javier traslada alumnos tratamiento de ag','2009-04-24','6',2,4,31,175,'610.40',29,'Normal',0,0,0),(709,697,'6','Comb.','Javier Ram, se traslada a Hostoria natura','2009-04-24','6',2,4,31,175,'201.43',29,'Normal',0,0,0),(710,698,'6','Comb.','Javier Ram, se traslada a Pemex','2009-04-24','6',2,4,31,175,'103.77',29,'Normal',0,0,0),(711,699,'6','Comb.','Javier Ram, se traslada a Cd. Agua chiapa','2009-04-24','6',2,4,31,175,'201.43',29,'Normal',0,0,0),(712,700,'6','Comb.','Javier Ram, se traslada a Nestle','2009-04-24','6',2,4,31,175,'305.20',29,'Normal',0,0,0),(713,701,'6','Comb.','Javier Ram, se traslada a Smapa','2009-04-24','6',2,4,31,175,'201.43',29,'Normal',0,0,0),(714,702,'6','Comb.','Javier Ram, se traslada a div. empresas','2009-04-24','6',2,4,31,175,'1184.93',29,'Normal',0,0,0),(715,703,'6','Comb.','Javier Ram, se traslada a Ecosur','2009-04-24','6',2,4,31,175,'518.84',29,'Normal',0,0,0),(716,704,'3','Via',' Raul P. realiza visita a parque tec. ITE','2009-04-24','3',1,1,1,40,' 3200',69,'Cancelado',0,0,0),(717,705,'3','Pas/Aero',' Raul P. realiza visita a parque tec. ITE','2009-04-24','3',1,1,1,40,' 5000',67,'Normal',0,0,0),(718,706,'21','Via',' Lic. elisa a mexico recoger nomina','2009-04-24','21',3,7,38,152,'800',69,'Normal',0,0,0),(719,707,'21','Pas/Aero','Lic. elisa a mexico recoger nomina','2009-04-24','21',3,7,38,152,'3000',67,'Normal',0,0,0),(720,708,'3','Via',' C.p dalila asiste a rev. de studio de fa','2009-04-24','3',1,1,1,40,' 1600',69,'Cancelado',0,0,0),(721,709,'3','Pas/Aero',' C.p dalila asiste a reunion inf. modelo','2009-04-24','3',1,1,1,40,' 3000',67,'Cancelado',0,0,0),(722,710,'3','Ofic.',' PROFORDEMS (Pago a Lissette 01-15 Abril)','2009-04-24','3',2,4,31,196,' 2200',7,'Normal',0,0,0),(723,711,'3','Ofic.',' PROFORDEMS (Pago a Eloisa 01-15 Abril)','2009-04-24','3',2,4,31,196,' 1571.60',7,'Normal',0,0,0),(724,712,'3','Ofic.','PROFORDEMS (Pago a Clara Luz 01-15 Abril)','2009-04-24','3',2,4,31,196,'1500',7,'Normal',0,0,0),(725,713,'3','Ofic.','PROFORDEMS (Pago a Roberto Carlos 01-15 A','2009-04-24','3',2,4,31,196,'8000',7,'Normal',0,0,0),(726,714,'3','Ofic.','PROFORDEMS (Pago a Roberto Cifuentes 01-1','2009-04-24','3',2,4,31,196,'4500',7,'Normal',0,0,0),(727,715,'3','Ofic.','PROFORDEMS (Pago a Roberto Meneses 01-15','2009-04-24','3',2,4,31,196,'4500',7,'Normal',0,0,0),(728,716,'3','Ofic.',' PROFORDEMS (Pago a Ma. Carmen  01-15 Abr','2009-04-24','3',2,4,31,196,' 2200',7,'Normal',0,0,0),(729,717,'20','Via','Dr. Reiner a Tehuacan Participa en reunio','2009-04-24','20',1,2,8,132,'400',69,'Normal',0,0,0),(730,718,'20','Pas/Aero','Dr. Reiner a Tehuacan Participa en reunio','2009-04-24','20',1,2,8,132,'3400',67,'Normal',0,0,0),(731,719,'18','Ofic.','Casetas p/lic Eneida a san cris viaje de','2009-04-24','18',1,1,15,32,'70',49,'Normal',0,0,0),(732,720,'6','Via','Dr. Daniel asiste a evento de Creatividad','2009-04-24','6',1,1,27,173,'1000',69,'Normal',0,0,0),(733,721,'6','Via','Dr. Daniel asiste a reunion de Vinculacio','2009-04-24','6',1,1,27,173,'3500',69,'Normal',0,0,0),(734,722,'6','Pas/Aero','Dr. Daniel asiste a evento de Creatividad','2009-04-24','6',1,1,27,173,'6000',67,'Normal',0,0,0),(735,723,'8','Ofic.',' cuota de inc arte y cultura','2009-04-24','8',3,9,26,163,' 35652',85,'Cancelado',0,0,0),(736,724,'23','SS','LIMPIEZA DE LA INSTITUCION','2009-04-28','23',1,1,15,122,'47848.05',57,'Normal',0,0,0),(737,725,'4','Req.',' REUNIONES DE TRABAJO CON PERSONAL SUPERV','2009-04-29','4',4,12,42,200,'6834',13,'Normal',193,0,0),(738,726,'23','SS',' SERVICIO DE VIGILANCIA EN EL EDIFICIO E','2009-04-24','23',1,1,15,122,'79613.66',51,'Normal',0,58,0),(739,727,'23','SS',' PAGO DEL SEGURO DE LA UNIDAD F11 SUPER C','2009-04-24','23',1,1,15,122,'13173.03',46,'Normal',0,59,0),(740,728,'23','SS',' CERRAJERIA','2009-04-23','23',1,1,1,121,'2849.70',56,'Normal',0,57,0),(741,729,'23','Req.','Jardineria del mes de abril','2009-04-30','23',1,1,15,122,'17480',57,'Normal',0,0,0),(742,730,'23','SS',' MTTO A LAB. DE SISTEMAS, LABORATORIOS  M','2009-04-30','23',1,1,1,121,'135239.97',56,'Normal',0,60,0),(743,731,'25','SS',' MANTENIMIENTO E INSTALACION DE CLIMAS EN','2009-05-07','25',1,1,1,102,'51709.08',53,'Normal',0,61,0),(744,732,'25','SS',' INSTALACION DE EQUIPO DE AIRE ACONDICION','2009-05-07','25',1,1,1,102,'14060.13',53,'Normal',0,62,0),(745,733,'3','Ofic.','PROFORDEMS (Pago a Roberto carlos 16-30 A','2009-05-07','3',2,4,31,196,'8000',7,'Normal',0,0,0),(746,734,'3','Ofic.','PROFORDEMS (Pago a Roberto Cifuentes 16-3','2009-05-07','3',2,4,31,196,'4500',7,'Normal',0,0,0),(747,735,'3','Ofic.','PROFORDEMS (Pago a Roberto Meza 16-30 Abr','2009-05-07','3',2,4,31,196,'4500',7,'Normal',0,0,0),(748,736,'3','SS','PROFORDEMS (Pago a Clara Luz 16-30 Abril)','2009-05-07','3',2,4,31,196,'1500',7,'Normal',0,0,0),(749,737,'3','Ofic.','PROFORDEMS (Pago a Lissette 16-30 Abril)','2009-05-07','3',2,4,31,196,'2200',7,'Normal',0,0,0),(750,738,'3','Ofic.','PROFORDEMS (Pago a Ma. del Carmen 16-30 A','2009-05-07','3',2,4,31,196,'2200',7,'Normal',0,0,0),(751,739,'3','Ofic.','PROFORDEMS (Pago a Eloisa del Carmen 16-3','2009-05-07','3',2,4,31,196,'1571.60',7,'Normal',0,0,0),(752,740,'6','Ofic.','GT-4CM (Pago Fidel Tovilla 17-Abr/02-Mayo','2009-05-07','6',1,1,3,190,'10500',7,'Normal',0,0,0),(753,741,'6','Ofic.','GT-2ING (Pago a Lic. Geraldine 04 abri-04','2009-05-07','6',1,1,28,171,'10625',7,'Normal',0,0,0),(754,742,'6','Ofic.','GT-2ING (Pago a Lic. Briza Valery 04 abri','2009-05-07','6',1,1,28,171,'7424.84',102,'Normal',0,0,0),(755,743,'6','Ofic.','GT-2ING (Pago a Jesus Adrian 04 abri-04 M','2009-05-07','6',1,1,28,171,'4949.89',102,'Normal',0,0,0),(756,744,'6','Ofic.','GT-2ING (Pago a Juan Gabriel 04 abri-04 M','2009-05-07','6',1,1,28,171,'7424.84',102,'Normal',0,0,0),(757,745,'6','Ofic.','GT-2ING (Pago a Rocio Perez 04 abri-04 Ma','2009-05-07','6',1,1,28,171,'7424.84',102,'Normal',0,0,0),(758,746,'6','Ofic.','GT-2ING (Pago a Laura Alicia 04 abri-04 M','2009-05-07','6',1,1,28,171,'7424.84',102,'Normal',0,0,0),(759,747,'6','Ofic.','GT-2ING (Pago a Susana Gpe. 04 abri-04 Ma','2009-05-07','6',1,1,28,171,'4949.89',102,'Normal',0,0,0),(760,748,'6','Ofic.','GT-2ING (Pago a Karla Azucena 04 abri-04','2009-05-07','6',1,1,28,171,'2474.95',102,'Normal',0,0,0),(761,749,'6','Ofic.','GT-2ING (Pago a Adriana Isabel 04 abri-04','2009-05-07','6',1,1,28,171,'12374.72',102,'Normal',0,0,0),(762,750,'6','Ofic.','GT-2ING (Pago a Eduardo Perez 04 abri-04','2009-05-07','6',1,1,28,171,'12374.72',102,'Normal',0,0,0),(763,751,'6','Ofic.','GT-2ING (Pago a Evelyn Enriquez 04 abri-0','2009-05-07','6',1,1,28,171,'7424.84',102,'Normal',0,0,0),(764,752,'21','Via','LI. Elisa recoge quincena 09','2009-05-08','21',3,7,38,152,'1600',69,'Normal',0,0,0),(765,753,'21','Pas/Aero','Lic.Elisa recoge quincena 09','2009-05-08','21',3,7,38,152,'3000',67,'Normal',0,0,0),(766,872,'5','Comb.','combustible p/ c. paty a ecosur','2009-05-25','5',1,1,1,147,'172.80',29,'Normal',0,0,0),(767,873,'21','Pas/Aero','Lic. Elisa a México recoge quincena 10','2009-05-25','21',3,7,38,152,'3000',67,'Normal',0,0,0),(768,874,'21','Via','Lic. Elisa recoge nomina de quincena 10','2009-05-25','21',3,7,38,152,'1600',69,'Normal',0,0,0),(769,875,'20','Pas/Aero','Dr. hector asiste a cpngreso de computaci','2009-05-25','20',1,18,16,141,'2000',69,'Normal',0,0,0),(770,876,'20','Pas/Aero','Dr. hector asiste a cpngreso de computaci','2009-05-25','20',1,18,16,141,'3000',67,'Normal',0,0,0),(771,877,'22','Pas/Aero','C.P Melkis a DGEST entregara comprobacion','2009-05-25','22',3,7,38,117,'3000',67,'Normal',0,0,0),(772,878,'22','Via','C.P Melkis a DGEST entregara comprobacion','2009-05-25','22',3,7,38,117,'2000',69,'Normal',0,0,0),(773,879,'3','Via','PROFORDEMS (viaticos p/ roberto cifuentes','2009-05-25','3',3,7,37,45,'1000',69,'Normal',0,0,0),(774,880,'3','Via','PROFORDEMS (viaticos a roberto meza a Tap','2009-05-25','3',3,7,37,45,'800',69,'Normal',0,0,0),(775,881,'3','Pas/Aero','PROFORDEMS (viaticos a mexico)','2009-05-25','3',3,7,37,45,'3000',67,'Normal',0,0,0),(776,882,'3','Via','PROFORDEMS (viaticos a roberto carlos a m','2009-05-25','3',3,7,37,45,'2000',69,'Normal',0,0,0),(777,883,'3','Pas/Aero','PROFORDEMS (viaticos p/ ing. sarmiento a','2009-05-25','3',3,7,37,45,'3000',67,'Normal',0,0,0),(778,884,'3','Via','PROFORDEMS (viaticos p/ ing. sarmiento a','2009-05-25','3',3,7,37,45,'800',69,'Normal',0,0,0),(779,885,'3','Req.','PROFORDEMS (Pliego de papel bond)','2009-05-26','3',3,7,37,45,'270',8,'Normal',0,0,0),(780,886,'3','Req.','PROFORDEMS (Maletín con Solapa)','2009-05-26','3',3,7,37,45,'5970',8,'Normal',0,0,0),(781,887,'3','Req.','PROFORDEMS (cafe, galletas, azucar)','2009-05-26','3',3,7,37,45,'3099.75',13,'Normal',0,0,0),(782,888,'3','Req.','PROFORDEMS (vasos, servilletas, cucharas)','2009-05-26','3',3,7,37,45,'720.50',8,'Normal',0,0,0),(783,889,'20','Ofic.','pago de insc. a feria de posgrado','2009-05-26','20',1,2,36,144,'5000',65,'Normal',0,0,0),(784,890,'19','Ofic.','Sinodalías P/actos de rec. prof.','2009-05-26','19',1,1,3,57,'21000',7,'Normal',0,0,0),(785,891,'3','Req.','PROFORDEMS (copias tamaño carta)','2009-05-26','3',3,7,37,45,'6325',94,'Normal',0,0,0),(786,892,'2','Comb.','Ing. Villalobos asiste a la presd. munic.','2009-05-26','2',1,1,15,162,'201.42',29,'Normal',0,0,0),(787,893,'1','Via','Ing. Tomás asiste a reunión  con direct.','2009-05-27','1',2,4,31,183,'1000',69,'Normal',0,0,0),(788,894,'1','Via','Ing. Tomás asiste a la XVIII ext. de la a','2009-05-27','1',2,4,31,183,'3750',69,'Normal',0,0,0),(789,895,'3','SS','PAGO EXAMEN CENEVAL','2009-05-27','3',1,1,15,42,'99900',49,'Normal',0,0,0),(790,896,'24','Via','Ing. Octavio a Villahermosa asiste a ev.','2009-05-27','24',3,8,22,1,'300',69,'Normal',0,0,0),(791,897,'24','Pas/Aero','Ing. Octavio a Villahermosa asiste a ev.','2009-05-27','24',3,8,22,1,'464',67,'Normal',0,0,0),(792,898,'4','Ofic.','PAGO DE FACTURAS DE HOSPEDAJE DE AUDITORE','2009-05-28','4',4,12,42,200,'37926.08',69,'Normal',0,0,0),(793,899,'6','Ofic.','GT-2ING (Pago de sinodalias a Rocio Perez','2009-05-28','6',1,1,28,171,'1800',102,'Normal',0,0,0),(794,900,'6','Ofic.','GT-2ING (Pago de sinodalias a Jesus adria','2009-05-28','6',1,1,28,171,'1800',102,'Normal',0,0,0),(795,901,'6','Ofic.','GT-2ING (Pago a Eduardo Perez 05 May-06 J','2009-05-28','6',1,1,28,171,'12374.72',102,'Normal',0,0,0),(796,902,'6','Ofic.','GT-2ING (Pago a Adriana Isabel 05 May-06','2009-05-28','6',1,1,28,171,'12374.72',102,'Normal',0,0,0),(797,903,'6','Ofic.','GT-2ING (Pago a Karla Azucena 05 May-06 J','2009-05-28','6',1,1,28,171,'2474.95',102,'Normal',0,0,0),(798,904,'6','Ofic.','GT-2ING (Pago a Susana Gpe. 05 May-06 Jun','2009-05-28','6',1,1,28,171,'4949.89',102,'Normal',0,0,0),(799,905,'6','Ofic.','GT-2ING (Pago a Laura Cancino 05 May-06 J','2009-05-28','6',1,1,28,171,'7424.84',102,'Normal',0,0,0),(800,906,'6','Ofic.','GT-2ING (Pago a Evelyn Enriquez 05 May-06','2009-05-28','6',1,1,28,171,'7424.84',102,'Normal',0,0,0),(801,907,'6','Ofic.','GT-2ING (Pago a Rocio Gpe. 05 May-06 Jun)','2009-05-28','6',1,1,28,171,'7424.84',102,'Normal',0,0,0),(802,908,'6','Ofic.','GT-2ING (Pago a Juan Gabriel 05 May-06 Ju','2009-05-28','6',1,1,28,171,'7424.84',102,'Normal',0,0,0),(803,909,'6','Ofic.','GT-2ING (Pago a Adrián castañon 05 May-06','2009-05-28','6',1,1,28,171,'4949.89',102,'Normal',0,0,0),(804,910,'6','Ofic.','GT-2ING (Pago a Briza Valery 05 May-06 Ju','2009-05-28','6',1,1,28,171,'7424.84',102,'Normal',0,0,0),(805,911,'6','Ofic.','GT-2ING (Pago a Rosario geraldine 05 May-','2009-05-28','6',1,1,28,171,'10625',7,'Normal',0,0,0),(806,912,'9','Req.','carpetas curpiel T/C para graduacion','2009-05-29','9',1,1,15,103,'37260',8,'Normal',0,0,0),(807,913,'14','Via','Ing. Rodrigo  Ferrer a Coita asiste a vis','2009-05-29','14',1,1,19,50,'400',69,'Normal',0,0,0),(808,914,'14','Via','Jose Luis a Coita a Maseca','2009-05-29','14',1,1,19,50,'400',69,'Normal',0,0,0),(809,915,'7','SS','Impresion de LOnas','2009-05-29','7',3,7,38,53,'782',59,'Normal',0,0,0),(810,916,'20','Via','M. C Humberto a reunion de posgrado en in','2009-05-29','20',1,18,16,141,'1600',69,'Normal',0,0,0),(811,917,'20','Pas/Aero','M. C Humberto a reunion de posgrado en in','2009-05-29','20',1,18,16,141,'3000',67,'Normal',0,0,0),(812,918,'6','Ofic.','GT-4CM (Pago a Cein Teco 15 al 30 de Mayo','2009-05-29','6',1,1,3,190,'10500',7,'Normal',0,0,0),(813,919,'6','Ofic.','GT-4CM (Pago a Alvaro Sol 15 al 30 de May','2009-05-29','6',1,1,3,190,'10500',7,'Normal',0,0,0),(814,920,'18','Pas/Aero','Pasajes de Dr. MIguel Cisneros','2009-05-29','18',1,3,25,218,'3000',67,'Normal',0,0,0),(815,921,'6','Ofic.',' GT-2ING (Pago a Rosendo Vázquez mantto.','2009-05-29','6',1,1,28,171,' 12000',53,'Normal',0,0,0),(816,922,'7','SS','CONSUMO DE ALIMENTOS SERV. EN INST.','2009-05-29','7',3,7,38,53,'800',13,'Normal',0,0,0),(817,923,'7','SS','PAGO A SUSC. AL HERALDO','2009-05-29','7',3,7,38,53,'1620',88,'Normal',0,0,0),(818,924,'23','SS','renta de macetas y jardineras','2009-05-29','23',1,1,1,121,'1656',94,'Normal',0,0,0),(819,925,'7','SS','impresion de lonas','2009-05-29','7',3,7,38,53,'2587.50',59,'Normal',0,0,0),(820,926,'23','SS','MANTTO. Y CONSERV. DE HIGIENA MES DE MAYO','2009-05-29','23',1,1,15,122,'47848.05',57,'Normal',0,0,0),(821,927,'6','SS','GT-4CM (fotocopias)','2009-05-29','6',1,1,3,190,'2420.08',94,'Normal',0,0,0),(822,928,'19','Req.',' MATERIAL PARA REINSCRIPCIONES','2009-06-01','19',1,1,15,58,'2760',8,'Normal',154,0,0),(823,929,'19','Req.',' MATERIAL PARA OFICINA','2009-06-01','19',1,1,15,58,'290',8,'Normal',155,0,0),(824,930,'19','Req.',' MATERIAL PARA REINSCRIPCIONES','2009-06-01','19',1,1,15,60,'1600',8,'Normal',156,0,0),(825,931,'19','Req.',' MATERIAL PARA REINSCRIPCIONES','2009-06-01','19',1,1,15,59,'21000',12,'Normal',157,0,0),(826,932,'18','Req.',' PARA CURSOS A DOCENTES','2009-06-01','18',1,3,12,20,'1240',13,'Normal',162,0,0),(827,933,'8','Req.',' VESTIMENTA PARA EL GRUPO DE RONDALLA','2009-06-01','8',3,9,26,164,'44620',32,'Normal',183,0,0),(828,934,'8','Req.',' UNIFORMES PARA  RONDALLA Y DANZA','2009-06-01','8',3,9,26,164,'3645.5',32,'Normal',184,0,0),(829,935,'8','Req.',' MATERIAL DE OFICINA PARA EL DEPTO.','2009-06-01','8',3,9,26,164,'7727.42',8,'Normal',188,0,0),(830,936,'17','Req.',' COMPRA DE MATERIAL DE OFICINA','2009-06-01','17',1,3,12,94,'1035',8,'Normal',191,0,0),(831,937,'17','Req.',' COMPRA DE MATRIAL ELECTRICO','2009-06-01','17',1,1,27,96,'1506',16,'Normal',203,0,0),(832,938,'12','Req.',' COFEE BREAK UTILIZADO EL DÍA VIERNES 22','2009-06-01','12',1,3,6,81,'320.85',13,'Normal',202,0,0),(833,939,'12','Req.',' SILLA Y ESCRITORIO','2009-06-01','12',1,1,19,99,'7900',71,'Normal',197,0,0),(834,940,'12','Req.','','2009-06-01','12',1,1,15,84,'3000.3',8,'Normal',141,0,0),(835,941,'12','Req.',' HOLA NENITA ME URGE QUE ME AUTORICEN EL','2009-06-01','12',1,1,19,99,'48348',79,'Normal',200,0,0),(836,942,'12','Req.',' NENA TE ENVIO REQUI DE CANDADITOS Y FAJI','2009-06-01','12',1,1,3,83,'550',15,'Normal',194,0,0),(837,943,'3','SS',' Consultoria en la implementación de ISO','2009-03-20','3',4,11,7,44,'3450.00',38,'Normal',0,65,0),(838,944,'3','SS',' Consultoria en la implementación de ISO','2009-01-26','3',4,11,7,44,'3450.00',38,'Normal',0,63,0),(839,945,'3','SS',' Consultoria en la implementación de ISO','2009-02-13','3',4,11,7,44,'3450.00',38,'Normal',0,64,0),(840,946,'1','Via','REUNION CON ING. JUAN JOSE ECHEVERRIA','2009-06-01','1',2,4,31,183,'3000',67,'Normal',0,0,0),(841,947,'6','Ofic.','Pago de C. Matilde Perez Dominguez','2009-06-01','6',1,1,28,171,'6000',7,'Normal',0,0,0),(843,949,'20','SS',' IMPRESION DE 2000 PLUMAS, 300 CAMISETAS','2009-06-01','20',1,2,36,145,'100027.00',59,'Normal',0,66,0),(844,950,'23','SS','PAGO DE SEGURO DEL AUTOBUS','2009-06-02','23',1,1,15,122,'28373.82',46,'Normal',0,0,0),(845,951,'19','Comb.','Portafolletos y sellos de entintaje aut.','2009-06-02','19',1,1,15,58,'995.90',8,'Normal',0,0,0),(846,952,'19','Req.','Cable VGA estandard p/cañon','2009-06-02','19',1,1,15,58,'675',23,'Normal',0,0,0),(847,953,'20','Via','Dr. Federico Miceli asiste a reunion de p','2009-06-02','20',1,18,16,141,'800',69,'Normal',0,0,0),(848,954,'20','Pas/Aero','Dr. Federico Miceli asiste a reunion de p','2009-06-02','20',1,18,16,141,'6000',67,'Normal',0,0,0),(849,955,'3','Ofic.','PROFORDEMS(Pago Emmanuel 1-30 abril)','2009-06-02','3',2,4,31,196,'7556',7,'Normal',0,0,0),(850,956,'6','Ofic.','Pago(Emmanuel 01-29 de mayo)','2009-06-02','6',1,1,28,171,'7556',7,'Normal',0,0,0),(851,957,'6','SS','evento de creatividad','2009-06-02','6',1,1,27,173,'2539.20',59,'Normal',0,0,0),(852,958,'20','Via','Dr. Reiner asiste a feria de posgrados','2009-06-02','20',1,2,36,144,'7200',69,'Normal',0,0,0),(853,959,'20','Pas/Aero','Dr. Reiner asiste a feria de posgrados','2009-06-03','20',1,2,36,144,'10000',67,'Normal',0,0,0),(854,960,'20','Via','Dr. Joaquin MOntes asiste a feria de posg','2009-06-03','20',1,2,36,144,'7200',69,'Normal',0,0,0),(855,961,'20','Pas/Aero','Dr. Joaquin MOntes asiste a feria de posg','2009-06-03','20',1,2,36,144,'10000',67,'Normal',0,0,0),(856,962,'20','Via','Dr. Rafael asiste a reg. de sol ante PROM','2009-06-03','20',1,18,16,141,'500',69,'Normal',0,0,0),(857,963,'20','Pas/Aero','Dr. Rafael asiste a reg. de sol ante PROM','2009-06-03','20',1,18,16,141,'3000',67,'Normal',0,0,0),(858,964,'6','Comb.','Jose Luis traslada alumnos al evento de c','2009-06-03','6',1,1,27,173,'840',29,'Normal',0,0,0),(859,965,'5','Pas/Aero','C.p Paty a México entrega POA 08 y 09','2009-06-03','5',1,1,1,147,'3000',67,'Normal',0,0,0),(860,966,'6','Req.','GT-4 CM herramientas p/aut.','2009-06-03','6',1,1,3,190,'22650',15,'Normal',0,0,0),(861,967,'6','Req.','GT-4 CM lamparas y cable','2009-06-03','6',1,1,3,190,'485.01',23,'Normal',0,0,0),(862,968,'7','Req.','De metal mov. p/soporte de t.v','2009-06-03','7',3,7,38,53,'3295',21,'Normal',0,0,0),(863,969,'3','Ofic.','PROFORDEMS (Pago a Eloisa del 16-30 Mayo)','2009-06-03','3',2,4,31,196,'1571.60',7,'Normal',0,0,0),(864,970,'3','Ofic.','PROFORDEMS (Pago a  Clara Luz del 16-30 M','2009-06-03','3',2,4,31,196,'1500',7,'Normal',0,0,0),(865,971,'3','Ofic.','PROFORDEMS (Pago a iNG. Roberto Carlos de','2009-06-03','3',2,4,31,196,'8000',7,'Normal',0,0,0),(866,972,'3','Ofic.','PROFORDEMS (Pago a Roberto Cifuentes del','2009-06-03','3',2,4,31,196,'4500',7,'Normal',0,0,0),(867,973,'3','Ofic.','PROFORDEMS (Pago a Roberto Meza del 16-30','2009-06-03','3',2,4,31,196,'4500',7,'Normal',0,0,0),(868,974,'3','Ofic.','PROFORDEMS (Pago a  Ma. Carmen  del 16-30','2009-06-03','3',2,4,31,196,'2200',7,'Normal',0,0,0),(869,975,'3','Ofic.','PROFORDEMS (Pago a  Lissette  del 16-30 M','2009-06-03','3',2,4,31,196,'2200',7,'Normal',0,0,0),(870,976,'3','Req.',' Regulador Koblenz 1200 Watts','2009-06-03','3',3,7,37,45,' 2830',78,'Cancelado',0,0,0),(871,977,'12','Req.',' SEMINARIO DE INVESTIGACION','2009-06-04','12',1,3,6,81,'556.6',13,'Normal',207,0,0),(872,978,'21','Req.',' PARA USO DE LAS OFICINAS Y JEFATURA DEL','2009-06-04','21',4,12,42,154,'6566',12,'Normal',208,0,0),(873,979,'6','Req.',' PARA EL EVENTO DE CREATIVIDAD','2009-06-04','6',1,1,27,173,'357',8,'Normal',209,0,0),(874,980,'25','Req.',' PARA DOTAR DE ILUMNINACION A LAS AREAS Q','2009-06-04','25',1,1,1,101,'52416.25',23,'Normal',211,0,0),(876,982,'25','Req.','  PARA ILUMINAR AREAS QUE LO NECESITEN','2009-06-04','25',1,1,1,101,' 1003.5',23,'Cancelado',213,0,0),(877,983,'25','Req.','  PARA ILUMINAR LAS AREAS QUE LO NECESITE','2009-06-04','25',1,1,1,101,' 1338',23,'Cancelado',214,0,0),(878,984,'25','Req.','  PARA ILUMINAR LAS AREAS QUE LO NEC ESIT','2009-06-04','25',1,1,1,101,' 1399',23,'Cancelado',216,0,0),(879,985,'9','Pas/Aero','Lic. Isabel asiste a entrega de titulos e','2009-06-04','9',1,1,3,124,'3000',67,'Normal',0,0,0),(880,986,'9','Pas/Aero','Vero asiste a entrega de titulos a DGEST','2009-06-04','9',1,1,3,124,'3000',67,'Normal',0,0,0),(881,987,'20','Req.',' SE UTILIZARA EN EL PROYECTO INTERNO SII-','2009-06-04','20',1,2,36,145,'231',28,'Normal',217,0,0),(882,988,'20','Req.',' SE UTILIZARA EN EL PROYECTO SII-2009-02,','2009-06-04','20',1,2,36,145,'2000',90,'Normal',218,0,0),(883,989,'6','Comb.','Eliseo traslada a Itzel a ocosingo','2009-06-04','6',2,4,29,170,'920',29,'Normal',0,0,0),(884,990,'6','Via','Eliseo traslada a Itzel a ocosingo','2009-06-04','6',2,4,29,170,'400',69,'Normal',0,0,0),(885,991,'6','Ofic.','GT-4 CM Pago a C,p Dalila','2009-06-04','6',1,1,3,190,'8000',7,'Normal',0,0,0),(886,992,'9','Req.','Material médico','2009-06-04','9',1,1,3,124,'1987.55',27,'Normal',0,0,0),(887,993,'9','Req.','Medicamentos para Consultorio','2009-06-04','9',1,1,3,124,'300.96',26,'Normal',0,0,0),(888,994,'9','Req.','Medicamentos para Consultorio','2009-06-04','9',1,1,3,124,'2142.30',26,'Normal',0,0,0),(889,995,'9','Req.','Medicamentos para Consultorio','2009-06-04','9',1,1,3,124,'1181.48',26,'Normal',0,0,0),(890,996,'9','Req.','Medicamentos para Consultorio','2009-06-04','9',1,1,3,124,'2146.26',26,'Normal',0,0,0),(891,997,'23','Req.','Bote, Bisagra, Clavo','2009-06-04','23',1,1,1,121,'50.55',15,'Normal',0,0,0),(892,998,'23','Req.','Thinner Std','2009-06-04','23',1,1,1,121,'170.17',90,'Normal',0,0,0),(893,999,'23','Req.','clavo, taquete, tornillo y chapa','2009-06-04','23',1,1,1,121,'57.64',15,'Normal',0,0,0),(894,1000,'23','Req.','pegacomex, triplay, laca','2009-06-04','23',1,1,1,121,'692.12',20,'Normal',0,0,0),(895,1001,'23','Req.','codo de cobre','2009-06-04','23',1,1,1,121,'150.73',21,'Normal',0,0,0),(896,1002,'23','Req.','refrescos manzanita y 7up','2009-06-04','23',1,1,1,121,'46.96',13,'Normal',0,0,0),(897,1003,'23','Req.','platos bosco','2009-06-04','23',1,1,1,121,'58.64',8,'Normal',0,0,0),(898,1004,'23','Req.',' CONSUMO DE ALIMENTOS SERV. EN INST.','2009-06-04','23',1,1,1,121,' 159',13,'Cancelado',0,0,0),(899,1005,'23','Req.',' CONSUMO DE ALIMENTOS SERV. EN INST.','2009-06-04','23',1,1,1,121,'457',13,'Normal',0,0,0),(900,1006,'23','Req.','Migitorio costero','2009-06-04','23',1,1,1,121,'630.01',21,'Normal',0,0,0),(901,1007,'23','SS','2 pipas de agua potable','2009-06-04','23',1,1,15,122,'800',41,'Normal',0,0,0),(902,1008,'23','Req.','tablas, triplay','2009-06-04','23',1,1,1,121,'2450',20,'Normal',0,0,0),(903,1009,'3','Req.','Botella de agua purificada','2009-06-04','3',3,7,37,45,'270',13,'Normal',0,0,0),(904,1010,'23','SS','Ser. Extraord. de desinfeccion en en los','2009-06-04','23',1,1,15,122,'10800',57,'Normal',0,0,0),(905,1011,'23','SS','2 pipas de agua potable 11/05/09','2009-06-04','23',1,1,15,122,'800',41,'Normal',0,0,0),(906,1012,'23','Req.','Agua de 20 litros mes de Mayo','2009-06-04','23',1,1,15,122,'1260',13,'Normal',0,0,0),(907,1013,'23','SS','Jardinería mes de Junio','2009-06-05','23',1,1,15,122,'17480',57,'Normal',0,0,0),(908,1014,'23','Req.','Agua de 20 litros mes de Marzo','2009-06-05','23',1,1,15,122,'1644',13,'Normal',0,0,0),(909,1015,'23','SS','Pipas de agua de 10,000 lts.','2009-06-05','23',1,1,15,122,'4000',41,'Normal',0,0,0),(910,1016,'23','Req.','Toner HP Q2612A','2009-06-05','23',1,1,1,121,'2354.66',12,'Normal',0,0,0),(911,1017,'23','Req.','Hojas Blancas T7C','2009-06-05','23',1,1,1,121,'3363.75',8,'Normal',0,0,0),(912,1018,'23','Req.','Disco, Tubular, Soldadura','2009-06-05','23',1,1,1,121,'1621.21',20,'Normal',0,0,0),(913,1019,'23','Req.','C. center 138 comex 100','2009-06-05','23',1,1,1,121,'8402.99',20,'Normal',0,0,0),(914,1020,'22','Pas/Aero','C.P Melkis a DGEST entregara comprobacion','2009-06-05','22',3,7,38,117,'3000',67,'Normal',0,0,0),(915,1021,'22','Via','C.P Melkis a DGEST entregara comprobacion','2009-06-05','22',3,7,38,117,'1000',69,'Normal',0,0,0),(916,1022,'3','Ofic.','GT-1DIP (PAGO A AMADO CAST. 23/05-05/06','2009-06-05','3',2,4,31,196,'10000',7,'Normal',0,0,0),(917,1023,'3','Ofic.','GT-1DIP (PAGO A RAUL MORENO 23/05-05/06','2009-06-05','3',2,4,31,196,'10000',7,'Normal',0,0,0),(918,1024,'3','Ofic.','GT-1DIP (PAGO A MELKIS 23/05-05/06','2009-06-05','3',2,4,31,196,'10000',7,'Normal',0,0,0),(919,1025,'3','Ofic.','GT-1DIP (PAGO A RICARDO A 23/05-05/06','2009-06-05','3',2,4,31,196,'10000',7,'Normal',0,0,0),(920,1026,'3','Ofic.','GT-1DIP (PAGO A CARLOS CERDA 23/05-05/06','2009-06-05','3',2,4,31,196,'10000',7,'Normal',0,0,0),(921,1027,'3','Ofic.','GT-1DIP (PAGO A FRANCISCO SUAREZ 23/05-05','2009-06-05','3',2,4,31,196,'10000',7,'Normal',0,0,0),(922,1028,'3','Ofic.','GT-1DIP (PAGO A FERNANDO MAY 23/05-05/06','2009-06-05','3',2,4,31,196,'10000',7,'Normal',0,0,0),(923,1029,'3','Ofic.','GT-1DIP (PAGO A MARCO ZUÑIGA 23/05-05/06','2009-06-05','3',2,4,31,196,'10000',7,'Normal',0,0,0),(924,1030,'3','Ofic.','GT-1DIP (PAGO A MARCO MENDEZ 23/05-05/06','2009-06-05','3',2,4,31,196,'10000',7,'Normal',0,0,0),(925,1031,'3','Ofic.','GT-1DIP (PAGO A APOLINAR 23/05-05/06','2009-06-05','3',2,4,31,196,'10000',7,'Normal',0,0,0),(926,1032,'7','SS','suscripcion por un año','2009-06-05','7',3,7,38,53,'2000',88,'Normal',0,0,0),(927,1033,'7','SS','PAGO DE SUSC. AL PERIODICO DIARIO DE CHIA','2009-06-05','7',3,7,38,53,'2500',88,'Normal',0,0,0),(928,1034,'7','SS','PAGO DE SUSC. AL PERIODICO EL SOL DE CHIA','2009-06-05','7',3,7,38,53,'1200',88,'Normal',0,0,0),(929,1035,'7','SS','PAGO DE SUSC. AL PERIODICO EL CUARTO PODE','2009-06-05','7',3,7,38,53,'2520',88,'Normal',0,0,0),(930,1036,'18','SS',' Serv. de alim. p/ capac. examen de admis','2009-06-05','18',1,1,15,32,'1541',13,'Normal',0,0,0),(931,1037,'17','Req.','lamparas, extension electrica','2009-06-05','17',1,1,27,96,'1274',23,'Normal',0,0,0),(932,1038,'7','SS','mantto. a impresora correctivo HP laserje','2009-06-05','7',3,7,38,53,'460',54,'Normal',0,0,0),(933,1039,'7','SS','pago de renta Centro de convenciones p/ g','2009-06-05','7',3,7,38,53,'31779',64,'Normal',0,0,0),(934,1040,'3','Req.',' AIRES ACONDICIONADOS','2009-06-05','3',3,7,37,155,'177514.5',72,'Normal',226,0,0),(935,1041,'10','Req.',' PARA USO DE BASE DE DATOS Y DE ACCESO A','2009-06-05','10',3,8,21,186,'100000',79,'Normal',225,0,0),(936,1042,'10','Req.',' ATENDER 180000 ESTUDIANTES Y PROPORCIONA','2009-06-05','10',3,8,21,186,'4900',88,'Normal',224,0,0),(937,1043,'25','Req.',' PARA ILUMINAR LAS AREAS QUE LO NECESITEN','2009-06-05','25',1,1,1,101,'2101',20,'Normal',219,0,0),(938,1044,'4','Req.','AIRES ACONDICIONADOS DE 12, 24 Y 36,000 B','2009-06-05','4',4,11,7,198,'83618.80',72,'Normal',0,0,0),(939,1045,'5','Via','C.p Paty a México entrega POA 08 y 09','2009-06-08','5',1,1,1,147,'2000',69,'Normal',0,0,0),(940,1046,'3','Via','PROFORDEMS (Ing. Roberto part. en reun de','2009-06-08','3',3,7,37,45,'3000',69,'Normal',0,0,0),(941,1047,'3','Pas/Aero','PROFORDEMS (Ing. Roberto part. en reun de','2009-06-08','3',3,7,37,45,'3000',67,'Normal',0,0,0),(942,1048,'9','Via','Veronica asiste a entrega de titulos y ce','2009-06-08','9',1,1,3,124,'1600',69,'Normal',0,0,0),(943,1049,'9','Via','Lic. Isabel asiste a entrega de titulos e','2009-06-08','9',1,1,3,124,'2000',69,'Normal',0,0,0),(944,1050,'3','Pas/Aero','Ing. Zepeda asiste a reun. con el subsecr','2009-06-08','3',4,11,7,204,'3000',67,'Normal',0,0,0),(945,1051,'7','Req.',' Toner HP negro, cyan, amarillo, magenta','2009-06-08','7',3,7,38,53,'5120.20',12,'Normal',0,0,0),(946,1052,'10','Req.','Cinta P7Impresora de matriz de epson, ton','2009-06-08','10',3,8,21,184,'2827',12,'Normal',0,0,0),(947,1053,'1','Via','Ing. Tomás asiste a reunion con Sub. de e','2009-06-08','1',2,4,31,183,'3750',69,'Normal',0,0,0),(948,1054,'1','Pas/Aero','Ing. Tomás asiste a reunion con Sub. de e','2009-06-08','1',2,4,31,183,'3000',67,'Normal',0,0,0),(949,1055,'7','SS','2 enmarcados de madera','2009-06-08','7',3,7,38,53,'1160',94,'Normal',0,0,0),(950,1056,'3','Via','Viaticos a Minatitlan asiste a imp. de SI','2009-06-08','3',4,11,7,204,'2000',69,'Normal',0,0,0),(951,1057,'23','Req.','casquillo, empaque, tuerca, conector','2009-06-08','23',1,1,1,121,'37.06',15,'Normal',0,0,0),(952,1058,'23','Req.','cuello sin guia wc','2009-06-08','23',1,1,1,121,'9.98',21,'Normal',0,0,0),(953,1059,'23','Req.','SILICON SPT-80 DEVCON','2009-06-08','23',1,1,1,121,'20.15',20,'Normal',0,0,0),(954,1060,'3','Via','Ing. zepeda asiste a reunion con el subse','2009-06-08','3',4,11,7,204,'3750',69,'Normal',0,0,0),(955,1061,'21','Via','Lic. Elisa a México recoge nomina de quin','2009-06-09','21',3,7,38,152,'1600',69,'Normal',0,0,0),(956,1062,'21','Pas/Aero','Lic. Elisa a México recoge nomina de quin','2009-06-09','21',3,7,38,152,'3000',67,'Normal',0,0,0),(957,1063,'24','Via','Ing. Octavio a Minatitlan asiste a instal','2009-06-09','24',3,8,22,1,'2000',69,'Normal',0,0,0),(958,1064,'24','Via','José Luis traslada a ing. Octavio a Minat','2009-06-09','24',3,8,22,1,'1600',69,'Normal',0,0,0),(959,1065,'20','Req.',' MATERIAL QUE SERA UTILIZADO EN EL PROYEC','2009-06-09','20',1,2,36,145,'7111.92',23,'Normal',206,0,0),(960,1066,'10','Req.',' ATENDER 180000 ESTUDIANTES Y PROPORCIONA','2009-06-09','10',3,8,21,186,'44999.96',88,'Normal',227,0,0),(961,1067,'18','Req.',' PARA CABLEADO DE LA RED DE TUTORIA','2009-06-09','18',1,1,15,32,'45',20,'Normal',228,0,0),(962,1068,'18','Req.',' PARA CABLEADO DE LA RED DE TUTORIA','2009-06-09','18',1,1,15,32,'1710',23,'Normal',229,0,0),(963,1069,'25','Req.',' PARA ILUMINAR LAS AREAS QUE LO NECESITEN','2009-06-09','25',1,1,1,101,'11408.5',23,'Normal',230,0,0),(964,1070,'17','Req.',' COMPRA DE MATERIAL DE OFICINA','2009-06-09','17',1,1,27,96,'2560',12,'Normal',232,0,0),(965,1071,'17','Req.',' COMPRA DE MATERIAL PARA OFICINA','2009-06-09','17',1,1,27,96,'600',17,'Normal',235,0,0),(966,1072,'20','Req.',' MATERIAL QUE SERA UTILIZADO PARA LA CORR','2009-06-09','20',1,2,32,219,'7830',8,'Normal',237,0,0),(967,1073,'20','Req.',' SE UTILIZARA PARA EL FUNCIONAMIENTO DE L','2009-06-09','20',1,2,32,219,'11839',12,'Normal',238,0,0),(968,1074,'20','Req.',' SE UTILIZARA PARA EL FUNCIONAMIENTO DE L','2009-06-09','20',1,2,32,219,'2284',12,'Normal',239,0,0),(969,1075,'20','Req.',' SE UTUILIZARAN PARA LOS CONTROLES DE ENC','2009-06-09','20',1,2,32,219,'260',23,'Normal',240,0,0),(970,1076,'9','Via','ASISTIR AL CURSO DE CAPACITACION DEL SII','2009-06-09','9',1,1,3,124,'2000',69,'Normal',0,0,0),(971,1077,'9','Comb.','TRASLADO DE JEFE A MINA','2009-06-09','9',1,1,3,124,'1024',29,'Normal',0,0,0),(973,1079,'13','Req.','  PLUMONGISES','2009-06-10','13',1,2,36,31,'5000',8,'Normal',249,0,0),(974,1080,'20','Req.',' EL FUNCIONAMIENTO DE LA DIVISION DE POSG','2009-06-11','20',1,2,32,219,'2588.26',12,'Normal',242,0,0),(975,1081,'18','SS',' 2 CURSOS SOBRE ESTRATEGIAS BASICAS Y HER','2009-06-11','18',1,3,12,19,'38000.00',38,'Normal',0,69,0),(976,1082,'18','SS',' HOSPEDAJE Y ALIMENTACION PARA LOS PROFES','2009-06-11','18',1,3,12,19,'7400.00',65,'Normal',0,70,0),(977,1083,'18','SS',' PASAJES DE LOS MAESTROS ANGELINA MARTÍNE','2009-06-11','18',1,3,12,19,'15000.00',65,'Normal',0,71,0),(978,1084,'5','Pas/Urba','PASAJES URBANOS DE ING ANDRES','2009-06-11','5',1,1,1,147,'200',67,'Normal',0,0,0),(979,1085,'5','Req.',' PAGO DE DERECHOS','2009-06-11','5',1,1,1,147,'1299',49,'Normal',257,0,0),(981,1086,'18','Via',' ASISTE A LA REUNION DEL PROGRAMA NAC. DE','2009-06-11','18',1,3,12,0,'2000',69,'Normal',0,0,29),(982,1087,'3','SS',' ENVIO DE CAJAS DE EXAMEN DE CENEVAL','2009-06-09','3',4,11,7,44,'3346.73',91,'Normal',0,68,0),(983,1088,'23','Ofic.','Casetas a mina p/josé Luis','2009-06-15','23',1,1,1,121,'350',49,'Normal',0,0,0),(984,1089,'23','Req.','Thinner americano','2009-06-15','23',1,1,1,121,'345',90,'Normal',0,0,0),(985,1090,'23','Req.','Triplay, tablas','2009-06-15','23',1,1,1,121,'7935',20,'Normal',0,0,0),(986,1091,'23','Req.','Valvula, conector','2009-06-15','23',1,1,1,121,'294.18',21,'Normal',0,0,0),(987,1092,'23','Req.','cinta canela','2009-06-15','23',1,1,1,121,'45',8,'Normal',0,0,0),(988,1093,'23','Req.','Aerocomex blanco brillante','2009-06-15','23',1,1,1,121,'392.18',20,'Normal',0,0,0),(989,1094,'23','Req.','fabuloso, cloralex, pastilla des. bolsa p','2009-06-15','23',1,1,1,121,'24705',9,'Normal',0,0,0),(990,1095,'23','Req.','magitel, despachador de gel antibact.','2009-06-15','23',1,1,1,121,'918',9,'Normal',0,0,0),(991,1096,'23','Req.','guantes, mechudo, glade, jabon','2009-06-15','23',1,1,1,121,'13661',9,'Normal',0,0,0),(992,1097,'23','Req.','sarricida, limpiavidrios, acido muriatico','2009-06-15','23',1,1,1,121,'6332',9,'Normal',0,0,0),(993,1098,'23','SS','Renta de equipo de sonido P/evento del di','2009-06-15','23',1,1,1,121,'2000',44,'Normal',0,0,0),(994,1099,'23','Req.','tarjeta 2 GB duo Sony Memory','2009-06-15','23',1,1,1,121,'279',16,'Normal',0,0,0),(995,1100,'23','Req.','consumo de alimentos P/reunion de jefes d','2009-06-15','23',1,1,1,121,'1150',13,'Normal',0,0,0),(996,1101,'23','Req.','consumo de alimentos P/evento de ceremoni','2009-06-15','23',1,1,1,121,'1692.10',13,'Normal',0,0,0),(997,1102,'18','Pas/Aero','Asiste a reunion del prog. nac. de form.','2009-06-15','18',1,3,12,19,'3500',67,'Normal',0,0,0),(998,1103,'3','Pas/Aero','Participar en reunion de trabajo s/def. d','2009-06-15','3',3,7,37,45,'3500',67,'Normal',0,0,0),(999,1104,'3','Via','Participar en reunion de trabajo s/def. d','2009-06-15','3',4,11,7,204,'2000',69,'Normal',0,0,0),(1000,1105,'1','Via',' Ing. Tomas a Mazatlan, asiste a curso','2009-06-15','1',2,4,31,183,'6250',69,'Normal',0,0,0),(1001,1106,'1','Pas/Aero','Ing. Tomas a Mazatlan, asiste a curso \"li','2009-06-15','1',2,4,31,183,'5000',67,'Normal',0,0,0),(1002,1107,'15','Pas/Aero','Ing. Sarmiento asiste a reunion de trab.','2009-06-15','15',2,4,30,67,'4000',67,'Normal',0,0,0),(1003,1108,'5','Ofic.','Casetas a San Cristobal a ECOSUR','2009-06-15','5',1,1,1,147,'76',49,'Normal',0,0,0),(1004,1109,'23','SS','Canje de membresia de Sam´s club','2009-06-15','23',1,1,1,121,'400',49,'Normal',0,0,0),(1005,1110,'8','Req.','Conjunto p/futbol atletica Prenc. Dep.','2009-06-15','8',3,9,26,163,'7564.70',32,'Normal',0,0,0),(1006,1111,'8','Req.','Conjunto p/voleibol evento Prenac. Deport','2009-06-15','8',3,9,26,163,'4816.20',32,'Normal',0,0,0),(1007,1112,'8','Req.','Balones voly piel sintetica','2009-06-15','8',3,9,26,163,'2442.60',99,'Normal',0,0,0),(1008,1113,'25','Req.',' PARA DOTAR DE ILUMINACION A LAS AREAS QU','2009-06-15','25',1,1,1,101,'833',20,'Normal',256,0,0),(1009,1114,'8','Req.','juegos de uniformes de capri y jersey con','2009-06-15','8',3,9,26,163,'6380',32,'Normal',0,0,0),(1010,1115,'8','Req.','conjunto deportivo para basquetbol con im','2009-06-15','8',3,9,26,163,'10350',32,'Normal',0,0,0),(1011,1116,'16','Req.',' ATENDER LAS RECOM. DE LOS CIEES P/ACRED.','2009-06-15','16',1,1,1,33,'20000',76,'Normal',221,0,0),(1012,1117,'16','Req.',' ATENDER LAS RECOM. DE LOS CIEES P/ACREDI','2009-06-15','16',1,1,1,33,'11200',78,'Normal',222,0,0),(1013,1118,'16','Req.',' ATENDER LAS RECOM. DE LOS CIEES P/LA ACR','2009-06-15','16',1,1,1,33,'68800',79,'Normal',223,0,0),(1014,1119,'13','Req.',' PARA ATENDER LAS RECOMENDACIONES DE LOS','2009-06-15','13',1,1,1,24,'1700',76,'Normal',244,0,0),(1015,1120,'13','Req.',' PARA ATENDER LAS RECOMENDACIONES DE LOS','2009-06-15','13',1,1,1,24,'1700',82,'Normal',245,0,0),(1016,1121,'13','Req.',' PARA ATENDER LAS RECOMENDACIONES DE LOS','2009-06-15','13',1,1,1,24,'23800',82,'Normal',247,0,0),(1017,1122,'13','Req.',' PARA ATENDER LAS RECOMENDACIONES DE LOS','2009-06-15','13',1,1,1,24,'52800',96,'Normal',248,0,0),(1018,1123,'13','Req.',' PARA CONCURSOS DE ALUMNOS Y USO EN OFICI','2009-06-15','13',1,1,27,27,'3500',12,'Normal',250,0,0),(1019,1124,'9','Req.',' OFICINA','2009-06-15','9',2,4,30,113,'531',8,'Normal',252,0,0),(1020,1125,'25','Req.',' CAMBIO DE INSTALACIONES EN MAL ESTADO','2009-06-15','25',1,1,1,101,'4600',15,'Normal',254,0,0),(1021,1126,'20','Req.',' SE UTILIZARA PARA EL FUNCIONAMIENTO DE L','2009-06-15','20',1,2,8,132,'1618',12,'Normal',258,0,0),(1022,1127,'20','Req.',' SE UTILIZARA PARA EL FUNCIONAMIENTO DE L','2009-06-15','20',1,3,9,135,'1096',12,'Normal',259,0,0),(1023,1128,'20','Req.',' SE UTILIZARA PARA EL FUNCIONAMIENTO DE L','2009-06-15','20',1,18,11,139,'2637',12,'Normal',260,0,0),(1024,1129,'20','Req.',' SE UTILIZARA PARA EL FUNCIONAMIENTO DE L','2009-06-15','20',1,2,36,145,'11359.76',12,'Normal',261,0,0),(1025,1130,'20','Req.',' SE UTILIZARAN PARA LOS CONTROLES DE AIRE','2009-06-15','20',1,2,36,145,'260',23,'Normal',262,0,0),(1026,1131,'20','Req.',' SE UTILIZARA PARA EL FUNCIONAMIENTO DE L','2009-06-15','20',1,18,16,140,'3000',8,'Normal',263,0,0),(1027,1132,'20','Req.',' REALIZAR DOCUMENTACION DE LA MAESTRIA EN','2009-06-15','20',1,18,4,129,'1000',8,'Normal',264,0,0),(1028,1133,'20','Req.',' SE UTILIZARA PARA EL FUNCIONAMIENTO DE L','2009-06-15','20',1,18,4,130,'500',8,'Normal',265,0,0),(1029,1134,'20','Req.',' SE UTILIZARA PARA EL FUNCIONAMIENTO DE L','2009-06-15','20',1,2,8,132,'1000',8,'Normal',266,0,0),(1030,1135,'20','Req.',' DIFUNDIR OPORTUNAMENTE LAS CONVOCATORIAS','2009-06-15','20',1,3,9,135,'1950',8,'Normal',267,0,0),(1031,1136,'20','Req.',' SE UTILIZARA PARA EL FUNCIONAMIENTO DE L','2009-06-15','20',1,2,8,133,'340',8,'Normal',268,0,0),(1032,1137,'20','Req.',' SE UTILIZARA EN EL PROYECTO INTERNO SII-','2009-06-15','20',1,2,36,145,'672.75',12,'Normal',269,0,0),(1033,1138,'10','Req.',' ADQUIRIR 1200 VOLUMENES ACTUALIZADOS DE','2009-06-15','10',3,8,21,188,'1750',88,'Normal',270,0,0),(1034,1138,'10','Req.',' ADQUIRIR 1200 VOLUMENES ACTUALIZADOS DE','2009-06-15','10',3,8,21,188,'1750',88,'Normal',270,0,0),(1035,1139,'3','Req.',' USB PROYECTO PROFORDEMS','2009-06-15','3',3,7,37,155,'4450.5',12,'Normal',271,0,0),(1036,1140,'3','Req.',' TONNER PROYECTO PROFORDEMS','2009-06-15','3',3,7,37,155,'1725',12,'Normal',272,0,0),(1037,1141,'3','Req.',' HOJAS BOND PROFORDEMS','2009-06-15','3',3,7,37,155,'287',8,'Normal',273,0,0),(1038,1142,'10','Req.',' ATENDER 180000 ESTUDIANTES Y PROPORCIONA','2009-06-16','10',3,8,21,186,'5674.9',8,'Normal',275,0,0),(1039,1143,'3','Req.',' 1. APOYO SECRETARIAL PROFORDEMS 01 AL 15','2009-06-16','3',2,4,31,196,'1335.74',7,'Normal',279,0,0),(1040,1144,'3','Req.',' RESPONSABLE INSTITUCIONAL PROFORDEMS','2009-06-16','3',2,4,31,196,'8000',7,'Normal',280,0,0),(1041,1145,'3','Req.',' COORDINADOR DE LOGISTICA','2009-06-16','3',2,4,31,196,'4500',7,'Normal',281,0,0),(1042,1146,'3','Req.',' 2. APOYO SECRETARIAL PROFORDEMS','2009-06-16','3',2,4,31,196,'2200',7,'Normal',283,0,0),(1043,1147,'3','Req.',' PAGO COORDINADOR ACADEMICO PROYECTO PROF','2009-06-16','3',2,4,31,196,'4500',7,'Normal',282,0,0),(1044,1148,'3','Req.',' APOYO COMO AUXILIAR ADMINISTRATIVO','2009-06-16','3',2,4,31,196,'1571.6',7,'Normal',284,0,0),(1045,1149,'3','Req.',' TECNICO DEL LABORATORIO DE COMPUTO','2009-06-16','3',2,4,31,196,'1500',7,'Normal',285,0,0),(1046,1150,'3','Req.',' PAGO A COMITAN','2009-06-16','3',3,7,37,155,'48000',52,'Normal',295,0,0),(1047,1151,'3','Req.',' PAGO A TAPACHULA','2009-06-16','3',3,7,37,155,'68000',52,'Normal',296,0,0),(1048,1152,'8','Via','  PARTICIPAR EN UN TORNEO HEXAGONAL DE BA','2009-06-16','8',3,9,26,0,' 1600',69,'Cancelado',0,0,30),(1049,1153,'11','Req.',' MEMORIAS USB','2009-06-16','11',1,1,19,13,'5192.25',12,'Normal',274,0,0),(1050,1154,'8','Req.',' VESTUARIOS PARA ALUMNOS DE NATACION','2009-06-16','8',3,9,26,166,'5784.5',32,'Normal',255,0,0),(1051,1155,'3','SS',' AUDITORIA DE CERTIFICACION( CERTIFICADO','2009-06-16','3',4,11,7,44,'22425.00',102,'Normal',0,72,0),(1052,1156,'20','Req.',' LOS RECURSOS SERAN UTLIZADOS PARA QUE AL','2009-06-17','20',1,2,36,144,'63900',86,'Normal',297,0,0),(1053,1157,'6','Req.',' ANUIES IMPARTIR CURSOS A ESTUDIANTES Y D','2009-06-17','6',1,1,28,206,'6000',7,'Normal',294,0,0),(1054,1158,'6','Req.',' ANUIES IMPARTIR CURSOS A ESTUDIANTES Y D','2009-06-17','6',1,1,28,206,'12000',53,'Normal',293,0,0),(1055,1159,'23','Req.','mtto. a red hidrahulica (cisterna)','2009-06-18','23',1,1,1,121,'77993',56,'Normal',0,0,0),(1056,1160,'8','Req.','enredos, blusas, tocados, pantalones','2009-06-19','8',3,9,26,163,'31067.25',32,'Normal',0,0,0),(1057,1161,'23','SS','Suministro, colocacion y rotulacion de pa','2009-06-19','23',1,1,1,121,'4025',56,'Normal',0,0,0),(1058,1162,'18','Req.',' REUNION NAL. DE JEFES DE DESARROLLO ACAD','2009-06-19','18',1,1,13,115,'5000',69,'Normal',312,0,0),(1059,1163,'23','Comb.','Trasladar a un grupo de trab. a int. acad','2009-06-19','23',3,9,26,123,'499.20',29,'Normal',0,0,0),(1060,1164,'18','Req.',' REUNIO NAL DESARR ACAD','2009-06-19','18',1,3,12,19,'4000',67,'Normal',313,0,0),(1061,1165,'23','Comb.','Eliseo traslada a div. partes de cd. a di','2009-06-19','23',3,9,26,123,'1250',29,'Normal',0,0,0),(1062,1166,'23','SS','Serv. de mantto. de unidad explorer; camb','2009-06-19','23',3,9,26,123,'2615.09',58,'Normal',0,0,0),(1063,1167,'23','SS','Serv. de mantto. d eUnidad Durango; lavad','2009-06-19','23',3,9,26,123,'5060.84',58,'Normal',0,0,0),(1064,1168,'1','Pas/Aero','Ing. Tomas asiste a sesion ordinaria a as','2009-06-19','1',2,4,31,183,'3000',67,'Normal',0,0,0),(1065,1169,'6','Via','Itzel asiste a Ocosingo a gestion y promo','2009-06-19','6',2,4,29,170,'400',69,'Normal',0,0,0),(1066,1170,'20','Req.',' PROYECTO INTERNO: SII-2009-04, DIRIGIDO','2009-06-22','20',1,2,36,145,'5944.35',16,'Normal',241,0,0),(1067,1171,'20','Req.',' INSCRIPCION DEL INSTITUTO AL PROGRAMA','2009-06-22','20',1,2,36,144,'16000',86,'Normal',315,0,0),(1068,1172,'3','SS','PAGO SOBRE DIF. DE EXAMEN CENEV (52,503 p','2009-06-23','3',1,1,15,42,' 25100',49,'Normal',0,0,0),(1070,1173,'6','Req.',' GT-3 SCT pago a Jose a. Ruiz Paredes 30/','2009-06-23','6',1,1,3,190,' 1500',7,'Normal',0,0,0),(1071,1174,'6','Req.','GT-4 CM Pago a Eduardo Gómez Ruiz del 30/','2009-06-23','6',1,1,3,190,'5250',7,'Normal',0,0,0),(1072,1175,'6','Req.','GT-4 CM Pago a Rafael MOta Grajales 05 al','2009-06-23','6',1,1,3,190,'10500',7,'Normal',0,0,0),(1073,1176,'6','Req.','GT-3 SCT Pago a Arnulfo Cabrera del 29/05','2009-06-23','6',1,1,3,190,'10500',7,'Normal',0,0,0),(1074,1177,'6','Req.','GT-3 SCT Pago a Marco A. Mendez Ancheyta','2009-06-23','6',1,1,3,190,'5250',7,'Normal',0,0,0),(1075,1178,'6','Req.','GT-4 CM Pago a Julio E. Megchun Vázquez 2','2009-06-23','6',1,1,3,190,'3000',7,'Normal',0,0,0),(1076,1179,'24','SS',' CONTRATACION Y LINEA TELEFONICA E INTERN','2009-06-22','24',3,8,22,1,'17588.00',43,'Normal',0,78,0),(1077,1180,'3','Req.',' APOYO SECRETARIAL 1','2009-06-23','3',2,4,31,196,'1335.74',7,'Normal',336,0,0),(1078,1181,'3','Req.',' RESPONSABLE INSTITUCIONAL','2009-06-23','3',2,4,31,196,'8000',7,'Normal',337,0,0),(1079,1182,'3','Req.',' COORDINADOR LOGISTICA','2009-06-23','3',2,4,31,196,'4500',7,'Normal',338,0,0),(1080,1183,'3','Req.',' COORDINADOR ACADEMICO','2009-06-23','3',2,4,31,196,'4500',7,'Normal',339,0,0),(1081,1184,'3','Req.',' APOYO SECRETARIAL 2','2009-06-23','3',2,4,31,196,'2200',7,'Normal',340,0,0),(1082,1185,'3','Req.',' PAGO COMITAN 2','2009-06-23','3',3,7,37,155,'48000',52,'Normal',344,0,0),(1083,1186,'3','Req.',' PAGO TAPACHULA 2','2009-06-23','3',3,7,37,155,'68000',52,'Normal',345,0,0),(1084,1187,'3','Req.',' TECNICO LABORATORIO DE COMPUTO','2009-06-23','3',2,4,31,196,'1500',7,'Normal',342,0,0),(1085,1188,'21','Req.',' RECOGER NOMINA DE LA QUINCENA 200912','2009-06-23','21',3,7,38,152,'1600',69,'Normal',357,0,0),(1086,1189,'21','Req.',' RECOGER NOMINA QUINCENA 12','2009-06-23','21',3,7,38,152,'3000',67,'Normal',359,0,0),(1087,1190,'3','Req.',' APOYO AUXILIAR ADMINISTRATIVO','2009-06-23','3',2,4,31,196,'1571.6',7,'Normal',341,0,0),(1088,1191,'4','Req.',' PAGO A CHEQUEL','2009-06-23','4',4,12,42,200,'3861.7',13,'Normal',361,0,0),(1089,1192,'3','Req.',' CURSO INSTRUCTOR PROFORDEMS 1','2009-06-25','3',2,4,31,196,'10000',7,'Normal',346,0,0),(1090,1193,'3','Req.',' CURSO INSTRUCTOR PROFORDEMS 2','2009-06-25','3',2,4,31,196,'10000',7,'Normal',347,0,0),(1091,1194,'3','Req.',' CURSO INSTRUCTOR PROFORDEMS 3','2009-06-25','3',2,4,31,196,'10000',7,'Normal',348,0,0),(1092,1195,'3','Req.',' CURSO INSTRUCTOR PROFORDEMS 4','2009-06-25','3',2,4,31,196,'10000',7,'Normal',349,0,0),(1093,1196,'3','Req.',' CURSO INSTRUCTOR PROFORDEMS 5','2009-06-25','3',2,4,31,196,'10000',7,'Normal',350,0,0),(1094,1197,'3','Req.',' CURSO INSTRUCTOR PROFORDEMS 6','2009-06-25','3',2,4,31,196,'10000',7,'Normal',351,0,0),(1095,1198,'3','Req.',' CURSO INSTRUCTOR PROFORDEMS 7','2009-06-25','3',2,4,31,196,'10000',7,'Normal',352,0,0),(1096,1199,'3','Req.',' CURSO INSTRUCTOR PROFORDEMS 8','2009-06-25','3',2,4,31,196,'10000',7,'Normal',353,0,0),(1097,1200,'3','Req.',' CURSO INSTRUCTOR PROFORDEMS 9','2009-06-25','3',2,4,31,196,'10000',7,'Normal',354,0,0),(1098,1201,'3','Req.',' CURSO INSTRUCTOR PROFORMDES 10','2009-06-25','3',2,4,31,196,'10000',7,'Normal',355,0,0),(1099,1202,'4','Req.',' LUNA CONZUELO GELACIO','2009-06-25','4',4,12,42,200,'10496.1',69,'Normal',358,0,0),(1100,1203,'3','Req.',' PAGO POR APOYO FINANCIERO','2009-06-25','3',2,4,31,196,'2000',7,'Normal',365,0,0),(1101,1204,'3','Req.',' PAGO POR APOYO FINANCIERO 2','2009-06-25','3',2,4,31,196,'2000',7,'Normal',366,0,0),(1102,1205,'3','Req.',' APOYO FINANCIERO 3','2009-06-25','3',2,4,31,196,'2000',7,'Normal',367,0,0),(1103,1206,'3','Req.',' APOYO FINANCIERO 4','2009-06-25','3',2,4,31,196,'2000',7,'Normal',368,0,0),(1104,1207,'3','Req.',' APOYO FINANCIERO 5','2009-06-25','3',2,4,31,196,'2000',7,'Normal',369,0,0),(1105,1208,'3','Req.',' APOYO FINANCIERO 6','2009-06-25','3',2,4,31,196,'2000',7,'Normal',370,0,0),(1106,1209,'4','Req.','Pasajes de Luna Consuelo y Ulises Martíne','2009-06-26','4',4,12,42,200,'7484.27',67,'Normal',0,0,0),(1107,1210,'24','Req.',' VIATICOS PARA EL ING. OCTAVIO','2009-06-26','24',3,8,22,1,'2000',69,'Normal',362,0,0),(1108,1211,'3','SS','PROFORDEMS (´Fotocopias para el diplomado','2009-06-26','3',3,7,37,45,'3986.13',94,'Normal',0,0,0),(1109,1212,'6','Req.','GT-4 CM refrigerios p/alumnos','2009-06-29','6',1,1,3,190,'15838.80',13,'Normal',0,0,0),(1110,1213,'23','Req.','Comb. p/ unidad durango, traslado al aero','2009-06-29','23',3,9,26,123,'1250',29,'Normal',0,0,0),(1111,1214,'23','SS','Mantto. y conserv del mes de Junio','2009-06-29','23',1,1,15,122,'47848.05',57,'Normal',0,0,0),(1112,1215,'23','SS','Vigilancia del mes de Junio','2009-06-29','23',1,1,15,122,'74932.09',51,'Normal',0,0,0),(1113,1216,'23','Req.','Agua de 20 lts. mes de Junio','2009-06-29','23',1,1,15,122,'3120',13,'Normal',0,0,0),(1114,1217,'3','Req.',' INSTRUCTOR MOD 2 RAQUEL','2009-06-30','3',2,4,31,196,'10000',7,'Normal',377,0,0),(1115,1218,'3','Req.',' INSTRUCTOR MOD. 2 ADRIANA','2009-06-30','3',2,4,31,196,'10000',7,'Normal',378,0,0),(1116,1219,'3','Req.',' INSTRUCTOR MOD. 2 MARCO ANTONIO','2009-06-30','3',2,4,31,196,'10000',7,'Normal',379,0,0),(1117,1220,'3','Req.',' INSTRUCTOR MOD. 2, JULIO MORENO','2009-06-30','3',2,4,31,196,'10000',7,'Normal',382,0,0),(1118,1221,'3','Req.',' INSTRUCTOR MOD. 2 PATRICIA','2009-06-30','3',2,4,31,196,'10000',7,'Normal',383,0,0),(1119,1222,'3','Req.',' INSTRUCTOR MOD 2, ROBERTO CARLOS','2009-06-30','3',2,4,31,196,'10000',7,'Normal',384,0,0),(1120,1223,'3','Req.',' INSTRUCTOR MOD 2 MARCO AGUILAR','2009-06-30','3',2,4,31,196,'10000',7,'Normal',385,0,0),(1121,1224,'3','Req.',' INSTRUCTOR MOD 2 GERMAN VENEGAS','2009-06-30','3',2,4,31,196,'10000',7,'Normal',386,0,0),(1122,1225,'3','Req.',' PAGO 2 INSTRUCTOR RAQUEL CAMACHO','2009-06-30','3',2,4,31,196,'10000',7,'Normal',387,0,0),(1123,1226,'3','Req.',' PAGO 2 INSTRUCTOR ADRIANA GONZALEZ','2009-06-30','3',2,4,31,196,'10000',7,'Normal',388,0,0),(1124,1227,'3','Req.',' PAGO 2 INSTRUCTOR MARCO GUTIERREZ','2009-06-30','3',2,4,31,196,'10000',7,'Normal',389,0,0),(1125,1228,'3','Req.',' PAGO 2 INSTRUCTOR JULIO MORENO','2009-06-30','3',2,4,31,196,'10000',7,'Normal',392,0,0),(1126,1229,'3','Req.',' PAGO 2 INSTRUCTOR PATRICIA SANCHEZ','2009-06-30','3',2,4,31,196,'10000',7,'Normal',393,0,0),(1127,1230,'3','Req.',' PAGO 2 INSTRUCTOR ROBERTO CARLOS','2009-06-30','3',2,4,31,196,'10000',7,'Normal',394,0,0),(1128,1231,'3','Req.',' PAGO 2 INSTRUCTOR MARCO AGUILAR','2009-06-30','3',2,4,31,196,'10000',7,'Normal',395,0,0),(1129,1232,'3','Req.',' PAGO 2 INSTRUCTOR GERMAN VENEGAS','2009-06-30','3',2,4,31,196,'10000',7,'Normal',396,0,0),(1130,1233,'3','Req.',' PAGO 1  LISS','2009-06-30','3',2,4,31,196,'2200',7,'Normal',397,0,0),(1131,1234,'3','Req.',' PAGO 1. RESPONSABLE INSTITUCIONAL','2009-06-30','3',2,4,31,196,'8000',7,'Normal',398,0,0),(1132,1235,'3','Req.',' PAGO 1. ROBERTO CIFUENTES','2009-06-30','3',2,4,31,196,'4500',7,'Normal',399,0,0),(1133,1236,'3','Req.',' PAGO 1 ROBERTO MEZA','2009-06-30','3',2,4,31,196,'4500',7,'Normal',400,0,0),(1134,1237,'3','Req.',' PAGO 1 MARICARMEN','2009-06-30','3',2,4,31,196,'2200',7,'Normal',401,0,0),(1135,1238,'3','Req.',' PAGO 1 ELOISA','2009-06-30','3',2,4,31,196,'1571.6',7,'Normal',402,0,0),(1136,1239,'3','Req.',' PAGO 1. CLARITA','2009-06-30','3',2,4,31,196,'1500',7,'Normal',403,0,0),(1137,1240,'3','Req.',' PAGO 2. LISS','2009-06-30','3',2,4,31,196,'2200',7,'Normal',404,0,0),(1138,1241,'3','Req.',' PAGO 2 RESPONSABLE INSTITUCIONAL','2009-06-30','3',2,4,31,196,'8000',7,'Normal',405,0,0),(1139,1242,'3','Req.',' PAGO 2. ROBERTO CIFUENTES','2009-06-30','3',2,4,31,196,'4500',7,'Normal',406,0,0),(1140,1243,'3','Req.',' PAGO 2 ROBERTO MEZA','2009-06-30','3',2,4,31,196,'4500',7,'Normal',407,0,0),(1141,1244,'3','Req.',' PAGO 2  MARICARMEN','2009-06-30','3',2,4,31,196,'2200',7,'Normal',408,0,0),(1142,1245,'3','Req.',' PAGO 2. AUXILIAR','2009-06-30','3',2,4,31,196,'1571.6',7,'Normal',409,0,0),(1143,1246,'3','Req.',' PAGO 2 CLARITA','2009-06-30','3',2,4,31,196,'1500',7,'Normal',410,0,0),(1144,1247,'3','Req.',' PAGO A JUAN JOSE TOELDO','2009-06-30','3',3,7,37,155,'10000',102,'Normal',411,0,0),(1145,1248,'3','Req.',' PAGO A SOFIA MORENO','2009-06-30','3',3,7,37,155,'10000',102,'Normal',412,0,0),(1146,1249,'3','Req.',' 2 PAGO A JUAN JOSE TOLEDO','2009-06-30','3',3,7,37,155,'10000',102,'Normal',413,0,0),(1147,1250,'3','Req.',' 2 PAGO A SOFIA MORENO','2009-06-30','3',3,7,37,155,'10000',102,'Normal',414,0,0),(1148,1251,'23','SS',' SERVICIO DE VIGILANCIA E INSTALACIONES C','2009-06-30','23',1,1,15,122,'74932.09',51,'Normal',0,81,0),(1149,1252,'23','SS',' FUMIGACION DE LAS AREAS DEL ESTACIONAMIE','2009-06-17','23',1,1,15,122,'12309.98',57,'Normal',0,75,0),(1150,1253,'23','SS',' SERVICIO EXTRAORDINARIO DE DESINFECCION','2009-06-17','23',1,1,15,122,'7200.00',57,'Normal',0,74,0),(1151,1254,'6','Req.',' CURSO DE CREATIVIDAD EN MÉRIDA, YUCATAN','2009-07-01','6',1,1,27,173,'3000',67,'Normal',417,0,0),(1152,1255,'6','Req.',' CURSO DE CREATIVIDAD EN MÉRIDA YUCATAN','2009-07-01','6',1,1,27,173,'4000',67,'Normal',418,0,0),(1153,1256,'21','Req.',' ASISTE A DGEST A REALIZAR DIVERSOS TRAMI','2009-07-01','21',3,7,38,152,'3000',67,'Normal',424,0,0),(1154,1257,'21','Req.',' LIC. MA. ELISA ASISTE A DGEST A REALIZAR','2009-07-01','21',3,7,38,152,'800',69,'Normal',423,0,0),(1155,1258,'23','Req.','ROTULACION EN VINILES IMPRESOS PARA DOS U','2009-07-01','23',1,1,1,121,'1146.60',59,'Normal',0,0,0),(1156,1259,'23','Req.','COMBUSTIBLE P/ UNIDAD TORNADO','2009-07-01','23',3,9,26,123,'400',29,'Normal',0,0,0),(1157,1260,'23','Req.','COMBUSTIBLE P/ UNIDAD TORNADO','2009-07-01','23',3,9,26,123,'400',29,'Normal',0,0,0),(1158,1261,'9','Req.',' REUNION PRONABES','2009-07-02','9',1,1,3,125,'288',67,'Normal',371,0,0),(1159,1262,'6','Req.',' CURSO DE CREATIVIDAD EN MÉRIDA YUCATÁN','2009-07-02','6',1,1,27,173,'1600',69,'Normal',425,0,0),(1160,1263,'23','SS',' CORRESPONDIENTE AL MES DE JULIO MANTENIM','2009-07-01','23',1,1,15,122,'47848.05',57,'Normal',0,82,0),(1161,1264,'3','SS',' Curso taller de Liderazgo centrado en pr','2009-07-02','3',4,11,7,44,'23250.00',38,'Normal',0,83,0),(1162,1265,'23','Req.','comb. p/urban','2009-07-02','23',3,9,26,123,'320',29,'Normal',0,0,0),(1163,1266,'19','Req.',' MAY ARRIOJA  FERNANDO ALFONSO','2009-07-02','19',1,1,3,57,'200',7,'Normal',435,0,0),(1164,1267,'25','SS',' MANTTO. PREVENTIVO DE IMPRESORA PARA CRE','2009-06-29','25',1,1,1,101,'5047.35',54,'Normal',0,80,0),(1165,1268,'1','Req.','VIATICOS DEL ING. TOMAS A LA CD DE MEXICO','2009-07-03','1',2,4,31,183,'625',69,'Normal',438,0,0),(1166,1268,'1','Req.','VIATICOS DEL ING. TOMAS A LA CD DE MEXICO','2009-07-03','1',2,4,31,183,'625',69,'Normal',438,0,0),(1167,1269,'1','Req.','  VIATICOS DEL ING TOMAS A CD DE MEXICO','2009-07-03','1',2,4,31,183,'3750',69,'Normal',439,0,0),(1168,1270,'3','Req.','Viaticos de Ing. Zepeda a Saltillo Coahui','2009-07-03','3',4,11,7,204,'8500',69,'Normal',0,0,0),(1169,1271,'3','Req.','Pasajes del Ing. Zepeda a Tux-Mex-Mont-Sa','2009-07-03','3',4,11,7,204,'7000',67,'Normal',0,0,0),(1170,1272,'13','Req.',' PARA IMPARTIR EL CURSO DE SOLIDWORKS','2009-07-03','13',1,3,2,28,'4500',67,'Normal',445,0,0),(1171,1273,'15','Req.',' PARA LA IMPARTICION DEL CURSO SOLIDWORKS','2009-07-03','15',1,3,2,63,'4500',67,'Normal',447,0,0),(1172,1274,'4','Req.',' PAGO DE VIATICOS','2009-07-03','4',4,12,42,200,'8049.62',69,'Normal',453,0,0),(1173,1275,'9','Req.',' CURSO DE VERANO','2009-07-03','9',1,1,15,106,'11000',12,'Normal',330,0,0);
/*!40000 ALTER TABLE `gastos_dpto` ENABLE KEYS */;
UNLOCK TABLES;

--
-- Table structure for table `insumo`
--

DROP TABLE IF EXISTS `insumo`;
SET @saved_cs_client     = @@character_set_client;
SET character_set_client = utf8;
CREATE TABLE `insumo` (
  `id` int(11) NOT NULL auto_increment,
  `descinsu` varchar(100) NOT NULL,
  `medida` varchar(30) NOT NULL,
  `costuni` decimal(10,2) NOT NULL,
  `estado` tinyint(1) NOT NULL,
  `partida_id` int(10) NOT NULL,
  PRIMARY KEY  (`id`)
) ENGINE=InnoDB AUTO_INCREMENT=207 DEFAULT CHARSET=latin1;
SET character_set_client = @saved_cs_client;

--
-- Dumping data for table `insumo`
--

LOCK TABLES `insumo` WRITE;
/*!40000 ALTER TABLE `insumo` DISABLE KEYS */;
INSERT INTO `insumo` VALUES (1,'CURSO','HORA','100.00',1,7),(2,'PAPELERIA','LOTE','100.00',1,8),(3,'MATERIAL DE LIMPIEZA','LOTE','100.00',1,9),(4,'MATERIALES Y UTILES DE REPRODUCCION','LOTE','100.00',1,11),(5,'CD, USB, DVD, DISCO DE 3 1/2\"','LOTE','100.00',1,12),(6,'LIBROS, REVISTAS, PUBLICACIONES','LOTE ','100.00',1,88),(7,'ALIMENTOS PARA PERSONAL ','CONSUMO','100.00',1,13),(8,'REFACCIONES, HERRAMENTAS, ACCESORIOS','LOTE','100.00',1,15),(9,'TARJETAS ELECTRONICAS, DRIVES INTERNOS, CIRCUITOS, BOCINAS, PANTALLAS, TECLADOS','PIEZA','100.00',1,16),(10,'CAFETERAS, ELECTRODOMESTICOS','PIEZA','100.00',1,17),(11,'CEMENTO, LADRILLO, YESO, ARENA, GRAVA, MADERA, CLAVOS.','LOTE','100.00',1,20),(12,'CRITALES, TANQUES, FREGADEROS, LAVABOS, INODOROS, TUBERIAS.','PIEZA','100.00',1,21),(13,'SEÑALAMIENTOS','LOTE','100.00',1,22),(14,'LAMPARAS, AILANTES, FOCOS, TUBOS FLUORESCENTES','PIEZAS','100.00',1,23),(15,'NATURALEZA VEGETAL, ANIMAL O MINERAL (MATERIA PRIMA)','LOTE','100.00',1,24),(16,'REACTIVOS, ACIDOS, ETERES, FLUORUROS, FOSFATOS, NITRATOS, OXIDOS, ','FRASCO','100.00',1,90),(17,'FERTILIZANTES COMPLEJOS E INORGANICOS, FUNGICIDA, TATICIDA','FRASCO','100.00',1,25),(18,'VACUNAS, DROGAS, MEDICAMENTOS, MEDICINA DE PATENTE, SUERO, PLASME, OXIGENO','CAJAS','100.00',1,26),(19,'JERINGAS, GASAS, AGUJAS, VENDAJE, MATERIAL DE SUTURA','PIEZA','100.00',1,27),(20,'CILINDROS GRADUADOS, MATRACES, PROBETAS, MECHEROS','PIEZA','100.00',1,28),(21,'COMBUSTIBLE, LUBRICANTE Y ADHITIVO','LITROS','100.00',1,29),(22,'DIESEL PARA LABORATORIO','LITROS','100.00',1,31),(23,'INSIGNIAS, DISTINTIVOS, BANDERAS, UNIFORMES, BATAS','PIEZA','100.00',1,32),(24,'GUANTES, BATAS DE HULE, BOTAS DE PLASTICO','PIEZA','100.00',1,98),(25,'BALONES, REDES, TROFEOS, GUANTES','PIEZA','100.00',1,99),(26,'SERVICIO POSTAL NACIONAL E INTERNACIONAL','SERVICIO','100.00',1,35),(27,'SERVICIO TELEGRAFO NACIONAL E INTERNACIONAL','SERVICIO','100.00',1,36),(28,'TELEFONO, FAX','SERVICIO','100.00',1,37),(29,'ENERGIA ELECTRICA','SERVICIO','100.00',1,40),(30,'AGUA EN PIPA O POTABLE','SERVICIO','100.00',1,41),(31,'RED DE TELECOMUNICACIONES','SERVICIO','100.00',1,42),(32,'SUSCRIPCION A CABLE DE TUXTLA','SERVICIO','100.00',1,43),(33,'ALQUILER DE MAQUINARIA Y EQUIPO','SERVICO','100.00',1,44),(34,'ARQUILER DE TERRENOS','SERVICIO','100.00',1,107),(35,'ALQUILER DE TODA CLAS E DE MOBILIARIO REQUERIDO ','SERVICIO','100.00',1,100),(36,'ARBITRAJE','SERVICIO','100.00',1,45),(37,'CURSOS DE CAPACITACION Y/O ACTUALIZACION DE LOS SERVIDORES PUBLICOS','SERVICIO','100.00',1,38),(38,'ALMACENAMIENTO, EMBALAJE, ENVASE','SERVICIO','100.00',1,39),(39,'TRALADO DE TODA CLASE DE OBJETOS','SERVICIO','100.00',1,91),(40,'PAGO DE COMISIONES, ADEUDOS, DESCUENTOS','SERVICIO','100.00',1,92),(41,'PRIMAS POR CONCETOS DE ROBOS, INCENDIOS Y DEMAS RIESGOS','SERVICIO','100.00',1,46),(42,'IMPUESTOS Y/O DERECHOS QUE CAUSE LA ADQUISICION DE BIENES ','SERVICIO','100.00',1,47),(43,'GASTOS  DE ESCRITURACION, EXHORTOS NOTARIALES, REGISTRO DE LA PROPIEDAD','SERVICIO','100.00',1,49),(44,'VARIACIONES EN EL TIPO DE MONEDA, NACIONAL RESPECTO DE MONEDAS EXTRANJERAS','SERVICIO','100.00',1,50),(45,'VIGILANCIA','SERVICIO','100.00',1,51),(46,'FOTOCOPIADO, ENCUADERNADO, ENGARGOLADO, REVELADO FOTOGRAFICO','SERVICIO','100.00',1,94),(47,'SERVICIO DE MANTENIMIENTO, MAQUILA, MEDICOS, ','SERVICIO','100.00',1,52),(48,'ESCRITORIOS, SILLAS, SILLONES, ARCHIVEROS, MAQUINAS DE ESCRIBIR, COMPUTADORAS, FOTOCOPIADORAS','LOTE','100.00',1,53),(49,'VEHICULOS, CAMIONES','SERVICIO','100.00',1,55),(50,'COMPUTADORAS, IMPRESORAS, DISPOSITIVOS, REGULADORES','SERVICIO','100.00',1,54),(51,'CAMBIO DE CHAPAS, APLICACION DE LLAVES','SERVICIO','100.00',1,56),(52,'LAVNADERIA, LIMPIEZA, HIGIENE, FUMIGACION','SERVICIO','100.00',1,57),(53,'MANTENIMIENTO Y CONSERVACION DE VEHICULOS','SERVICIO','100.00',1,58),(54,'REVISTAS, GACETAS, TRIPTICOS, FOLLETOS, ','SERVICO','100.00',1,59),(55,'PUBLICACION DE AVISOS, PRECISIONES, EDICTOS','SERVICIO','100.00',1,60),(56,'DIFUSION MASIVA A TRAVES DE TELEVISION ABIRTA Y PRIVADA, RADIO, PRENSA CINE, ESPECTACULARES','SERVICIO','100.00',1,61),(57,'GASTO DE ORDEN SOCIAL','SERVICIO','100.00',1,64),(58,'CONGRESOS Y CONVENCIONES','SERVICIO','100.00',1,65),(59,'EXPOSICIONES ','SERVICIO','100.00',1,66),(60,'PASAJES NACIONALES PARA CAMPO Y SUPERVISION','SERVICIO','100.00',1,62),(61,'PASAJES NACIONALES PARA ADMINISTRATIVOS Y DOCENTES','SERVICIO','100.00',1,67),(62,'PASAJES INTERNACIONALES PARA ADMINISTRATIVOS Y DOCENTES','SERVICIO','100.00',1,63),(63,'VIATICOS NACIONALES PARA EL CAMPO','SERVICIO','100.00',1,95),(64,'VIATICOS NACIONALES PARA ADMINISTRATIVOS Y DOCENTES','SERVICIO','100.00',1,69),(65,'VIATICOS PARA EL EXTRANJETO ADMINISTRATIVOS Y DOCENTES','SERVICIO','100.00',1,70),(66,'PROXIM VISION','APPLIANCE','50000.00',1,79),(67,'COMPUTADORA HP COREL 2 DUO  MEM.2024 MB','EQUIPO','16000.00',1,79),(68,'CALIBRADOR DE ALTURAS DIGITAL','EQUIPO','6600.00',1,96),(69,'JUEGO DE BLOCKS \"V\" ','EQUIPO','1700.00',1,82),(70,'PROBADOR DE DUREZA TIPO 3-R','EQUIPO','23800.00',1,82),(71,'AFILADORA AUTOMATICA DE BROCAS V390','EQUIPO','23450.00',1,96),(72,'SIERRA CINTA HORIZONTAL-VERTICAL','EQUIPO','20000.00',1,96),(73,'DOBLADORA COMPACTA','EQUIPO','2750.00',1,96),(74,'ASPIRADORA INDUST. PARA SECO-MOJADO','EQUIPO','1700.00',1,76),(75,'LAMPARA PARA PROYECTOR DE ACETATOS','PIEZA','100.00',1,23),(76,'LAMPARA PARA VIDEOPROYECTOR','PIEZA','3000.00',1,23),(77,'THINER AMERICANO','LITRO','15.00',1,90),(78,'PINTURA DE ACITE VARIOS COLORES','LITRO','50.00',1,20),(79,'BROCHAS VARIAS MEDIDAS','PIEZA','40.00',1,15),(80,'RODILLLO PARA PINTURA','PIEZA','50.00',1,15),(81,'REMACHADORA DE PISTOLA','PIEZA','250.00',1,15),(82,'PISTOLA PARA SILICON','PIEZA','75.00',1,15),(83,'LOTE DE REMACHES','LOTE','400.00',1,15),(84,'FRANELA ROJA','METRO','15.00',1,9),(85,'ESTOPA','KILO','15.00',1,9),(86,'JABON EN POLVO','KILO','15.00',1,9),(87,'PISTOLA  PARA PINTAR','PIEZA','250.00',1,15),(88,'CUBETA','PIEZA','50.00',1,9),(89,'HOJA PARA SEGUETA','PIEZA','10.00',1,15),(90,'JUEGO DE AUTOCLE STD CON 26 PIEZAS','JUEGO','500.00',1,15),(91,'JUEGO DE AUTOCLE MLM CON 26 PIEZAS','JUEGO','500.00',1,15),(92,'JUEGO DE BROCAS','JUEGO','250.00',1,15),(93,'AFLOJATODO','PIEZA','75.00',1,20),(94,'JUEGO DE DESTORNILLADORES MIXTO','JUEGO','150.00',1,15),(95,'LIMATONES PLANOS','PIEZA','50.00',1,15),(96,'LIMATON CIRCULAR','PIEZA','50.00',1,15),(97,'LIMATON TRIANGULAR','PIEZA','50.00',1,15),(98,'SOLDADURA ELECTRICA','KILO','100.00',1,15),(99,'ABRAZADERAS VARIOS TAMAÑOS','PIEZA','10.00',1,21),(100,'PTR DE 1X1 ´PULGADA Y 3/16 PULGADAS','TRAMO','400.00',1,15),(101,'ACRILICO DE 5 MM','METRO','200.00',1,15),(102,'TUBO DE SILICON TRANSPARENTE','PIEZA','70.00',1,15),(103,'VENTILADOR PARA TUNEL DE VIENTO 2HP','PIEZA','5000.00',1,15),(104,'CARTUCHO DE TINTA PARA IMPRESORA','PIEZA','350.00',1,12),(105,'THONER PARA IMPRESORA LASER','PIEZA','900.00',1,12),(106,'PASAJES TERRESTRES','VIAJE','1000.00',1,67),(107,'VIATICOS JEFES','VIAJE','1000.00',1,69),(108,'VIATICOS  PERSONAL','VIAJE','800.00',1,69),(109,'VIATICOS SUBDIRECTOR Y DIRECTOR','VIAJE','1250.00',1,69),(110,'VIDEOPROYECTOR','EQUIPO','12000.00',1,73),(111,'COMPUTADORA HP','EQUIPO','13500.00',1,79),(112,'FUENTE DE VOLTAJE DE 3 SAL. DC 30 VDC-5A, 12VDC-0.5A','EQUIPO','5000.00',1,78),(113,'GENERADOR DE FUNCIONES 5MHZ, CON DISPLAY DIGITAL ','EQUIPO','6200.00',1,78),(114,'TARJETA DE SIMULACION DE DISEÑO DE CIRCUITOS NI ELVIS','EQUIPO','50000.00',1,79),(115,'CONTROLADORES LOGICOS PROGRAMABLES','EQUIPO','5000.00',1,76),(116,'CERTIFICACIONES','SERVICIO','1000.00',1,102),(117,'Balanza de torsión de Coulomb 1 PH-P2420401-000 fisica','PIEZA','155760.00',1,82),(118,'Teslámetro Digital 1 PH-00013610-090  fisica','PIEZA','44240.00',1,82),(119,'Fuente de luz PH-P2240400-000','PIEZA','50000.00',1,82),(120,'BATIDORA INDUSTRIAL','EQUIPO','25000.00',1,76),(121,'BOMBA DE VACIO','EQUIPO','20000.00',1,82),(122,'PH METRO','EQUIPO','20000.00',1,82),(123,'APORTACION AL EVENTO DE CIENCIAS BASICAS','APORTACION','25500.00',1,86),(124,'TRASLADO DE ALUMNOS EN EVENTOS ACADEMICOS','TRASLADO','100.00',1,86),(125,'CAMARA PROFESIONAL SONY','EQUIPO','22000.00',1,73),(126,'ESCRITORIO EJECUTIVO','PIEZA','3500.00',1,71),(127,'ESCANER HP SCANJET','PIEZA','1600.00',1,79),(128,'SILLA ERGONOMICA NEGRA','PIEZA','1000.00',1,71),(129,'MICROMETRO','UNIDAD','7000.00',1,82),(130,'MICROMETRO DIGITAL','UNIDAD','7000.00',1,82),(131,'PLANTA DE SOLDADURA ARCO ELECTRICO','UNIDAD','15000.00',1,78),(132,'CRONOMETRO CON MEMORIA','UNIDAD','6000.00',1,82),(133,'CALIBRADOR COMPAS 0-150mm','UNIDAD','800.00',1,82),(134,'MEDIDOR DE ROSCAS METRICAS','UNIDAD','600.00',1,82),(135,' MICROMETRO DE PROFUNDIDAD 0-1','UNIDAD','7000.00',1,82),(136,'CERTIFICACION 500','LOTE','500.00',1,102),(137,'QUEMADOR DE DVD + - RW EXTERNO','UNIDAD','1599.00',1,79),(138,'LECTOR DE CODIGO DE BARRAS','UNIDAD','750.00',1,79),(139,'IMPRESORA HP','UNIDAD','5400.00',1,79),(140,'IMPRESORA LASER-JET P2015','UNIDAD','7000.00',1,79),(141,'FOTOCOPIADORA A4 SERVISE DE ESCRITORIO','UNIDAD','6500.00',1,72),(142,'PC\'S HP PRESARIO ','UNIDAD','6700.00',1,79),(143,'UNIDAD DE GRABACION PARA CAMARA DE CIRCUITO CERRADO','UNIDAD','1252.00',1,77),(144,'COMPUTADORA DELL PARA LAB.','EQUIPO','9400.00',1,79),(145,'RADIO DE TELECOMUNICACION','UNIDAD','5000.00',1,77),(146,'MANTENIMIENTO DE EQUIPO','SERVICIO','500.00',1,53),(147,'AGUA PURIFICADA','PIEZA','500.00',1,13),(148,'MINICOMPONENTE CON DVD Y USB RIPPING LG XD203','EQUIPO','3000.00',1,77),(149,'PANTALLA DE PROYECCION CON TRIPIE ','EQUIPO','2000.00',1,73),(150,'ROTAFOLIO EUROLINE EVEREST','EQUIPO','1400.00',1,72),(151,'IMPRESION DE RECIBOS OFICIALES','LOTE','100.00',1,109),(152,'IMPRESORA','UNIDAD','7000.00',1,79),(153,'PUENTE DE IMPEDANCIA PR-00MZ-805-000','UNIDAD','50000.00',1,82),(154,'EQUIPO DE SONIDO','UNIDAD','47000.00',1,73),(155,'EVENTOS CULTURALES','LOTE','100.00',1,85),(156,'SERVIDOR','EQUIPO','25000.00',1,79),(157,'CLIMAS MINI SPLIT 36000 BTUS','EQUIPO','25000.00',1,7),(158,'FOTOCOPIADORA','EQUIPO','75000.00',1,72),(159,'ARCHIVERO','PZA','6000.00',1,71),(160,'ACCES POINT','EQUIPO','8000.00',1,79),(161,'CLIMAS MINI SPLIT 36000 BTUS','EQUIPO','25000.00',1,72),(162,'LOCKERS','LOTE','5000.00',1,71),(163,'IMPRESORA LASER JET HP P20015','EQUIPO','5200.00',1,79),(164,'EQUIPO DE SONIDO','LOTE','40000.00',1,78),(165,'LAP TOP DELL D600 INTEL CENTRINO','EQUIPO','5000.00',1,79),(166,'INSTRUMENTOS MUSICALES','LOTE','100.00',1,74),(167,'PAGO DE ARBITRAJE','SERVICIO','100.00',1,85),(168,'IMPRESORA DE MATRIZ DE PUNTOS','EQUIPO','3000.00',1,79),(169,'VIOLIN','UNIDA','2000.00',1,74),(170,'GUITARRA','UNIDAD','1000.00',1,74),(171,'CONTRABAJO','UNIDAD','12000.00',1,74),(172,'ESCRITORIO EJECUTIVO','UNIDAD','5900.00',1,71),(173,'LAP TOP PROYECTOS EXTERNOS','EQUIPO','10000.00',1,79),(174,'PANTALLA DE PROYECCION','EQUIPO','1000.00',1,73),(175,'QUEMADORAS PARA CD','EQUIPO','2000.00',1,79),(176,'IMPRESORA PARA CURSO','EQUIPO','5000.00',1,79),(177,'POLARIMETRO DIGITAL AUTOMATICO','UNIDAD','120000.00',1,82),(178,'REFRACTOMETRO PORTATIL','UNIDAD','15000.00',1,82),(179,'HORNO PARA PANIFICACION','UNIDAD','60000.00',1,82),(180,'EQUIPO PARA ELECTROFORESIS','UNIDAD','50000.00',1,82),(181,'MANTILLAS DE CALENTAMIENTO','UNIDAD','8000.00',1,82),(182,'VIDEOCAMARA SONY MINIDVD','EQUIPO','13304.00',1,72),(183,'CAMARA DIGITAL CYBER-SHOT','EQUIPO','3000.00',1,73),(184,'SALA DE VISITAS','JUEGO','10000.00',1,71),(185,'ENGARGOLADORA DE ARILLO METALICO','PIEZA','100.00',1,72),(186,'EQUIPO DE SONIDO (AMPLIFICADOR)','PZA','40000.00',1,77),(187,'ARRENDAMIENTO DE RADIOS','SERVICIO','100.00',1,44),(188,'TELEFONO ALAMBRICO ','PIEZA','500.00',1,77),(189,'IMPRESORA MULTIFUNCIONAL HP','EQUIPO','1000.00',1,79),(190,'VIDEOPROYECTOR INALAMBRICO PANASONIC LB 75NTU','EQUIPO','20240.00',1,79),(191,'COMPUTADORA ENSAMBLADA','EQUIPO','6000.00',1,79),(192,'CAMARA FOTOGRAFICA DIGITAL','EQUIPO','2800.00',1,73),(193,'BAFLES PROFESIONALES','EQUIPO','4600.00',1,73),(194,'VIDEOCAMARA DVD-DCR-D','EQUIPO','5543.00',1,72),(195,'MTTO A IMPRESORA','SERVICIO','8696.00',1,54),(196,'MATERIAL ELECTRICO ','PZA','1.00',1,23),(197,'REACTIVOS','LITRO','1.00',1,90),(198,'MATERIAL DE LABORATORIO','PZA','1.00',1,28),(199,'MTTO. A LA INFRAESTRUCTURA','SERVICIO','1.00',1,56),(200,'MTTO A EQUIPO ESPECIALIZADO','SERVICIO','1.00',1,55),(201,'EQUIPO CIRCUITO CERRADO DE T.V','EQUIPO','12500.00',1,72),(202,'CAMARA DIGITAL DE 7 MP','EQUIPO','2500.00',1,73),(203,'FIREWALL CARE CORE 1GB','EQUIPO','170000.00',1,79),(204,'FIREWALL SSG-M 256 MB','EQUIPO','26000.00',1,79),(205,'DETERGENTE LIQUIDO','LITRO','1.00',1,9),(206,'MTTO. A CLIMAS','SERVICIO','1.00',1,53);
/*!40000 ALTER TABLE `insumo` ENABLE KEYS */;
UNLOCK TABLES;

--
-- Table structure for table `insumo_apoa`
--

DROP TABLE IF EXISTS `insumo_apoa`;
SET @saved_cs_client     = @@character_set_client;
SET character_set_client = utf8;
CREATE TABLE `insumo_apoa` (
  `idinsumo_apoa` int(11) NOT NULL auto_increment,
  `id` int(11) NOT NULL,
  `descinsu` varchar(100) NOT NULL,
  `medida` varchar(30) NOT NULL,
  `costuni` decimal(10,2) NOT NULL,
  `estado` tinyint(1) NOT NULL,
  `partida_id` int(10) NOT NULL,
  `idpoa` int(11) NOT NULL,
  PRIMARY KEY  (`idinsumo_apoa`)
) ENGINE=InnoDB DEFAULT CHARSET=latin1;
SET character_set_client = @saved_cs_client;

--
-- Dumping data for table `insumo_apoa`
--

LOCK TABLES `insumo_apoa` WRITE;
/*!40000 ALTER TABLE `insumo_apoa` DISABLE KEYS */;
/*!40000 ALTER TABLE `insumo_apoa` ENABLE KEYS */;
UNLOCK TABLES;

--
-- Table structure for table `insumo_poa`
--

DROP TABLE IF EXISTS `insumo_poa`;
SET @saved_cs_client     = @@character_set_client;
SET character_set_client = utf8;
CREATE TABLE `insumo_poa` (
  `idinsumo_apoa` int(11) NOT NULL auto_increment,
  `id` int(11) NOT NULL,
  `descinsu` varchar(100) NOT NULL,
  `medida` varchar(30) NOT NULL,
  `costuni` decimal(10,2) NOT NULL,
  `estado` tinyint(1) NOT NULL,
  `partida_id` int(10) NOT NULL,
  `idpoa` int(11) NOT NULL,
  PRIMARY KEY  (`idinsumo_apoa`)
) ENGINE=InnoDB DEFAULT CHARSET=latin1;
SET character_set_client = @saved_cs_client;

--
-- Dumping data for table `insumo_poa`
--

LOCK TABLES `insumo_poa` WRITE;
/*!40000 ALTER TABLE `insumo_poa` DISABLE KEYS */;
/*!40000 ALTER TABLE `insumo_poa` ENABLE KEYS */;
UNLOCK TABLES;

--
-- Table structure for table `metas`
--

DROP TABLE IF EXISTS `metas`;
SET @saved_cs_client     = @@character_set_client;
SET character_set_client = utf8;
CREATE TABLE `metas` (
  `idaccion` int(11) NOT NULL auto_increment,
  `iddpto` int(11) NOT NULL,
  `idmeta` int(11) NOT NULL,
  `idpoa` int(11) NOT NULL,
  `idpreacciones` int(11) NOT NULL,
  PRIMARY KEY  (`idaccion`)
) ENGINE=InnoDB AUTO_INCREMENT=221 DEFAULT CHARSET=latin1;
SET character_set_client = @saved_cs_client;

--
-- Dumping data for table `metas`
--

LOCK TABLES `metas` WRITE;
/*!40000 ALTER TABLE `metas` DISABLE KEYS */;
INSERT INTO `metas` VALUES (1,24,22,1,3),(2,24,22,1,4),(3,24,23,1,1),(4,24,24,1,2),(5,11,1,1,11),(6,11,1,1,12),(7,11,12,1,13),(8,11,12,1,14),(9,11,12,1,15),(10,11,19,1,18),(11,11,19,1,19),(12,11,19,1,20),(13,11,19,1,21),(14,11,22,1,22),(15,11,22,1,23),(16,11,27,1,24),(17,11,27,1,25),(18,11,27,1,26),(19,18,12,1,5),(20,18,12,1,6),(21,18,12,1,7),(22,18,22,1,30),(23,5,22,1,30),(24,13,1,1,32),(25,13,15,1,33),(26,13,19,1,34),(27,13,27,1,35),(28,13,2,1,36),(29,13,30,1,37),(30,13,30,1,38),(31,13,36,1,39),(32,18,15,1,27),(33,16,1,1,32),(34,16,15,1,41),(35,16,12,1,40),(36,16,19,1,42),(37,16,27,1,43),(38,16,30,1,44),(39,16,30,1,45),(40,3,1,1,32),(41,3,1,1,46),(42,3,15,1,47),(43,3,12,1,48),(44,3,7,1,49),(45,3,37,1,50),(46,11,15,1,56),(47,11,15,1,57),(48,14,1,1,59),(49,14,15,1,58),(50,14,19,1,60),(51,14,27,1,35),(52,14,30,1,62),(53,7,38,1,65),(54,7,38,1,66),(55,7,38,1,67),(56,7,38,1,68),(57,19,3,1,69),(58,19,15,1,70),(59,19,15,1,71),(60,19,15,1,72),(61,15,1,1,11),(62,15,1,1,59),(63,15,2,1,36),(64,15,15,1,33),(65,15,19,1,18),(66,15,27,1,35),(67,15,30,1,37),(68,15,30,1,38),(81,12,6,1,29),(82,12,1,1,96),(83,12,3,1,97),(84,12,15,1,98),(85,12,15,1,99),(87,12,27,1,100),(88,12,27,1,101),(89,12,27,1,102),(90,12,6,1,29),(91,12,12,1,103),(92,12,12,1,104),(93,12,12,1,105),(94,17,12,1,40),(95,17,12,1,105),(96,17,27,1,35),(97,17,27,1,100),(98,17,30,1,38),(99,12,19,1,106),(100,25,1,1,107),(101,25,1,1,108),(102,25,1,1,109),(103,9,15,1,73),(105,9,15,1,74),(106,9,15,1,75),(107,9,14,1,76),(108,9,14,1,77),(109,9,14,1,78),(110,9,17,1,79),(111,9,17,1,80),(112,9,16,1,85),(113,9,30,1,86),(114,9,30,1,87),(115,18,13,1,8),(116,18,6,1,10),(117,22,38,1,110),(118,22,38,1,111),(119,22,38,1,112),(120,22,38,1,113),(121,23,1,1,121),(122,23,15,1,116),(123,23,26,1,122),(124,9,3,1,81),(125,9,3,1,82),(126,9,3,1,83),(127,9,3,1,84),(128,20,4,1,114),(129,20,4,1,115),(130,20,4,1,117),(131,20,4,1,118),(132,20,8,1,119),(133,20,8,1,120),(134,20,9,1,123),(135,20,9,1,124),(136,20,10,1,125),(137,20,10,1,126),(138,20,11,1,127),(139,20,11,1,128),(140,20,16,1,129),(141,20,16,1,130),(142,20,32,1,131),(143,20,32,1,132),(144,20,36,1,133),(145,20,36,1,134),(146,20,36,1,135),(147,5,1,1,46),(148,5,38,1,136),(149,5,40,1,137),(150,5,22,1,139),(151,21,26,1,143),(152,21,38,1,140),(153,21,42,1,141),(154,21,42,1,142),(155,3,37,1,55),(156,2,1,1,145),(157,2,37,1,146),(158,2,40,1,147),(159,2,37,1,148),(160,2,41,1,149),(161,2,31,1,91),(162,2,15,1,41),(163,8,26,1,151),(164,8,26,1,152),(165,8,26,1,153),(166,8,26,1,154),(167,8,26,1,155),(168,8,26,1,156),(169,8,26,1,157),(170,6,29,1,158),(171,6,28,1,159),(172,6,35,1,160),(173,6,27,1,161),(174,6,33,1,162),(175,6,31,1,163),(182,6,31,1,170),(183,1,31,1,171),(184,10,21,1,164),(185,10,21,1,165),(186,10,21,1,166),(187,10,21,1,167),(188,10,21,1,168),(189,10,21,1,169),(190,6,3,1,172),(191,15,3,1,173),(192,6,3,1,173),(193,6,3,1,174),(194,6,3,1,175),(195,6,3,1,176),(196,3,31,1,171),(197,4,1,1,59),(198,4,7,1,49),(199,4,38,1,113),(200,4,42,1,142),(201,4,42,1,141),(202,4,42,1,179),(203,3,7,1,180),(204,3,7,1,181),(205,3,7,1,182),(206,6,28,1,177),(207,18,3,1,178),(208,23,1,1,183),(209,20,16,1,184),(210,2,26,1,185),(211,7,26,1,185),(212,8,26,1,185),(213,12,1,1,96),(214,6,3,1,186),(215,20,36,1,187),(217,17,30,1,189),(218,18,25,1,190),(219,20,32,1,191),(220,4,42,1,142);
/*!40000 ALTER TABLE `metas` ENABLE KEYS */;
UNLOCK TABLES;

--
-- Table structure for table `metas_apoa`
--

DROP TABLE IF EXISTS `metas_apoa`;
SET @saved_cs_client     = @@character_set_client;
SET character_set_client = utf8;
CREATE TABLE `metas_apoa` (
  `idaccion_apoa` int(11) NOT NULL auto_increment,
  `idaccion` int(11) NOT NULL,
  `iddpto` int(11) NOT NULL,
  `idmeta` int(11) NOT NULL,
  `idpoa` int(11) NOT NULL,
  `idpreacciones` int(11) NOT NULL,
  PRIMARY KEY  (`idaccion_apoa`)
) ENGINE=InnoDB DEFAULT CHARSET=latin1;
SET character_set_client = @saved_cs_client;

--
-- Dumping data for table `metas_apoa`
--

LOCK TABLES `metas_apoa` WRITE;
/*!40000 ALTER TABLE `metas_apoa` DISABLE KEYS */;
/*!40000 ALTER TABLE `metas_apoa` ENABLE KEYS */;
UNLOCK TABLES;

--
-- Table structure for table `metas_poa`
--

DROP TABLE IF EXISTS `metas_poa`;
SET @saved_cs_client     = @@character_set_client;
SET character_set_client = utf8;
CREATE TABLE `metas_poa` (
  `idaccion_apoa` int(11) NOT NULL auto_increment,
  `idaccion` int(11) NOT NULL,
  `iddpto` int(11) NOT NULL,
  `idmeta` int(11) NOT NULL,
  `idpoa` int(11) NOT NULL,
  `idpreacciones` int(11) NOT NULL,
  PRIMARY KEY  (`idaccion_apoa`)
) ENGINE=InnoDB DEFAULT CHARSET=latin1;
SET character_set_client = @saved_cs_client;

--
-- Dumping data for table `metas_poa`
--

LOCK TABLES `metas_poa` WRITE;
/*!40000 ALTER TABLE `metas_poa` DISABLE KEYS */;
/*!40000 ALTER TABLE `metas_poa` ENABLE KEYS */;
UNLOCK TABLES;

--
-- Table structure for table `partida`
--

DROP TABLE IF EXISTS `partida`;
SET @saved_cs_client     = @@character_set_client;
SET character_set_client = utf8;
CREATE TABLE `partida` (
  `id` int(11) NOT NULL auto_increment,
  `clavepartida` int(11) default NULL,
  `descpartida` text,
  `restringidas` tinyint(1) default NULL,
  `estado` tinyint(1) default NULL,
  PRIMARY KEY  (`id`)
) ENGINE=InnoDB AUTO_INCREMENT=110 DEFAULT CHARSET=latin1;
SET character_set_client = @saved_cs_client;

--
-- Dumping data for table `partida`
--

LOCK TABLES `partida` WRITE;
/*!40000 ALTER TABLE `partida` DISABLE KEYS */;
INSERT INTO `partida` VALUES (7,1308,'COMPENSACION POR SERVICIOS EVENTUALES',0,1),(8,2101,'MATERIALES Y UTILES DE OFICINA',0,1),(9,2102,'MATERIALES DE LIMPIEZA',0,1),(11,2105,'MAT. Y UTIL.DE PROD.Y REPRODUCC.',0,1),(12,2106,'MATERIALES Y UTILES PARA PROCESAMIENTO EN EQUIPOS Y BIENES INFORMATICOS',0,1),(13,2204,'PROD. ALIMENT. P/PESONAL ENLAS INSTAL. DE DEPENDEN.',0,1),(14,2207,'PRODUCTOS ALIMENTICIOS PARA ANIMALES',0,1),(15,2301,'REFRACCIONES, ACCESORIOS Y HERRAMIENTAS',0,1),(16,2302,'REFRAC.Y ACCES. P/ EQUI. DE COMP.',0,1),(17,2303,'UTENCILIOS P/ SERVICIO DE ALIMENT.',0,1),(18,2104,'MATERIAL ESTADISTICO Y GEOGRAFICO',0,1),(19,2206,'PRODUCTOS ALIMENTICIOS PARA PERSONAL DERIVADOS DE ACTIVIDADES EXTRAORDINARIAS',0,1),(20,2401,'MATERIALES DE CONSTRUCCION',0,1),(21,2402,'ESTRUCTURAS Y MANUFACTURAS',0,1),(22,2403,'MATERIALES COMPLEMENTARIOS',0,1),(23,2404,'MATERIAL ELECTRICO Y ELECTRONICO',0,1),(24,2501,'MATERIAS PRIMAS DE PRODUCCION',0,1),(25,2503,'PLAGUICIDAS, ABONOS Y FETILIZANTES',0,1),(26,2504,'MEDICINAS Y PRODUCTOS FARMACEUTICOS',0,1),(27,2505,'MATERIALES, ACCES. Y SUMINS. MEDICOS',0,1),(28,2506,'MATER., ACCES. Y SUMINSTROS DE LABORAT.',0,1),(29,2602,'COMBUSTIBLES, LUBRICANTES Y ADITIVOS PARA VEHICULOS TERRESTRE, AEREOS, MARITIMOS Y LACUSTRES',0,1),(30,2603,'COMBUSTIBLES, LUBRICANTES Y ADITIVOS PARA VEHICULOS TERRESTRE, AEREOS, MARITIMOS Y LACUSTRES',0,1),(31,2605,'COMBUSTIBLES, LUBRICANTE Y ADITIVOS PARA MAQUINARIA, EQUIPO DE PRODUCCION Y SERVICIOS ADMINISTRATIVOS',0,1),(32,2701,'VESTUARIOS, UNIFORMES Y BLANCOS',0,1),(35,3101,'SERVICIO POSTAL',0,1),(36,3102,'SERVICIO TELEGRAFICO',0,1),(37,3103,'SERVICIO TELEFONICO CONVENCIONAL',0,1),(38,3305,'SERVICIO DE CAPACITACION A SERV. PUBLICOS',0,1),(39,3401,'ALMACENAJE EMBALAJE Y ENVASE',0,1),(40,3106,'SERVICIO DE ENERGIA ELECTRICA',0,1),(41,3107,'SERVICIO DE AGUA',0,1),(42,3108,'SERVICIO DE TELECUMUNICACIONES',0,1),(43,3109,'SERVICO DE CONDUCCION DE SEÑALES ANALOGICAS Y DIGITALES',0,1),(44,3203,'ARRENDAMIENTO DE MAQUINARIA Y EQUIPO',0,1),(45,3304,'OTRAS ASESORIAS P/OPERACION DE PROG.',0,1),(46,3404,'SEGURO  DE BIENES PATRIMONIALES',0,1),(47,3405,'IMPUESTOS Y DERECHOS DE IMPORTACION',0,1),(48,3406,'IMPUESTOS Y DERECHOS DE EXPORTACION',0,1),(49,3407,'OTROS IMPUESTOS Y DERECHOS',0,1),(50,3410,'DIFER. POR VARIACIONES DEL TIPO DE CAMBIO',0,1),(51,3411,'SERVICIOS DE VIGILANCIA',1,1),(52,3414,'SUBCONTRATACION DE SERV. C/ TERCEROS',0,1),(53,3501,'MANTEN.Y CONSERV.DE MOB. Y EQUIPO DE ADMON.',0,1),(54,3502,'MANTEN. Y CONSERV. DE BIENES INFORMATICOS',0,1),(55,3503,'MANTENIMIENTO Y CONSERVACION DE MAQUINARIA Y EQUIPO',0,1),(56,3504,'MANTEN. Y CONSERV. DE INMUEBLES',0,1),(57,3505,'SERV. DE LAVAND, LIMPIEZA, HIG. Y FUMIG.',0,1),(58,3506,'MANTENIMIENTO Y CONSERVACION DE VEHICULOS TERRESTRES, MARITIMOS, AEREOS, LACUSTRES Y FLUVIALES',0,1),(59,3602,'IMPRESION Y ELABORACION DE PUBLICACIONES OFICIALES Y DE INFORMACION GENERAL PAR A DIFUSION',1,1),(60,3603,'INSERCION Y PUBLICACIONES OFICIALES PARA LICITACIONES PUBLICAS Y TRAMITES ADMINISTRATIVOS',1,1),(61,3701,'DIFUS.E INFORM. DE MENS. Y ACTIVIDADES GUBERNAM.',0,1),(62,3808,'PASAJES NACIONALES PARA LABORES DEL CAMPO',0,1),(63,3813,'PASAJES INTERNACIONALES',1,1),(64,3803,'GASTOS DE ORDEN SOCIAL',1,1),(65,3804,'CONGRESOS Y CONVENCIONES',1,1),(66,3805,'EXPOSICIONES',1,1),(67,3811,'PASAJES NAC.P/SERVID. PUBL. DEMANDO EN EL DESEMPEÑO DE COMIS. Y FUNC. OFIC. ',0,1),(68,5402,'INSTRUMENTAL MEDICO Y DE LABORATORIO.',1,1),(69,3817,'VIATICOS NAL.P/SERVIDORES  PUB. EN EL DESEM. DE FUNC. OFICIALES}',0,1),(70,3819,'VIATICOS EN EL EXTRANJ. P/ SERV.PUB.EN EL DESEM. DE COMIS. Y FUNC. OFICIALES',0,1),(71,5101,'MOBILIARIO',1,1),(72,5102,'EQUIPO DE ADMINSTRACION',1,1),(73,5103,'EQUIPO EDUCACIONAL Y REGREATIVO\r\n',1,1),(74,5104,'BINES ARTICULOS Y CULTURALES',1,1),(75,5201,'MAQUINARIA  Y EQUIPO AGROPECUARIO',1,1),(76,5202,'MAQUINARIA  Y EQUIPO INDUSTRIAL',1,1),(77,5204,'EQUIPOS Y APARATOS DE COMUNICACIONES Y TELECOMUNICACIONES',1,1),(78,5205,'MAQ. Y EQUIPO ELEC. Y ELECTRON.',1,1),(79,5206,'BIENES INFORMATICOS',1,1),(80,5303,'VEHICULOS Y EQUIPOS TERRESTRES, AEREOS, MARITIMOS,  LACUSTRES Y FLUVIALES',1,1),(81,5304,'VEHICULOS Y EQUIPOS TERRESTRES, AEREOS, MARITIMOS, DESTINADOS A SERVICIOS ADMINSTRATIVOS',1,1),(82,5401,'EQUIPO MEDICO Y DE LABORATORIO',1,1),(83,5601,'ANIMALES DE TRABAJO',1,1),(84,5602,'ANIMALES DE REPRODUCCION',1,1),(85,7501,'GASTO RELACIONADO CON ACTIVIDADES CULTURALES, DEPORTIVAS Y DE AYUDA EXTRAORDINARIA',1,1),(86,7502,'GASTOS POR SERV. DE TRASLADO DE PERS.',1,1),(88,2107,'MATERIAL PARA INF. EN ACTIVIDADES DE INVES. CIENTIFICA Y TECNOLOGICA',0,1),(89,2203,'PRODUCTOS ALIMEN. PARA PERSONAL QUE REALIZE LAB. DE CAMPO',0,1),(90,2502,'SUSTANCIAS QUIMICAS',0,1),(91,3402,'FLETES Y MANIOBRAS',0,1),(92,3403,'SERVICIOS BANCARIOS Y FINANCIEROS.',0,1),(93,3409,'PATENTES REGALIAS Y OTROS.',0,1),(94,3413,'OTROS SERVICIOS COMERCIALES',0,1),(95,3814,'VIATICOS NACIONALES PARA LAB. EN CAMPO.',0,1),(96,5501,'HTAS. Y MAQUINAS HTAS.',1,1),(97,5502,'REFACCIONES Y ACCESORIOS',1,1),(98,2702,'PRENDAS DE PROTECCION PERSONAL',0,1),(99,2703,'ARTICULOS DEPORTIVOS.',0,1),(100,3210,'ARRENDAMIENTO DE MOBILIARIO',0,1),(101,3206,'Arrendamiento de vehiculos p/serv. publicos',0,1),(102,3310,'SERVICIOS REL.CON CERTIFICACION DE PROCESOS',0,1),(103,3507,'Mantenimiento y conservacion de plantase inst. prod.',0,1),(105,3206,'ARRENDAMIENTO DE VEHICULOS TERRESTRES, AEREOS, MARITIMOS',0,1),(107,3202,'ARRENDAMIENTO DE TERRENOS',0,1),(109,3601,'IMPRESIONES DE DOCUMENTOS OFICIALES PARA LA PRESTACION DE SERVICIOS PUBLICOS, IDENTIFICACION Y FORMATOS ADMINISTRATIVOS Y FISCALES, FORMAS VALORADAS, CERTIFICADOS Y TITULOS',0,1);
/*!40000 ALTER TABLE `partida` ENABLE KEYS */;
UNLOCK TABLES;

--
-- Table structure for table `poa`
--

DROP TABLE IF EXISTS `poa`;
SET @saved_cs_client     = @@character_set_client;
SET character_set_client = utf8;
CREATE TABLE `poa` (
  `id` int(11) NOT NULL auto_increment,
  `anio` int(11) default NULL,
  `tipo` tinyint(1) NOT NULL,
  `actual` tinyint(1) NOT NULL,
  `iniciado` tinyint(1) NOT NULL,
  `terminado` tinyint(1) NOT NULL,
  `periodo` int(1) NOT NULL,
  PRIMARY KEY  (`id`)
) ENGINE=InnoDB AUTO_INCREMENT=2 DEFAULT CHARSET=latin1;
SET character_set_client = @saved_cs_client;

--
-- Dumping data for table `poa`
--

LOCK TABLES `poa` WRITE;
/*!40000 ALTER TABLE `poa` DISABLE KEYS */;
INSERT INTO `poa` VALUES (1,2009,1,1,1,0,0);
/*!40000 ALTER TABLE `poa` ENABLE KEYS */;
UNLOCK TABLES;

--
-- Table structure for table `poa_dpto`
--

DROP TABLE IF EXISTS `poa_dpto`;
SET @saved_cs_client     = @@character_set_client;
SET character_set_client = utf8;
CREATE TABLE `poa_dpto` (
  `id` int(11) NOT NULL auto_increment,
  `dpto_id` int(11) NOT NULL,
  `partida_id` int(11) NOT NULL,
  `insumo_id` int(11) NOT NULL,
  `cantidad` int(11) NOT NULL,
  `descripcion` text NOT NULL,
  `justificacion` text NOT NULL,
  `idaccion` int(11) NOT NULL,
  `tipogasto` int(1) NOT NULL,
  `periodo` int(1) NOT NULL,
  `idproceso` int(11) NOT NULL,
  `idactividad` int(11) NOT NULL,
  `idacciones` int(11) NOT NULL,
  `idpoa` int(11) NOT NULL,
  PRIMARY KEY  (`id`)
) ENGINE=InnoDB AUTO_INCREMENT=1343 DEFAULT CHARSET=latin1;
SET character_set_client = @saved_cs_client;

--
-- Dumping data for table `poa_dpto`
--

LOCK TABLES `poa_dpto` WRITE;
/*!40000 ALTER TABLE `poa_dpto` DISABLE KEYS */;
INSERT INTO `poa_dpto` VALUES (1,24,49,43,1800,'','',3,1,2,3,8,23,1),(2,24,49,43,70,'','',4,1,2,3,8,24,1),(3,24,9,3,5,'','',1,1,1,3,8,22,1),(4,24,9,3,5,'','',1,1,2,3,8,22,1),(5,24,67,61,11,'','',2,1,2,3,8,22,1),(6,24,65,58,120,'','',2,1,1,3,8,22,1),(7,24,79,66,1,'','Este es un appliance que permite administrar de manera centralizada los puntos de acceso de la red inalambrica',2,1,1,3,8,22,1),(8,24,69,64,39,'','',2,1,1,3,8,22,1),(11,13,96,71,1,'','PARA ATENDER LAS RECOMENDACIONES DE LOS CIEES PARA LA ACREDITACION DE LA CARRERA',24,1,2,1,1,1,1),(12,13,76,74,1,'','PARA ATENDER LAS RECOMENDACIONES DE LOS CIEES PARA LA ACREDITACION DE LA CARRERA',24,1,1,1,1,1,1),(13,13,96,68,1,'','PARA ATENDER LAS RECOMENDACIONES DE LOS CIEES PARA LA ACREDITACION DE LA CARRERA',24,1,1,1,1,1,1),(14,13,96,73,1,'','PARA ATENDER LAS RECOMENDACIONES DE LOS CIEES PARA LA ACREDITACION DE LA CARRERA',24,1,2,1,1,1,1),(15,13,82,69,1,'','PARA ATENDER LAS RECOMENDACIONES DE LOS CIEES PARA LA ACREDITACION DE LA CARRERA',24,1,1,1,1,1,1),(16,13,82,70,1,'','PARA ATENDER LAS RECOMENDACIONES DE LOS CIEES PARA LA ACREDITACION DE LA CARRERA',24,1,1,1,1,1,1),(17,13,96,72,1,'','PARA ATENDER LAS RECOMENDACIONES DE LOS CIEES PARA LA ACREDITACION DE LA CARRERA',24,1,2,1,1,1,1),(18,13,23,75,5,'','',25,1,2,1,1,15,1),(19,13,23,76,1,'','',25,1,1,1,1,15,1),(20,13,90,77,20,'','',26,1,1,1,1,19,1),(21,13,20,78,20,'','',26,1,1,1,1,19,1),(22,13,20,93,4,'','',26,1,1,1,1,19,1),(23,13,15,101,10,'','',26,1,1,1,1,19,1),(24,13,15,79,10,'','',26,1,1,1,1,19,1),(25,13,15,89,10,'','',26,1,1,1,1,19,1),(26,13,15,91,2,'','',26,1,1,1,1,19,1),(27,13,15,90,2,'','',26,1,1,1,1,19,1),(28,13,15,92,2,'','',26,1,1,1,1,19,1),(29,13,15,94,2,'','',26,1,1,1,1,19,1),(30,13,15,96,3,'','',26,1,1,1,1,19,1),(31,13,15,97,3,'','',26,1,1,1,1,19,1),(32,13,15,95,3,'','',26,1,1,1,1,19,1),(33,13,15,83,1,'','',26,1,1,1,1,19,1),(34,13,15,87,1,'','',26,1,1,1,1,19,1),(35,13,15,82,2,'','',26,1,1,1,1,19,1),(36,13,15,100,10,'','',26,1,1,1,1,19,1),(37,13,15,81,1,'','',26,1,1,1,1,19,1),(38,13,15,80,4,'','',26,1,1,1,1,19,1),(39,13,15,98,5,'','',26,1,1,1,1,19,1),(40,13,15,102,5,'','',26,1,1,1,1,19,1),(41,13,15,103,1,'','',26,1,1,1,1,19,1),(42,13,9,88,4,'','',26,1,1,1,1,19,1),(43,13,9,85,10,'','',26,1,1,1,1,19,1),(44,13,9,84,10,'','',26,1,1,1,1,19,1),(45,13,9,86,10,'','',26,1,1,1,1,19,1),(46,13,21,99,50,'','',26,1,1,1,1,19,1),(47,13,12,104,10,'','',27,1,1,1,1,27,1),(48,13,12,105,6,'','',27,1,2,1,1,27,1),(49,13,67,61,30,'','',28,1,1,1,3,2,1),(50,13,67,61,30,'','',28,1,2,1,3,2,1),(51,13,67,106,2,'','',28,1,1,1,3,2,1),(52,13,8,2,50,'','',31,1,1,1,2,36,1),(53,13,49,43,25,'','',29,1,1,2,4,30,1),(54,13,49,43,25,'','',29,1,2,2,4,30,1),(55,13,69,64,100,'','',30,1,1,2,4,30,1),(56,13,69,64,100,'','',30,1,2,2,4,30,1),(57,18,8,2,13,'','',32,1,2,1,1,15,1),(58,18,8,2,13,'','',32,1,1,1,1,15,1),(59,18,12,5,14,'','',32,1,1,1,1,15,1),(60,18,12,5,14,'','',32,1,2,1,1,15,1),(61,18,29,21,30,'','',32,1,2,1,1,15,1),(62,18,29,21,30,'','',32,1,2,1,1,15,1),(63,18,20,11,25,'','',32,1,1,1,1,15,1),(64,18,20,11,25,'','',32,1,2,1,1,15,1),(65,18,59,54,66,'','',32,1,1,1,1,15,1),(66,18,59,54,67,'','',32,1,2,1,1,15,1),(67,18,69,107,1,'','',32,1,1,1,1,15,1),(68,18,69,107,2,'','',32,1,2,1,1,15,1),(69,18,23,75,10,'','',22,1,1,3,8,22,1),(70,18,23,75,12,'','',22,1,1,3,8,22,1),(71,16,76,115,4,'','EQUIPAMIENTO DE LAB. DE ELECTRICA LAB. DE INST. DE CONTROL ',33,1,1,1,1,1,1),(72,16,79,114,1,'','EQUIPAMIENTO DE LAB. DE SIMULACION DE ECA',33,1,1,1,1,1,1),(73,16,78,112,1,'','EQUIP. DE LAB. ELECTRICA',33,1,1,1,1,1,1),(74,16,78,113,1,'','EQUIPAM. LAB. DE ELECTRICA',33,1,1,1,1,1,1),(75,16,8,2,39,'','',36,1,1,1,1,19,1),(76,16,8,2,39,'','',36,1,2,1,1,19,1),(77,16,12,5,65,'','',36,1,1,1,1,19,1),(78,16,12,5,65,'','',36,1,2,1,1,19,1),(79,16,23,14,160,'','',36,1,1,1,1,19,1),(80,16,23,14,160,'','',36,1,2,1,1,19,1),(81,16,9,3,3,'','',36,1,1,1,1,19,1),(82,16,15,98,10,'','',36,1,1,1,1,19,1),(83,16,15,98,10,'','',36,1,2,1,1,19,1),(84,16,20,11,5,'','',36,1,1,1,1,19,1),(85,16,32,23,10,'','',36,1,2,1,1,19,1),(86,16,29,21,12,'','',37,1,1,1,1,27,1),(87,16,29,21,13,'','',37,1,2,1,1,27,1),(88,16,49,43,7,'','',39,1,1,2,4,30,1),(89,16,49,43,7,'','',39,1,2,2,4,30,1),(90,16,67,106,7,'','',35,1,1,1,3,12,1),(91,16,67,106,6,'','',35,1,2,1,3,12,1),(92,16,69,107,11,'','',35,1,1,1,3,12,1),(93,16,69,107,12,'','',35,1,2,1,3,12,1),(94,16,13,7,17,'','',34,1,1,1,1,15,1),(95,16,13,7,18,'','',34,1,2,1,1,15,1),(96,3,49,43,600,'','',42,1,1,1,1,15,1),(97,3,49,43,600,'','',42,1,2,1,1,15,1),(98,3,102,116,150,'','',40,1,2,1,1,1,1),(99,3,49,43,500,'','',45,1,1,3,7,37,1),(100,3,67,106,10,'','',45,1,1,3,7,37,1),(101,3,67,106,10,'','',45,1,2,3,7,37,1),(102,3,69,107,5,'','',45,1,1,3,7,37,1),(103,3,69,107,5,'','',45,1,2,3,7,37,1),(104,3,8,2,50,'','',43,1,1,1,3,12,1),(105,3,8,2,50,'','',43,1,2,1,3,12,1),(106,3,12,5,50,'','',43,1,1,1,3,12,1),(107,3,12,5,50,'','',43,1,2,1,3,12,1),(108,3,13,7,50,'','',45,1,1,3,7,37,1),(109,3,13,7,50,'','',45,1,2,3,7,37,1),(110,3,29,21,30,'','',42,1,1,1,1,15,1),(111,3,29,21,20,'','',42,1,2,1,1,15,1),(112,3,67,106,3,'','',45,1,1,3,7,37,1),(113,3,67,106,3,'','',45,1,2,3,7,37,1),(114,3,69,107,5,'','',45,1,1,3,7,37,1),(115,3,69,107,4,'','',45,1,2,3,7,37,1),(116,3,73,110,1,'','PARA APOYO A LAS AREAS ACADEMICAS Y ADMINISTRATIVAS',45,1,2,3,7,37,1),(117,3,49,43,50,'','',42,1,2,1,1,15,1),(118,3,65,58,40,'','',43,1,1,1,3,12,1),(119,3,65,58,40,'','',43,1,2,1,3,12,1),(120,3,67,106,5,'','',40,1,1,1,1,1,1),(121,3,67,106,5,'','',40,1,2,1,1,1,1),(122,14,76,120,1,'','PARA LA ATENCION DE PRACTICAS DE LABORATORIO',48,1,2,1,1,1,1),(123,14,82,121,2,'','PARA LA ATENCION DE PRACTICAS DE LABORATORIO',48,1,2,1,1,1,1),(124,14,82,122,1,'','PARA LA ATENCION DE PRACTICAS DE LABORATORIO',48,1,2,1,1,1,1),(125,14,23,76,5,'','',49,1,1,1,1,15,1),(126,14,12,104,10,'','',49,1,1,1,1,15,1),(127,14,12,5,35,'','',49,1,1,1,1,15,1),(128,14,8,2,100,'','',49,1,1,1,1,15,1),(129,11,82,117,1,'','EL AREA DE CIENCIAS BASICAS SE ENCUENTRA EN LA ETAPA DE GENERACION DE UN LABORATORIO DE FISICA GENERAL, PARA ATENDER LAS NECESIDADES DE LOS NUEVOS PROGRAMAS DE FISICA, POR LO QUE NO CUENTA CON ESTOS EQUIPOS, NECESARIOS PARA ATENDER LOS FINES DIDACTICOS Y PEDAGOGICOS TANTO DE CATEDRATICOS COMO DE ALUMNOS.',5,1,2,1,1,1,1),(130,14,54,50,80,'','',49,1,1,1,1,15,1),(131,11,82,118,1,'','EL AREA DE CIENCIAS BASICAS SE ENCUENTRA EN LA ETAPA DE GENERACION DE UN LABORATORIO DE FISICA GENERAL, PARA ATENDER LAS NECESIDADES DE LOS NUEVOS PROGRAMAS DE FISICA, POR LO QUE NO CUENTA CON ESTOS EQUIPOS, NECESARIOS PARA ATENDER LOS FINES DIDACTICOS Y PEDAGOGICOS TANTO DE CATEDRATICOS COMO DE ALUMNOS.',5,1,1,1,1,1,1),(132,11,82,119,1,'','EL AREA DE CIENCIAS BASICAS SE ENCUENTRA EN LA ETAPA DE GENERACION DE UN LABORATORIO DE FISICA GENERAL, PARA ATENDER LAS NECESIDADES DE LOS NUEVOS PROGRAMAS DE FISICA, POR LO QUE NO CUENTA CON ESTOS EQUIPOS, NECESARIOS PARA ATENDER LOS FINES DIDACTICOS Y PEDAGOGICOS TANTO DE CATEDRATICOS COMO DE ALUMNOS.',6,1,1,1,1,1,1),(133,14,67,61,75,'','',52,1,1,2,4,30,1),(134,14,67,61,75,'','',52,1,2,2,4,30,1),(135,14,69,107,10,'','',52,1,1,2,4,30,1),(136,14,69,107,10,'','',52,1,2,2,4,30,1),(137,14,49,43,25,'','',52,1,1,2,4,30,1),(138,14,49,43,25,'','',52,1,2,2,4,30,1),(139,11,8,2,40,'','',7,1,1,1,3,12,1),(140,11,8,2,40,'','',7,1,2,1,3,12,1),(141,11,12,105,1,'','',7,1,1,1,3,12,1),(142,11,12,105,1,'','',7,1,2,1,3,12,1),(143,11,8,2,1,'','',8,1,1,1,3,12,1),(144,11,8,2,1,'','',8,1,2,1,3,12,1),(145,14,31,22,60,'','',50,1,1,1,1,19,1),(146,14,31,22,60,'','',50,1,2,1,1,19,1),(147,14,20,11,25,'','',50,1,1,1,1,19,1),(148,14,20,11,25,'','',50,1,2,1,1,19,1),(149,11,13,7,5,'','',9,1,1,1,3,12,1),(150,11,13,7,5,'','',9,1,2,1,3,12,1),(151,14,15,8,90,'','',50,1,1,1,1,19,1),(152,14,15,8,90,'','',50,1,2,1,1,19,1),(153,14,90,16,200,'','',50,1,1,1,1,19,1),(154,14,90,16,180,'','',50,1,2,1,1,19,1),(155,11,8,2,10,'','',10,1,1,1,1,19,1),(156,11,8,2,10,'','',10,1,2,1,1,19,1),(157,11,9,3,20,'','',11,1,1,1,1,19,1),(158,11,9,3,20,'','',11,1,2,1,1,19,1),(159,11,12,105,1,'','',11,1,1,1,1,19,1),(160,11,12,105,1,'','',11,1,2,1,1,19,1),(161,11,9,3,1,'','',10,1,1,1,1,19,1),(162,11,9,3,1,'','',10,1,2,1,1,19,1),(163,11,16,9,40,'','',12,1,1,1,1,19,1),(164,11,16,9,10,'','',12,1,2,1,1,19,1),(165,14,27,19,15,'','',50,1,1,1,1,19,1),(166,14,27,19,15,'','',50,1,2,1,1,19,1),(167,14,28,20,200,'','',50,1,1,1,1,19,1),(168,14,28,20,150,'','',50,1,2,1,1,19,1),(169,11,90,16,30,'','',12,1,1,1,1,19,1),(170,11,90,16,40,'','',12,1,2,1,1,19,1),(171,14,98,24,50,'','',50,1,1,1,1,19,1),(173,11,12,5,10,'','',13,1,1,1,1,19,1),(174,11,12,5,10,'','',13,1,2,1,1,19,1),(175,11,13,7,10,'','',13,1,1,1,1,19,1),(176,11,13,7,10,'','',13,1,2,1,1,19,1),(177,11,57,52,25,'','',13,1,1,1,1,19,1),(178,11,57,52,25,'','',13,1,2,1,1,19,1),(179,11,8,2,60,'','',16,1,1,1,1,27,1),(180,11,8,2,20,'','',16,1,2,1,1,27,1),(181,14,9,3,20,'','',50,1,1,1,1,19,1),(184,11,12,105,1,'','',16,1,1,1,1,27,1),(185,11,12,105,1,'','',16,1,2,1,1,27,1),(186,14,17,10,50,'','',50,1,1,1,1,19,1),(187,11,12,5,6,'','',16,1,1,1,1,27,1),(188,11,12,5,6,'','',16,1,2,1,1,27,1),(189,11,12,5,5,'','',16,1,1,1,1,27,1),(190,11,12,5,5,'','',16,1,2,1,1,27,1),(191,14,13,7,10,'','',50,1,1,1,1,19,1),(192,14,13,7,10,'','',50,1,2,1,1,19,1),(193,11,13,7,20,'','',16,1,1,1,1,27,1),(194,11,13,7,10,'','',16,1,2,1,1,27,1),(195,11,23,75,10,'','',16,1,1,1,1,27,1),(196,11,23,75,10,'','',16,1,2,1,1,27,1),(197,11,32,23,20,'','',16,1,1,1,1,27,1),(198,11,32,23,100,'','',16,1,2,1,1,27,1),(199,14,55,49,100,'','',50,1,1,1,1,19,1),(200,14,55,49,150,'','',50,1,2,1,1,19,1),(201,11,86,123,1,'','',18,1,2,1,1,27,1),(202,11,86,124,95,'','',18,1,2,1,1,27,1),(203,11,13,7,10,'','',46,1,1,1,1,15,1),(204,11,13,7,10,'','',46,1,2,1,1,15,1),(205,11,23,75,10,'','',46,1,1,1,1,15,1),(206,11,23,75,10,'','',46,1,2,1,1,15,1),(207,11,23,76,1,'','',46,1,1,1,1,15,1),(208,11,23,14,5,'','',46,1,1,1,1,15,1),(209,11,23,14,5,'','',46,1,2,1,1,15,1),(210,11,67,106,1,'','',46,1,1,1,1,15,1),(211,11,67,106,1,'','',46,1,2,1,1,15,1),(212,11,67,61,40,'','',46,1,1,1,1,15,1),(213,11,67,61,40,'','',46,1,2,1,1,15,1),(214,11,69,107,2,'','',46,1,1,1,1,15,1),(215,11,69,107,2,'','',46,1,2,1,1,15,1),(216,11,8,2,9,'','',8,1,1,1,3,12,1),(217,11,8,2,9,'','',8,1,2,1,3,12,1),(218,11,8,2,20,'','',15,1,1,3,8,22,1),(219,11,8,2,20,'','',15,1,2,3,8,22,1),(220,11,16,9,16,'','',15,1,1,3,8,22,1),(221,11,16,9,16,'','',15,1,2,3,8,22,1),(222,7,60,55,700,'','',53,1,2,3,7,38,1),(223,7,59,54,50,'','',54,1,1,3,7,38,1),(224,7,59,54,50,'','',54,1,2,3,7,38,1),(227,7,61,56,100,'','',54,1,1,3,7,38,1),(228,7,61,56,100,'','',54,1,2,3,7,38,1),(229,7,60,55,125,'','',54,1,1,3,7,38,1),(230,7,60,55,125,'','',54,1,2,3,7,38,1),(233,7,22,13,60,'','',54,1,1,3,7,38,1),(234,7,22,13,60,'','',54,1,2,3,7,38,1),(245,7,59,54,110,'','',55,1,1,3,7,38,1),(246,7,59,54,110,'','',55,1,2,3,7,38,1),(250,7,64,57,450,'','',56,1,1,3,7,38,1),(251,7,64,57,450,'','',56,1,2,3,7,38,1),(252,7,59,54,50,'','',56,1,1,3,7,38,1),(253,7,59,54,50,'','',56,1,2,3,7,38,1),(254,7,64,57,200,'','',56,1,1,3,7,38,1),(255,7,64,57,200,'','',56,1,2,3,7,38,1),(258,19,7,1,7093,'','',57,1,2,1,1,3,1),(259,19,7,1,875,'','',57,1,1,1,1,3,1),(260,19,7,1,875,'','',57,1,2,1,1,3,1),(261,19,8,2,15,'','',58,1,1,1,1,15,1),(262,19,8,2,15,'','',58,1,2,1,1,15,1),(263,19,12,5,210,'','',59,1,1,1,1,15,1),(264,19,12,5,210,'','',59,1,2,1,1,15,1),(265,19,71,126,1,'','PARA LA COORDINACION DE GESTION EMPRESARIAL',59,1,1,1,1,15,1),(267,19,79,127,1,'','PARA LA JEFATURA DE LA DIV. DE EST. PROFESIONALES DEBIDO A QUE NO EXISTE',59,1,1,1,1,15,1),(268,19,8,2,25,'','',60,1,1,1,1,15,1),(269,19,8,2,24,'','',60,1,2,1,1,15,1),(270,15,8,2,35,'','',61,1,1,1,1,1,1),(271,15,8,2,35,'','',61,1,2,1,1,1,1),(272,15,67,61,125,'','',63,1,1,1,3,2,1),(273,15,67,61,125,'','',63,1,2,1,3,2,1),(274,15,23,75,13,'','',64,1,1,1,1,15,1),(275,15,23,75,12,'','',64,1,2,1,1,15,1),(276,15,15,89,550,'','',65,1,1,1,1,19,1),(277,15,15,89,500,'','',65,1,2,1,1,19,1),(278,15,12,5,60,'','',66,1,1,1,1,27,1),(279,15,12,5,40,'','',66,1,2,1,1,27,1),(280,15,49,43,30,'','',67,1,1,2,4,30,1),(281,15,49,43,20,'','',67,1,2,2,4,30,1),(282,15,69,107,6,'','',68,1,1,2,4,30,1),(283,15,69,107,4,'','',68,1,2,2,4,30,1),(284,15,82,130,2,'','ATENCION A LA RECOMENDACION DE CIESS',62,1,1,1,1,1,1),(285,15,82,135,2,'','ATENCION A LA RECOMENDACION DE CIESS',62,1,1,1,1,1,1),(286,15,78,131,1,'','ATENCION A LA RECOMENDACION DE CIESS',62,1,1,1,1,1,1),(287,15,82,132,5,'','ATENCION RECOMENDACION DE CIESS',62,1,1,1,1,1,1),(288,15,82,133,5,'','ATENCION RECOMENDACION DE CIESS',62,1,1,1,1,1,1),(289,15,82,134,5,'','ATENCION A RECOMEDACION DE CIESS',62,1,1,1,1,1,1),(311,12,8,2,7,'','',82,1,1,1,1,1,1),(312,12,12,5,13,'','',82,1,1,1,1,1,1),(313,12,65,58,20,'','',82,1,1,1,1,1,1),(314,12,12,5,13,'','',83,1,1,1,1,3,1),(315,12,12,5,13,'','',83,1,2,1,1,3,1),(316,12,8,2,7,'','',83,1,1,1,1,3,1),(317,12,8,2,7,'','',83,1,2,1,1,3,1),(318,12,12,5,26,'','',84,1,1,1,1,15,1),(319,12,12,5,13,'','',84,1,2,1,1,15,1),(320,17,8,2,25,'','',98,1,1,2,4,30,1),(321,17,8,2,25,'','',98,1,2,2,4,30,1),(322,12,32,23,2,'','',84,1,1,1,1,15,1),(324,12,12,5,6,'','',84,1,1,1,1,15,1),(327,12,8,2,23,'','',84,1,1,1,1,15,1),(328,12,8,2,5,'','',84,1,2,1,1,15,1),(333,17,69,64,20,'','',98,1,1,2,4,30,1),(336,17,67,61,50,'','',94,1,1,1,3,12,1),(339,12,12,5,13,'','',85,1,1,1,1,15,1),(340,12,8,2,7,'','',85,1,1,1,1,15,1),(345,12,12,5,20,'','',99,1,1,1,1,19,1),(346,12,13,7,10,'','',99,1,1,1,1,19,1),(348,12,8,2,10,'','',88,1,1,1,1,27,1),(349,12,13,7,10,'','',88,1,1,1,1,27,1),(350,17,32,23,40,'','',96,1,1,1,1,27,1),(352,12,49,43,50,'','',88,1,1,1,1,27,1),(353,12,69,64,96,'','',88,1,1,1,1,27,1),(354,12,69,64,34,'','',88,1,2,1,1,27,1),(355,12,8,2,17,'','',89,1,2,1,1,27,1),(356,12,12,5,13,'','',89,1,2,1,1,27,1),(357,12,13,7,20,'','',90,1,2,1,3,6,1),(358,12,69,64,30,'','',90,1,1,1,3,6,1),(359,12,65,58,50,'','',91,1,1,1,3,12,1),(360,12,69,64,20,'','',91,1,1,1,3,12,1),(361,12,67,61,30,'','',91,1,1,1,3,12,1),(362,12,69,64,20,'','',92,1,1,1,3,12,1),(363,12,67,61,30,'','',92,1,1,1,3,12,1),(364,12,38,37,40,'','',93,1,1,1,3,12,1),(365,12,13,7,10,'','',93,1,1,1,3,12,1),(366,12,8,2,10,'','',93,1,1,1,3,12,1),(372,12,13,7,15,'','',87,1,1,1,1,27,1),(373,12,8,2,10,'','',87,1,1,1,1,27,1),(374,12,59,54,3,'','',87,1,1,1,1,27,1),(375,12,20,78,4,'','',87,1,1,1,1,27,1),(376,12,32,23,20,'','',87,1,1,1,1,27,1),(377,12,13,7,20,'','',88,1,2,1,1,27,1),(378,12,79,137,2,'','SE REQUIERE CREAR LAS IMAGENES Y RESTAURAR LAS MAQUINAS DE LABORATORIO, INSTALACION DE SOFTWARE',99,1,1,1,1,19,1),(379,12,79,138,1,'','PARA SISTEMA DE CONTROL DE ACCESO AL LABORATORIO Y GENERACION DE ESTADISTICAS',99,1,1,1,1,19,1),(380,12,79,139,1,'','SERVIRA PARA REPARACION DEL SERVIDOR DE RESPALDO DE LABORATORIO',99,1,1,1,1,19,1),(381,12,79,140,1,'','SERVICIO DE IMPRESION EN EL LABORATORIO PARA ALUMNOS Y DOCENTES',99,1,1,1,1,19,1),(382,12,72,141,1,'','SE FOTOCOPIARAN: MANUALES Y PRACTICAS DE LABORATORI PARA FORMAR ARCHIVOS DE RESPALDO Y SOPORTE PARA EXAMENES ESPECIALES Y GLOBALES, MANUALES PARA CURSOS, RETICULAS Y TRIPTICOS PARA VISITAS AL LABORATORIO Y PROMOCION DE LA CARRERA',99,1,1,1,1,19,1),(383,12,79,111,3,'','REMPLAZO DE EQUIPOS DESCOMPUESTOS DE LABORATORIOS',99,1,2,1,1,19,1),(384,12,77,143,1,'DISCO DURO DE GRABACION DESMONTABLE, VERSION ESTANDAR DE 4 CANALES CON 80 GB´S Y SE PUEDE MEJORAR HASTA 500 GB´S.','PARA VIGILANCIA DE LOS EQUIPOS DE LABORATORIO DE SISTEMAS. ',99,1,1,1,1,19,1),(385,17,69,64,20,'','',94,1,1,1,3,12,1),(386,17,69,64,19,'','',94,1,2,1,3,12,1),(387,17,49,43,49,'','',95,1,1,1,3,12,1),(388,16,79,144,2,'','PARA LAB. DE ELEC Y ELECTRONICA, PLC',33,1,1,1,1,1,1),(389,17,12,105,2,'','',94,1,1,1,3,12,1),(390,17,12,105,2,'','',94,1,2,1,3,12,1),(391,17,12,104,5,'','',96,1,1,1,1,27,1),(392,17,12,104,5,'','',96,1,2,1,1,27,1),(393,25,8,2,60,'','',100,1,1,1,1,1,1),(394,25,8,2,60,'','',100,1,2,1,1,1,1),(395,25,9,3,25,'','',100,1,1,1,1,1,1),(396,25,9,3,25,'','',100,1,2,1,1,1,1),(397,25,12,5,40,'','',100,1,1,1,1,1,1),(398,25,12,5,40,'','',100,1,2,1,1,1,1),(399,25,15,8,70,'','',101,1,1,1,1,1,1),(400,25,15,8,70,'','',101,1,2,1,1,1,1),(401,25,20,11,25,'','',101,1,1,1,1,1,1),(402,25,20,11,25,'','',101,1,2,1,1,1,1),(403,25,23,14,600,'','',101,1,1,1,1,1,1),(404,25,23,14,600,'','',101,1,2,1,1,1,1),(405,25,31,22,15,'','',101,1,1,1,1,1,1),(406,25,31,22,15,'','',101,1,2,1,1,1,1),(407,25,32,23,40,'','',101,1,1,1,1,1,1),(408,25,32,23,40,'','',101,1,2,1,1,1,1),(409,25,77,145,1,'EL 170 VIENE EN UN GMRS/FRS RADIO DE DIS VIAS CON UN ALCANCE DE 8 MILLAS, CON UN TOTAL DE 836 COMBINACIONES, CUANDO KLOS CANALES SE COMBINAN CON LOS 38 CODIGOS DE PRIVACIDAD.','ES DE VITAL IMPORTANCIA PARA LA COMUNICACION INTERNA EN EVENTOS DE INDOLE ACADEMICOS, VINCULACION, ENTRE OTROS.',100,1,1,1,1,1,1),(410,25,53,146,199,'','',102,1,1,1,1,1,1),(411,25,53,146,199,'','',102,1,2,1,1,1,1),(412,25,13,147,1,'','',102,1,1,1,1,1,1),(413,25,13,147,1,'','',102,1,2,1,1,1,1),(414,17,49,43,50,'','',97,1,1,1,1,27,1),(415,17,69,64,20,'','',98,1,2,2,4,30,1),(416,17,67,106,2,'','',98,1,1,2,4,30,1),(417,17,67,106,2,'','',98,1,2,2,4,30,1),(418,17,49,43,15,'','',98,1,1,2,4,30,1),(419,17,49,43,15,'','',98,1,2,2,4,30,1),(420,18,67,106,6,'','',115,1,1,1,1,13,1),(421,18,67,106,6,'','',115,1,2,1,1,13,1),(422,18,69,107,2,'','',115,1,1,1,1,13,1),(423,18,69,107,2,'','',115,1,2,1,1,13,1),(424,18,8,2,50,'','',115,1,1,1,1,13,1),(425,18,8,2,50,'','',115,1,2,1,1,13,1),(426,18,67,106,6,'','',116,1,2,1,3,6,1),(427,18,69,107,2,'','',116,1,2,1,3,6,1),(429,18,73,110,2,'','PARA APOYO A DOCENTES EN LA ENSEÑANZA-APRENDIZAJE',22,1,2,3,8,22,1),(430,18,23,14,22,'','',22,1,1,3,8,22,1),(431,18,15,101,21,'','',22,1,1,3,8,22,1),(432,18,15,101,21,'','',22,1,2,3,8,22,1),(433,18,12,5,30,'','',22,1,1,3,8,22,1),(434,18,12,5,30,'','',22,1,2,3,8,22,1),(435,9,8,2,10,'','',103,1,2,1,1,15,1),(436,9,8,2,50,'','',103,1,2,1,1,15,1),(437,18,23,75,30,'','',22,1,1,3,8,22,1),(438,18,73,149,1,'','PARA CURSOS A DOCENTES',22,1,2,3,8,22,1),(439,9,8,2,10,'','',105,1,2,1,1,15,1),(440,18,72,150,1,'','PARA CURSOS A DOCENTES',22,1,2,3,8,22,1),(441,9,46,41,2100,'','',105,1,1,1,1,15,1),(442,18,67,106,20,'','',19,1,1,1,3,12,1),(443,18,67,106,20,'','',19,1,2,1,3,12,1),(444,18,69,107,12,'','',19,1,1,1,3,12,1),(445,18,69,107,12,'','',19,1,2,1,3,12,1),(446,18,38,37,75,'','',19,1,1,1,3,12,1),(447,18,38,37,75,'','',19,1,2,1,3,12,1),(448,18,32,23,70,'','',32,1,1,1,1,15,1),(449,18,32,23,70,'','',32,1,2,1,1,15,1),(450,18,38,37,250,'','',20,1,1,1,3,12,1),(451,18,38,37,250,'','',20,1,2,1,3,12,1),(452,18,13,147,25,'','',20,1,1,1,3,12,1),(453,18,13,147,30,'','',20,1,2,1,3,12,1),(454,9,12,105,12,'','',106,1,1,1,1,15,1),(455,9,12,105,12,'','',106,1,2,1,1,15,1),(456,18,12,5,3,'','',20,1,1,1,3,12,1),(457,18,12,5,3,'','',20,1,2,1,3,12,1),(458,18,12,105,8,'','',20,1,1,1,3,12,1),(459,18,12,105,8,'','',20,1,2,1,3,12,1),(460,9,8,2,44,'','',106,1,2,1,1,15,1),(461,18,65,58,30,'','',21,1,1,1,3,12,1),(462,18,65,58,30,'','',21,1,2,1,3,12,1),(463,9,8,2,650,'','',106,1,2,1,1,15,1),(464,9,8,2,10,'','',107,1,1,4,13,14,1),(465,9,8,2,10,'','',107,1,2,4,13,14,1),(466,18,67,106,2,'','',20,1,1,1,3,12,1),(467,18,67,106,1,'','',20,1,2,1,3,12,1),(468,18,69,107,1,'','',20,1,1,1,3,12,1),(469,18,69,107,1,'','',20,1,2,1,3,12,1),(470,9,67,106,1,'','',108,1,1,4,13,14,1),(471,9,67,106,1,'','',108,1,2,4,13,14,1),(472,18,29,21,3,'','',20,1,1,1,3,12,1),(473,18,29,21,3,'','',20,1,2,1,3,12,1),(477,9,8,2,10,'','',112,1,1,1,18,16,1),(478,9,8,2,20,'','',113,1,1,2,4,30,1),(479,23,20,11,1680,'','',121,1,1,1,1,1,1),(480,23,20,11,1680,'','',121,1,2,1,1,1,1),(481,23,21,12,410,'','',121,1,1,1,1,1,1),(482,23,21,12,410,'','',121,1,2,1,1,1,1),(483,23,56,51,4900,'','',121,1,1,1,1,1,1),(484,23,56,51,4900,'','',121,1,2,1,1,1,1),(485,23,9,3,350,'','',121,1,1,1,1,1,1),(486,23,9,3,350,'','',121,1,2,1,1,1,1),(487,23,8,2,75,'','',121,1,1,1,1,1,1),(488,23,8,2,75,'','',121,1,2,1,1,1,1),(489,23,12,5,60,'','',121,1,1,1,1,1,1),(490,23,12,5,60,'','',121,1,2,1,1,1,1),(491,23,13,7,150,'','',121,1,1,1,1,1,1),(492,23,13,7,150,'','',121,1,2,1,1,1,1),(493,23,11,4,25,'','',121,1,1,1,1,1,1),(494,23,11,4,25,'','',121,1,2,1,1,1,1),(495,23,15,8,100,'','',121,1,1,1,1,1,1),(496,23,15,8,50,'','',121,1,2,1,1,1,1),(497,23,46,41,1200,'','',122,1,1,1,1,15,1),(498,23,57,52,2700,'','',122,1,1,1,1,15,1),(499,23,57,52,2700,'','',122,1,2,1,1,15,1),(500,23,51,45,3900,'','',122,1,1,1,1,15,1),(501,23,51,45,3900,'','',122,1,2,1,1,15,1),(502,23,41,30,750,'','',122,1,1,1,1,15,1),(503,23,41,30,750,'','',122,1,2,1,1,15,1),(504,23,13,7,225,'','',122,1,1,1,1,15,1),(505,23,13,7,225,'','',122,1,2,1,1,15,1),(506,23,57,52,1200,'','',122,1,1,1,1,15,1),(507,23,57,52,1200,'','',122,1,2,1,1,15,1),(508,23,32,23,500,'','',122,1,1,1,1,15,1),(509,23,58,53,600,'','',123,1,1,3,9,26,1),(510,23,58,53,600,'','',123,1,2,3,9,26,1),(511,23,29,21,350,'','',123,1,1,3,9,26,1),(512,23,29,21,350,'','',123,1,2,3,9,26,1),(513,23,49,43,150,'','',123,1,1,3,9,26,1),(514,23,49,43,150,'','',123,1,2,3,9,26,1),(515,9,26,18,150,'','',124,1,1,1,1,3,1),(516,9,26,18,150,'','',124,1,2,1,1,3,1),(517,9,8,2,40,'','',125,1,1,1,1,3,1),(518,9,8,2,40,'','',125,1,2,1,1,3,1),(519,9,12,5,20,'','',126,1,1,1,1,3,1),(520,9,12,105,10,'','',126,1,1,1,1,3,1),(521,9,8,2,40,'','',126,1,2,1,1,3,1),(524,9,8,2,20,'','',127,1,2,1,1,3,1),(525,9,69,108,10,'','',127,1,1,1,1,3,1),(526,9,69,108,10,'','',127,1,2,1,1,3,1),(527,9,67,61,100,'','',127,1,1,1,1,3,1),(528,9,67,61,400,'','',127,1,2,1,1,3,1),(529,22,8,2,39,'','',117,1,1,3,7,38,1),(530,22,8,2,20,'','',117,1,2,3,7,38,1),(531,22,12,105,4,'','',117,1,1,3,7,38,1),(532,22,12,105,6,'','',117,1,2,3,7,38,1),(533,22,13,7,5,'','',117,1,1,3,7,38,1),(534,22,13,7,5,'','',117,1,2,3,7,38,1),(535,22,16,9,20,'','',117,1,1,3,7,38,1),(536,22,16,9,8,'','',117,1,2,3,7,38,1),(537,22,32,23,20,'','',117,1,1,3,7,38,1),(538,22,32,23,5,'','',117,1,2,3,7,38,1),(539,22,92,40,35,'','',117,1,1,3,7,38,1),(540,22,92,40,35,'','',117,1,2,3,7,38,1),(541,22,53,146,3,'','',117,1,1,3,7,38,1),(542,22,53,146,2,'','',117,1,2,3,7,38,1),(544,20,65,58,100,'','',144,1,1,1,2,36,1),(545,20,86,124,800,'','',144,1,2,1,2,36,1),(548,22,109,151,80,'','',117,1,1,3,7,38,1),(549,22,67,61,90,'','',117,1,1,3,7,38,1),(550,22,67,61,90,'','',117,1,2,3,7,38,1),(551,9,79,140,1,'','PARA IMPRESION DE TITULOS ',127,1,2,1,1,3,1),(552,22,69,107,6,'','',117,1,1,3,7,38,1),(553,22,69,107,6,'','',117,1,2,3,7,38,1),(556,9,79,111,2,'','PARA FOTOCREDENCIALIZACION DE ESTUDIANTES',127,1,2,1,1,3,1),(558,20,90,16,70,'','',145,1,2,1,2,36,1),(559,22,8,2,10,'','',118,1,1,3,7,38,1),(560,22,8,2,2,'','',118,1,2,3,7,38,1),(561,22,12,105,1,'','',118,1,1,3,7,38,1),(562,22,12,105,1,'','',118,1,2,3,7,38,1),(563,22,13,147,1,'','',118,1,1,3,7,38,1),(565,20,15,8,44,'','',145,1,2,1,2,36,1),(566,22,16,9,5,'','',118,1,1,3,7,38,1),(567,9,8,2,10,'','',114,1,1,2,4,30,1),(568,9,8,2,10,'','',114,1,2,2,4,30,1),(569,22,32,23,2,'','',118,1,1,3,7,38,1),(570,22,92,40,10,'','',118,1,1,3,7,38,1),(571,22,92,40,5,'','',118,1,2,3,7,38,1),(573,20,16,9,20,'','',145,1,2,1,2,36,1),(574,22,53,146,1,'','',118,1,1,3,7,38,1),(575,20,12,5,60,'','',145,1,2,1,2,36,1),(576,20,12,5,60,'','',145,1,2,1,2,36,1),(577,22,109,151,16,'','',118,1,1,3,7,38,1),(578,22,67,61,18,'','',118,1,1,3,7,38,1),(579,22,67,61,18,'','',118,1,2,3,7,38,1),(580,22,69,107,1,'','',118,1,1,3,7,38,1),(581,22,8,2,10,'','',119,1,1,3,7,38,1),(582,22,12,104,6,'','',119,1,1,3,7,38,1),(585,22,16,9,5,'','',119,1,1,3,7,38,1),(586,22,32,23,2,'','',119,1,1,3,7,38,1),(587,22,92,40,10,'','',119,1,1,3,7,38,1),(588,22,92,40,5,'','',119,1,2,3,7,38,1),(589,22,53,146,1,'','',119,1,1,3,7,38,1),(590,22,109,151,16,'','',119,1,1,3,7,38,1),(591,22,67,61,18,'','',119,1,1,3,7,38,1),(592,22,67,61,18,'','',119,1,2,3,7,38,1),(595,22,69,107,1,'','',119,1,1,3,7,38,1),(598,22,8,2,30,'','',120,1,1,3,7,38,1),(599,22,8,2,5,'','',120,1,2,3,7,38,1),(600,22,12,105,4,'','',120,1,1,3,7,38,1),(601,22,12,105,3,'','',120,1,2,3,7,38,1),(602,22,16,9,16,'','',120,1,1,3,7,38,1),(603,22,32,23,7,'','',120,1,1,3,7,38,1),(604,22,92,40,20,'','',120,1,1,3,7,38,1),(605,22,92,40,20,'','',120,1,2,3,7,38,1),(606,22,53,146,3,'','',120,1,1,3,7,38,1),(607,22,109,151,45,'','',120,1,1,3,7,38,1),(608,22,67,61,40,'','',120,1,1,3,7,38,1),(609,22,67,61,40,'','',120,1,2,3,7,38,1),(610,22,69,107,1,'','',120,1,1,3,7,38,1),(611,22,67,61,8,'','',120,1,1,3,7,38,1),(612,5,8,2,15,'','',148,1,1,3,7,38,1),(613,5,8,2,40,'','',148,1,2,3,7,38,1),(614,5,12,5,75,'','',148,1,1,3,7,38,1),(615,5,12,5,75,'','',148,1,2,3,7,38,1),(616,5,13,7,5,'','',148,1,1,3,7,38,1),(617,5,13,7,5,'','',148,1,2,3,7,38,1),(618,5,67,106,3,'','',147,1,1,1,1,1,1),(619,5,67,106,3,'','',147,1,2,1,1,1,1),(620,5,69,107,2,'','',147,1,1,1,1,1,1),(621,5,69,107,2,'','',147,1,2,1,1,1,1),(622,5,67,106,6,'','',148,1,1,3,7,38,1),(623,5,67,106,6,'','',148,1,2,3,7,38,1),(624,5,69,107,5,'','',148,1,1,3,7,38,1),(625,5,69,107,5,'','',148,1,2,3,7,38,1),(626,5,67,61,5,'','',149,1,1,3,6,40,1),(627,5,67,61,5,'','',149,1,2,3,6,40,1),(628,5,16,9,10,'','',148,1,1,3,7,38,1),(629,5,16,9,10,'','',148,1,2,3,7,38,1),(630,5,56,51,50,'','',147,1,1,1,1,1,1),(631,5,56,51,50,'','',147,1,2,1,1,1,1),(632,5,73,110,5,'','EQUIPAMIENTO DE AULAS CON TIC´S',150,1,1,3,8,22,1),(633,5,73,110,4,'','EQUIPAMIENTO DE AULAS CON TIC´S',150,1,2,3,8,22,1),(634,5,73,149,5,'','PARA EQUIPAMIENTO DE SALONES CON TIC´S',150,1,1,3,8,22,1),(635,5,73,149,6,'','PARA EQUIPAMIENTO DE SALONES CON TIC´S',150,1,2,3,8,22,1),(636,5,32,23,10,'','',147,1,2,1,1,1,1),(637,21,64,57,500,'','',151,1,1,3,9,26,1),(638,21,64,57,250,'','',151,1,2,3,9,26,1),(639,21,67,61,385,'','',152,1,1,3,7,38,1),(640,21,67,61,385,'','',152,1,2,3,7,38,1),(641,21,69,64,240,'','',152,1,1,3,7,38,1),(642,21,69,64,240,'','',152,1,2,3,7,38,1),(643,21,8,2,50,'','',153,1,1,4,12,42,1),(644,21,8,2,50,'','',153,1,2,4,12,42,1),(645,21,12,5,50,'','',153,1,1,4,12,42,1),(646,21,12,5,50,'','',153,1,2,4,12,42,1),(647,21,13,7,100,'','',153,1,1,4,12,42,1),(648,21,13,7,100,'','',153,1,2,4,12,42,1),(649,21,8,2,55,'','',154,1,1,4,12,42,1),(650,21,8,2,55,'','',154,1,2,4,12,42,1),(651,21,12,5,55,'','',154,1,1,4,12,42,1),(652,21,12,5,55,'','',154,1,2,4,12,42,1),(653,21,35,26,15,'','',154,1,1,4,12,42,1),(654,21,35,26,15,'','',154,1,2,4,12,42,1),(655,21,53,48,15,'','',154,1,1,4,12,42,1),(656,21,53,48,15,'','',154,1,2,4,12,42,1),(658,11,82,153,1,'','EL AREA DE CIENCIAS BASICAS SE ENCUENTRA EN LA ETAPA DE GENERACION DE UN LABORATORIO DE FISICA GENERAL, PARA ATENDER LAS NECESIDADES DE LOS NUEVOS PROGRAMAS DE FISICA, POR LO QUE NO CUENTA CON ESTOS EQUIPOS, NECESARIOS PARA ATENDER LOS FINES DIDACTICOS Y PEDAGOGICOS TANTO DE CATEDRATICOS COMO DE ALUMNOS. ',6,1,1,1,1,1,1),(661,3,8,2,620,'','',155,1,1,3,7,37,1),(662,3,8,2,625,'','',155,1,2,3,7,37,1),(663,3,88,6,300,'','',155,1,1,3,7,37,1),(664,3,88,6,600,'','',155,1,2,3,7,37,1),(665,3,13,147,40,'','',155,1,1,3,7,37,1),(666,3,13,147,40,'','',155,1,2,3,7,37,1),(667,3,43,32,45,'','',155,1,1,3,7,37,1),(668,3,94,46,525,'','',155,1,1,3,7,37,1),(669,3,94,46,525,'','',155,1,2,3,7,37,1),(670,3,56,51,250,'','',155,1,2,3,7,37,1),(671,3,67,106,20,'','',155,1,1,3,7,37,1),(672,3,67,106,20,'','',155,1,2,3,7,37,1),(673,3,69,107,10,'','',155,1,1,3,7,37,1),(674,3,69,107,10,'','',155,1,2,3,7,37,1),(678,3,73,149,18,'','EQUIP. DE SALONES CON TIC´S',155,1,2,3,7,37,1),(679,3,71,128,11,'','PARA EQUIPAMIENTO DE AULAS',155,1,1,3,7,37,1),(680,3,71,128,12,'','PARA EQUIPAMIENTO DE AULAS',155,1,2,3,7,37,1),(681,2,8,2,40,'','',157,1,1,3,7,37,1),(682,2,8,2,40,'','',157,1,2,3,7,37,1),(683,2,11,4,50,'','',157,1,1,3,7,37,1),(684,2,11,4,50,'','',157,1,2,3,7,37,1),(685,8,8,2,300,'','',163,1,1,3,9,26,1),(686,8,8,2,60,'','',163,1,2,3,9,26,1),(687,2,53,48,160,'','',157,1,1,3,7,37,1),(688,2,53,48,160,'','',157,1,2,3,7,37,1),(689,2,8,2,30,'','',158,1,1,3,6,40,1),(690,2,8,2,30,'','',158,1,2,3,6,40,1),(691,2,11,4,20,'','',158,1,1,3,6,40,1),(692,2,11,4,20,'','',158,1,2,3,6,40,1),(693,3,73,110,8,'','Equipamiento de aulas',155,1,1,3,7,37,1),(694,3,73,110,7,'','Equipamiento de aulas',155,1,2,3,7,37,1),(695,2,12,5,20,'','',158,1,1,3,6,40,1),(696,2,12,5,20,'','',158,1,2,3,6,40,1),(697,2,13,7,50,'','',158,1,1,3,6,40,1),(698,2,13,7,50,'','',158,1,2,3,6,40,1),(699,2,29,21,5,'','',158,1,1,3,6,40,1),(700,2,29,21,5,'','',158,1,2,3,6,40,1),(701,2,35,26,5,'','',158,1,1,3,6,40,1),(702,2,35,26,5,'','',158,1,2,3,6,40,1),(703,2,67,61,120,'','',158,1,1,3,6,40,1),(704,2,67,61,120,'','',158,1,2,3,6,40,1),(705,2,69,64,50,'','',158,1,1,3,6,40,1),(706,2,69,64,50,'','',158,1,2,3,6,40,1),(707,3,79,111,8,'','Equipamiento de aulas',155,1,1,3,7,37,1),(708,3,79,111,8,'','Equipamiento de aulas',155,1,2,3,7,37,1),(709,2,8,2,20,'','',161,1,1,2,4,31,1),(710,2,8,2,20,'','',161,1,2,2,4,31,1),(711,2,12,5,20,'','',161,1,1,2,4,31,1),(712,2,12,5,20,'','',161,1,2,2,4,31,1),(713,2,13,7,75,'','',161,1,1,2,4,31,1),(714,2,13,7,225,'','',161,1,2,2,4,31,1),(715,2,29,21,15,'','',161,1,1,2,4,31,1),(716,2,29,21,15,'','',161,1,2,2,4,31,1),(717,2,60,55,60,'','',161,1,2,2,4,31,1),(718,2,60,55,60,'','',161,1,2,2,4,31,1),(719,3,79,140,2,'','Equipamiento de lab. y areas adminsitrativas',155,1,1,3,7,37,1),(720,3,79,140,2,'','Equipamiento de lab. y areas adminsitrativas',155,1,2,3,7,37,1),(721,8,12,104,10,'','',163,1,1,3,9,26,1),(722,8,12,104,10,'','',163,1,2,3,9,26,1),(723,2,64,57,75,'','',161,1,1,2,4,31,1),(724,2,64,57,75,'','',161,1,2,2,4,31,1),(725,2,67,61,40,'','',161,1,1,2,4,31,1),(726,2,67,61,40,'','',161,1,2,2,4,31,1),(727,8,12,105,2,'','',163,1,1,3,9,26,1),(728,8,12,105,2,'','',163,1,2,3,9,26,1),(729,2,69,64,20,'','',161,1,1,2,4,31,1),(730,2,69,64,20,'','',161,1,2,2,4,31,1),(731,2,44,33,25,'','',161,1,1,2,4,31,1),(732,2,44,33,25,'','',161,1,2,2,4,31,1),(733,2,13,7,35,'','',162,1,1,1,1,15,1),(734,2,13,7,35,'','',162,1,2,1,1,15,1),(735,8,15,8,12,'','',163,1,1,3,9,26,1),(736,8,15,8,12,'','',163,1,2,3,9,26,1),(737,3,79,156,1,'','PARA USO DEL LAB. DE COMPUTO DE ELECTRONICA',155,1,2,3,7,37,1),(738,2,85,155,75,'','',162,1,1,1,1,15,1),(739,2,85,155,75,'','',162,1,2,1,1,15,1),(740,3,79,160,2,'','PARA USO DE INTERNET DE LOS ALUMNOS',155,1,2,3,7,37,1),(741,3,72,158,1,'','EL PROGRAMA NECESITA ESTE SERVICIO PARA LOS ALUMNOS Y REPRODUCCION DE MATERIAL',155,1,1,3,7,37,1),(742,8,73,154,1,'','PARA EVENTOS DEPORTIVOS Y CULTURALES.',163,1,1,3,9,26,1),(743,3,71,159,1,'','RESGUARDAR LOS DOCUMENTOS DE LOS PARTICIPANTES',155,1,2,3,7,37,1),(745,3,72,161,8,'','PARA AULAS ',155,1,1,3,7,37,1),(746,3,72,161,9,'','PARA AULAS ',155,1,2,3,7,37,1),(747,8,79,111,1,'','PARA EL PROCESO DE INSCRIPCIONES DEL DEPARTAMENTO.',163,1,2,3,9,26,1),(748,6,8,2,10,'','',170,1,1,2,4,29,1),(749,6,8,2,10,'','',170,1,2,2,4,29,1),(750,6,12,5,30,'','',170,1,1,2,4,29,1),(751,6,12,5,50,'','',170,1,2,2,4,29,1),(752,6,13,7,50,'','',170,1,1,2,4,29,1),(753,6,15,8,24,'','',170,1,2,2,4,29,1),(754,6,16,9,24,'','',170,1,1,2,4,29,1),(755,8,85,155,300,'','',163,1,1,3,9,26,1),(756,6,79,163,1,'','PARA LA IMPRESION DE DOCUMENTOS DE ALUMNOS DE SERVICIO SOCIAL, RESIDENTES Y EGRESADOS',170,1,1,2,4,29,1),(757,6,49,43,20,'','',170,1,2,2,4,29,1),(758,8,85,155,353,'','',164,1,2,3,9,26,1),(759,6,53,48,20,'','',170,1,1,2,4,29,1),(760,6,54,50,10,'','',170,1,1,2,4,29,1),(761,6,69,64,25,'','',170,1,1,2,4,29,1),(762,6,69,64,25,'','',170,1,2,2,4,29,1),(763,6,67,61,25,'','',170,1,1,2,4,29,1),(764,6,67,61,25,'','',170,1,2,2,4,29,1),(765,8,69,108,3,'','',164,1,2,3,9,26,1),(766,6,7,1,500,'','',171,1,1,1,1,28,1),(767,6,7,1,500,'','',171,1,2,1,1,28,1),(768,6,102,116,210,'','',171,1,1,1,1,28,1),(769,6,102,116,210,'','',171,1,2,1,1,28,1),(770,6,8,2,50,'','',171,1,1,1,1,28,1),(771,6,8,2,50,'','',171,1,2,1,1,28,1),(772,6,12,5,25,'','',171,1,1,1,1,28,1),(773,6,12,5,25,'','',171,1,2,1,1,28,1),(774,6,65,58,75,'','',171,1,1,1,1,28,1),(775,6,65,58,75,'','',171,1,2,1,1,28,1),(776,2,86,124,75,'','',162,1,1,1,1,15,1),(777,2,86,124,75,'','',162,1,2,1,1,15,1),(778,6,94,46,250,'','',171,1,1,1,1,28,1),(779,6,94,46,250,'','',171,1,2,1,1,28,1),(780,2,29,21,15,'','',162,1,1,1,1,15,1),(781,2,29,21,15,'','',162,1,2,1,1,15,1),(782,6,8,2,10,'','',172,1,1,2,4,35,1),(783,6,8,2,10,'','',172,1,2,2,4,35,1),(784,6,13,7,20,'','',172,1,1,2,4,35,1),(785,6,13,7,20,'','',172,1,2,2,4,35,1),(786,2,71,162,2,'','PARA USO DE PERSONAL ADMINISTRATIVO ',156,1,1,1,1,1,1),(787,6,94,46,10,'','',172,1,1,2,4,35,1),(788,6,94,46,10,'','',172,1,2,2,4,35,1),(789,6,67,61,10,'','',172,1,1,2,4,35,1),(790,6,67,61,10,'','',172,1,2,2,4,35,1),(791,8,85,155,692,'','',165,1,2,3,9,26,1),(792,6,15,8,10,'','',175,1,1,2,4,31,1),(793,6,20,11,10,'','',175,1,2,2,4,31,1),(794,6,29,21,450,'','',175,1,1,2,4,31,1),(795,6,29,21,400,'','',175,1,2,2,4,31,1),(796,6,32,23,60,'','',175,1,1,2,4,31,1),(797,6,32,23,60,'','',175,1,2,2,4,31,1),(798,8,69,108,38,'','',165,1,2,3,9,26,1),(799,6,23,14,10,'','',175,1,1,2,4,31,1),(800,6,23,14,10,'','',175,1,2,2,4,31,1),(801,6,8,2,10,'','',175,1,1,2,4,31,1),(802,6,8,2,10,'','',175,1,2,2,4,31,1),(803,6,13,7,35,'','',175,1,1,2,4,31,1),(804,6,13,7,30,'','',175,1,2,2,4,31,1),(805,2,77,186,1,'POTENCIA DE 7X100W DECODIFICADOR DOLBY DIGITAL EX, CALIBRADOR AUTOMATICO DE ALTAVOCES SALIDA HDMI',' ES NECESARIO PARA LA DIFUSION DE LOS DIVERSOS EVENTOS ACADEMICOS, CULTURALES Y DE INVESTIGACION, SOBRE TODO EN LAS SEDES DE EDUCACION A DISTANCIA.',156,1,2,1,1,1,1),(806,6,22,13,75,'','',175,1,1,2,4,31,1),(807,6,22,13,75,'','',175,1,2,2,4,31,1),(808,6,12,5,35,'','',175,1,1,2,4,31,1),(809,6,12,5,35,'','',175,1,2,2,4,31,1),(810,6,59,54,12,'','',175,1,1,2,4,31,1),(811,6,59,54,13,'','',175,1,2,2,4,31,1),(812,6,100,35,50,'','',175,1,1,2,4,31,1),(813,6,100,35,50,'','',175,1,2,2,4,31,1),(814,6,44,33,25,'','',175,1,1,2,4,31,1),(815,6,44,33,25,'','',175,1,2,2,4,31,1),(816,6,91,39,15,'','',175,1,1,2,4,31,1),(817,6,91,39,15,'','',175,1,2,2,4,31,1),(818,6,35,26,15,'','',175,1,1,2,4,31,1),(819,6,35,26,15,'','',175,1,2,2,4,31,1),(820,8,85,155,1254,'','',166,1,1,3,9,26,1),(821,8,69,108,13,'','',166,1,1,3,9,26,1),(822,2,79,111,1,'','ATENCION DE ALUMNOS EN INSCRIPCIONES Y REINSCRIPCIONES.',156,1,1,1,1,1,1),(823,2,79,140,1,'','PARA USO DE LA SECRETARIA YA QUE NO CUENTA CON EQUIPO DE IMPRESION',156,1,1,1,1,1,1),(824,8,49,43,70,'','',166,1,1,3,9,26,1),(825,2,73,110,1,'','PARA EQUIPAMIENTO DE LA SALA DE JUNTAS',156,1,1,1,1,1,1),(826,8,85,155,520,'','',167,1,2,3,9,26,1),(827,6,15,8,10,'','',173,1,1,1,1,27,1),(828,6,8,2,7,'','',173,1,1,1,1,27,1),(829,6,8,2,8,'','',173,1,2,1,1,27,1),(830,6,12,5,35,'','',173,1,1,1,1,27,1),(831,6,12,5,35,'','',173,1,2,1,1,27,1),(832,8,85,155,202,'','',167,1,2,3,9,26,1),(833,6,13,7,50,'','',173,1,1,1,1,27,1),(834,6,13,7,60,'','',173,1,2,1,1,27,1),(835,6,22,13,70,'','',173,1,1,1,1,27,1),(836,6,22,13,70,'','',173,1,2,1,1,27,1),(837,6,20,11,22,'','',173,1,1,1,1,27,1),(838,6,20,11,13,'','',173,1,2,1,1,27,1),(839,8,69,108,11,'','',167,1,2,3,9,26,1),(840,6,29,21,40,'','',173,1,1,1,1,27,1),(841,6,29,21,40,'','',173,1,2,1,1,27,1),(842,8,29,21,142,'','',167,1,2,3,9,26,1),(843,6,67,61,120,'','',173,1,1,1,1,27,1),(844,6,67,61,130,'','',173,1,2,1,1,27,1),(845,6,69,64,100,'','',173,1,1,1,1,27,1),(846,6,69,64,100,'','',173,1,2,1,1,27,1),(847,8,32,23,315,'','',167,1,2,3,9,26,1),(848,6,49,43,50,'','',173,1,1,1,1,27,1),(849,6,49,43,50,'','',173,1,2,1,1,27,1),(850,6,35,26,10,'','',173,1,1,1,1,27,1),(851,6,35,26,10,'','',173,1,2,1,1,27,1),(852,6,100,35,30,'','',173,1,1,1,1,27,1),(853,6,100,35,40,'','',173,1,2,1,1,27,1),(854,6,44,33,50,'','',173,1,1,1,1,27,1),(855,6,44,33,50,'','',173,1,2,1,1,27,1),(856,6,65,58,500,'','',173,1,1,1,1,27,1),(857,6,65,58,500,'','',173,1,2,1,1,27,1),(858,6,86,124,625,'','',173,1,1,1,1,27,1),(859,6,86,124,625,'','',173,1,2,1,1,27,1),(860,2,8,2,20,'','',162,1,1,1,1,15,1),(861,2,8,2,20,'','',162,1,2,1,1,15,1),(862,6,79,165,1,'','PARA PROYECCION Y CAPTURA DE DATOS REFERENTES A SERVICIOS SOCIAL, RESIDENTES Y EVENTOS DE VINCULACION',173,1,1,1,1,27,1),(863,6,8,2,25,'','',174,1,1,2,4,33,1),(864,6,8,2,25,'','',174,1,2,2,4,33,1),(865,6,12,5,25,'','',174,1,1,2,4,33,1),(866,6,12,5,25,'','',174,1,2,2,4,33,1),(867,6,13,7,50,'','',174,1,1,2,4,33,1),(868,6,13,7,50,'','',174,1,2,2,4,33,1),(870,8,32,23,500,'','',169,1,1,3,9,26,1),(871,8,85,167,800,'','',168,1,1,3,9,26,1),(872,8,32,23,460,'','',168,1,1,3,9,26,1),(873,8,99,25,240,'','',168,1,1,3,9,26,1),(910,6,8,2,200,'','',182,1,2,2,4,31,1),(911,6,11,4,700,'','',182,1,2,2,4,31,1),(912,6,67,61,700,'','',182,1,2,2,4,31,1),(913,20,8,2,5,'','',128,1,1,1,18,4,1),(914,20,8,2,5,'','',128,1,2,1,18,4,1),(915,6,69,64,300,'','',182,1,2,2,4,31,1),(916,6,64,57,700,'','',182,1,2,2,4,31,1),(919,20,8,2,5,'','',129,1,1,1,18,4,1),(920,20,8,2,5,'','',129,1,2,1,18,4,1),(921,3,52,47,2500,'','',155,1,1,3,7,37,1),(922,3,52,47,2500,'','',155,1,2,3,7,37,1),(923,20,88,6,2,'','',130,1,1,1,18,4,1),(924,20,88,6,2,'','',130,1,2,1,18,4,1),(925,3,71,126,3,'','PARA ADECUAR LOS ESPACIOS DEL EDIFICIO Q PARA EL DIPLOMADO PROFORDEMS',155,1,1,3,7,37,1),(926,3,71,126,3,'','PARA ADECUAR LOS ESPACIOS DEL EDIFICIO Q PARA EL DIPLOMADO PROFORDEMS',155,1,2,3,7,37,1),(931,3,12,105,11,'','',155,1,1,3,7,37,1),(932,3,12,105,11,'','',155,1,2,3,7,37,1),(933,20,8,2,5,'','',130,1,1,1,18,4,1),(934,20,12,5,2,'','',131,1,1,1,18,4,1),(935,20,12,5,2,'','',131,1,2,1,18,4,1),(938,20,67,61,20,'','',132,1,1,1,2,8,1),(939,20,67,61,20,'','',132,1,2,1,2,8,1),(940,20,69,108,2,'','',132,1,1,1,2,8,1),(941,20,69,108,2,'','',132,1,2,1,2,8,1),(942,20,69,107,2,'','',132,1,1,1,2,8,1),(943,20,69,107,2,'','',132,1,2,1,2,8,1),(944,20,8,2,2,'','',133,1,1,1,2,8,1),(945,20,8,2,2,'','',133,1,2,1,2,8,1),(946,20,12,105,1,'','',133,1,1,1,2,8,1),(947,20,12,105,1,'','',133,1,2,1,2,8,1),(948,20,67,61,15,'','',141,1,1,1,18,16,1),(949,20,67,61,15,'','',141,1,2,1,18,16,1),(950,20,69,108,2,'','',141,1,1,1,18,16,1),(951,20,69,108,2,'','',141,1,2,1,18,16,1),(952,20,59,54,2,'','',141,1,1,1,18,16,1),(953,20,59,54,2,'','',141,1,2,1,18,16,1),(954,20,8,2,5,'','',145,1,1,1,2,36,1),(955,20,8,2,5,'','',145,1,2,1,2,36,1),(956,20,8,2,5,'','',139,1,1,1,18,11,1),(957,20,8,2,5,'','',139,1,2,1,18,11,1),(960,20,8,2,5,'','',132,1,1,1,2,8,1),(961,20,8,2,5,'','',132,1,2,1,2,8,1),(962,20,86,124,20,'','',146,1,2,1,2,36,1),(963,20,8,2,5,'','',140,1,1,1,18,16,1),(964,20,8,2,5,'','',140,1,2,1,18,16,1),(965,20,67,61,10,'','',143,1,1,1,2,32,1),(966,20,67,61,20,'','',143,1,2,1,2,32,1),(967,20,67,61,5,'','',137,1,1,1,18,10,1),(968,20,67,61,15,'','',137,1,2,1,18,10,1),(969,20,12,105,1,'','',139,1,1,1,18,11,1),(970,20,12,105,2,'','',139,1,2,1,18,11,1),(971,20,8,2,10,'','',135,1,1,1,3,9,1),(972,20,8,2,10,'','',135,1,2,1,3,9,1),(977,20,16,9,5,'','',128,1,1,1,18,4,1),(978,20,16,9,15,'','',128,1,2,1,18,4,1),(979,20,8,2,10,'','',142,1,1,1,2,32,1),(980,20,8,2,10,'','',142,1,2,1,2,32,1),(983,20,8,2,10,'','',140,1,1,1,18,16,1),(984,20,8,2,10,'','',140,1,2,1,18,16,1),(985,20,12,104,1,'','',135,1,1,1,3,9,1),(986,20,12,104,2,'','',135,1,2,1,3,9,1),(987,20,12,104,1,'','',128,1,1,1,18,4,1),(988,20,12,104,1,'','',128,1,2,1,18,4,1),(989,20,8,2,5,'','',137,1,1,1,18,10,1),(990,20,8,2,5,'','',137,1,2,1,18,10,1),(991,20,16,9,3,'','',129,1,1,1,18,4,1),(992,20,16,9,15,'','',129,1,2,1,18,4,1),(993,8,12,5,20,'','',166,1,1,3,9,26,1),(994,8,8,2,50,'','',166,1,1,3,9,26,1),(995,8,52,47,350,'','',166,1,2,3,9,26,1),(996,8,99,25,150,'','',166,1,1,3,9,26,1),(997,8,20,11,10,'','',166,1,1,3,9,26,1),(999,8,85,155,150,'','',166,1,1,3,9,26,1),(1000,8,29,21,120,'','',166,1,1,3,9,26,1),(1001,8,49,43,50,'','',166,1,1,3,9,26,1),(1002,8,85,155,240,'','',164,1,2,3,9,26,1),(1003,10,79,111,3,'','PARA USO DE BASE DE DATOS Y DE ACCESO A INTERNET',184,1,1,3,8,21,1),(1004,10,79,111,4,'','PARA USO DE BASE DE DATOS Y DE ACCESO A INTERNET',184,1,2,3,8,21,1),(1005,10,79,140,1,'','PARA RESPALDO DE LOS PRESTAMOS EXTERNOS Y DOCUMENTACION GENERAL DEL DEPARTAMENTO',184,1,1,3,8,21,1),(1006,10,79,168,1,'','PARA ELABORACION DE ETIQUETAS Y TARJETAS CATALOGRAFICAS Y DE PRESTAMOS',184,1,1,3,8,21,1),(1008,8,74,170,30,'','CONFORMACION DE UNA RONDAYA',169,1,1,3,9,26,1),(1010,6,7,1,420,'','',190,1,1,1,1,3,1),(1011,6,7,1,420,'','',190,1,2,1,1,3,1),(1015,12,71,172,1,'','REMPLAZO DE INMOBILIARIO DETERIORADO Y DESCOMPUESTO DEL DEPARTAMENTO',99,1,1,1,1,19,1),(1016,6,7,1,700,'','',192,1,2,1,1,3,1),(1017,6,8,2,50,'','',192,1,2,1,1,3,1),(1018,12,71,128,2,'','PARA REMPLAZAR INMOBILIARIO DETERIORADO DEL DEPARTAMENTO',99,1,1,1,1,19,1),(1019,6,16,9,50,'','',192,1,2,1,1,3,1),(1020,6,15,8,200,'','',192,1,2,1,1,3,1),(1021,6,73,110,3,'','EQUIPAMIENTO DE AULAS CON TIC´S',192,1,2,1,1,3,1),(1022,6,8,2,30,'','',190,1,1,1,1,3,1),(1023,6,8,2,30,'','',190,1,2,1,1,3,1),(1024,6,12,5,60,'','',190,1,1,1,1,3,1),(1025,6,12,5,60,'','',190,1,2,1,1,3,1),(1026,6,12,5,5,'','',190,1,1,1,1,3,1),(1027,6,12,5,5,'','',190,1,2,1,1,3,1),(1028,6,16,9,5,'','',190,1,1,1,1,3,1),(1029,6,16,9,5,'','',190,1,2,1,1,3,1),(1030,6,22,13,40,'','',190,1,1,1,1,3,1),(1031,6,22,13,40,'','',190,1,2,1,1,3,1),(1032,6,73,110,3,'','PARA LAS TRES SALAS DE LOS LABORATORIOS DE SISTEMAS',190,1,1,1,1,3,1),(1033,6,79,173,2,'','PARA EQUPAMIENTO DE LAS SALAS DE LABORATORIOS DE SISTEMAS',190,1,1,1,1,3,1),(1034,6,73,174,3,'','PARA USO EN LOS LABORATORIOS DE SISTEMAS',190,1,1,1,1,3,1),(1035,6,79,175,2,'','PARA USO EN LOS LABORATORIOS DE SISTEMAS',190,1,1,1,1,3,1),(1036,6,79,176,1,'','PARA SERVICIO DE IMPRESION A LOS DOCENTES',190,1,1,1,1,3,1),(1037,6,79,173,6,'','PARA USO DE LOS DOCENTES EN LOS LABORATORIOS Y APLICACION DE TICS AL AULA',190,1,2,1,1,3,1),(1038,6,7,1,550,'','',193,1,1,1,1,3,1),(1039,6,7,1,550,'','',193,1,2,1,1,3,1),(1040,6,56,51,145,'','',193,1,1,1,1,3,1),(1041,6,56,51,145,'','',193,1,2,1,1,3,1),(1042,6,16,9,230,'','',193,1,1,1,1,3,1),(1043,6,16,9,230,'','',193,1,2,1,1,3,1),(1044,6,13,7,60,'','',193,1,1,1,1,3,1),(1045,6,13,7,60,'','',193,1,2,1,1,3,1),(1046,6,8,2,90,'','',193,1,1,1,1,3,1),(1047,6,8,2,90,'','',193,1,2,1,1,3,1),(1048,6,23,14,200,'','',193,1,1,1,1,3,1),(1049,6,23,14,200,'','',193,1,2,1,1,3,1),(1050,6,7,1,585,'','',193,1,1,1,1,3,1),(1051,6,7,1,585,'','',193,1,2,1,1,3,1),(1052,6,16,9,400,'','',193,1,1,1,1,3,1),(1053,6,16,9,400,'','',193,1,2,1,1,3,1),(1054,6,13,7,60,'','',193,1,1,1,1,3,1),(1055,6,13,7,60,'','',193,1,2,1,1,3,1),(1056,6,8,2,90,'','',193,1,1,1,1,3,1),(1057,6,8,2,90,'','',193,1,2,1,1,3,1),(1058,6,16,9,100,'','',193,1,1,1,1,3,1),(1059,6,16,9,100,'','',193,1,2,1,1,3,1),(1060,6,23,14,100,'','',193,1,1,1,1,3,1),(1061,6,23,14,100,'','',193,1,2,1,1,3,1),(1062,6,23,14,100,'','',193,1,1,1,1,3,1),(1063,6,23,14,100,'','',193,1,2,1,1,3,1),(1064,6,7,1,210,'','',194,1,1,1,1,3,1),(1065,6,7,1,210,'','',194,1,2,1,1,3,1),(1066,6,79,111,3,'','NECEARIA PARA LA IMPARTICION DE LOS CURSOS DE TITULACION DE ING QUIMICA Y BIOQUIMICA',194,1,1,1,1,3,1),(1067,6,73,110,4,'','NESACARIA PARA LA IMPARTICION DE CURSOS DE TITULACION DE ING. QUIMICA Y BIOQUIMICA',194,1,1,1,1,3,1),(1068,6,8,2,40,'','',194,1,1,1,1,3,1),(1069,6,8,2,40,'','',194,1,2,1,1,3,1),(1070,6,82,177,1,'','NESACARIA PARA LA IMPARTICION DE CURSOS DE TITULACION DE ING. QUIMICA Y BIOQUIMICA ',194,1,1,1,1,3,1),(1071,6,82,178,1,'','NESACARIA PARA LA IMPARTICION DE CURSOS DE TITULACION DE ING. QUIMICA Y BIOQUIMICA ',194,1,1,1,1,3,1),(1072,6,82,181,1,'','NESACARIA PARA LA IMPARTICION DE CURSOS DE TITULACION DE ING. QUIMICA Y BIOQUIMICA ',194,1,1,1,1,3,1),(1073,6,82,179,1,'','NESACARIA PARA LA IMPARTICION DE CURSOS DE TITULACION DE ING. QUIMICA Y BIOQUIMICA ',194,1,1,1,1,3,1),(1074,6,82,122,1,'','NESACARIA PARA LA IMPARTICION DE CURSOS DE TITULACION DE ING. QUIMICA Y BIOQUIMICA ',194,1,1,1,1,3,1),(1075,7,88,6,29,'','',54,1,1,3,7,38,1),(1076,7,88,6,40,'','',54,1,2,3,7,38,1),(1077,7,8,2,50,'','',55,1,1,3,7,38,1),(1078,7,8,2,50,'','',55,1,2,3,7,38,1),(1079,7,12,5,140,'','',55,1,1,3,7,38,1),(1080,7,12,5,140,'','',55,1,2,3,7,38,1),(1081,7,38,37,25,'','',55,1,1,3,7,38,1),(1082,7,38,37,25,'','',55,1,2,3,7,38,1),(1083,7,43,32,40,'','',55,1,1,3,7,38,1),(1084,7,43,32,50,'','',55,1,2,3,7,38,1),(1085,7,67,61,30,'','',55,1,1,3,7,38,1),(1086,7,67,61,40,'','',55,1,2,3,7,38,1),(1087,7,69,64,30,'','',55,1,1,3,7,38,1),(1088,7,69,64,30,'','',55,1,2,3,7,38,1),(1089,7,72,182,1,'','PARA CUBRIR LAS ACTIVIDADES ACADEMICAS, EVENTOS CULTURALES Y DEPORTIVOS DE LA INSTITUCION',55,1,1,3,7,38,1),(1090,7,73,183,2,'','PARA CUBRIR LAS ACTIVIDADES ACADEMICAS, EVENTOS CULTURALES Y DEPORTIVOS DE LA INSTITUCION',55,1,1,3,7,38,1),(1091,10,8,2,10,'','',185,1,1,3,8,21,1),(1092,10,8,2,55,'','',185,1,2,3,8,21,1),(1093,10,15,8,3,'','',185,1,1,3,8,21,1),(1094,10,15,8,2,'','',185,1,2,3,8,21,1),(1095,10,16,9,15,'','',185,1,1,3,8,21,1),(1096,10,16,9,15,'','',185,1,2,3,8,21,1),(1097,10,90,16,1,'','',185,1,1,3,8,21,1),(1098,10,90,16,1,'','',185,1,2,3,8,21,1),(1099,10,35,26,1,'','',185,1,1,3,8,21,1),(1100,10,35,26,2,'','',185,1,2,3,8,21,1),(1101,10,12,5,25,'','',186,1,1,3,8,21,1),(1102,10,12,5,25,'','',186,1,2,3,8,21,1),(1103,10,67,61,30,'','',186,1,1,3,8,21,1),(1104,10,67,61,30,'','',186,1,2,3,8,21,1),(1107,10,69,107,4,'','',186,1,1,3,8,21,1),(1108,10,69,107,5,'','',186,1,2,3,8,21,1),(1109,10,88,6,500,'','',187,1,1,3,8,21,1),(1110,10,88,6,500,'','',187,1,2,3,8,21,1),(1111,10,88,6,1000,'','',188,1,1,3,8,21,1),(1112,10,88,6,1000,'','',188,1,2,3,8,21,1),(1113,10,8,2,10,'','',189,1,1,3,8,21,1),(1114,10,8,2,10,'','',189,1,2,3,8,21,1),(1115,10,11,4,15,'','',189,1,1,3,8,21,1),(1116,10,11,4,15,'','',189,1,2,3,8,21,1),(1117,10,20,11,50,'','',189,1,1,3,8,21,1),(1118,10,20,11,50,'','',189,1,2,3,8,21,1),(1119,6,7,1,420,'','',195,1,1,1,1,3,1),(1120,6,7,1,420,'','',195,1,2,1,1,3,1),(1121,6,54,50,390,'','',195,1,1,1,1,3,1),(1122,6,54,50,390,'','',195,1,2,1,1,3,1),(1123,1,8,2,60,'','',183,1,1,2,4,31,1),(1124,1,8,2,60,'','',183,1,2,2,4,31,1),(1125,3,7,1,26100,'','',196,1,1,2,4,31,1),(1126,3,7,1,26100,'','',196,1,2,2,4,31,1),(1127,1,12,5,50,'','',183,1,1,2,4,31,1),(1128,1,12,5,40,'','',183,1,2,2,4,31,1),(1129,1,13,7,600,'','',183,1,1,2,4,31,1),(1130,1,13,7,600,'','',183,1,2,2,4,31,1),(1131,1,16,9,4,'','',183,1,1,2,4,31,1),(1132,1,16,9,4,'','',183,1,2,2,4,31,1),(1133,1,22,13,40,'','',183,1,1,2,4,31,1),(1134,1,22,13,40,'','',183,1,2,2,4,31,1),(1135,1,26,18,30,'','',183,1,1,2,4,31,1),(1136,1,26,18,30,'','',183,1,2,2,4,31,1),(1137,1,29,21,60,'','',183,1,1,2,4,31,1),(1138,1,29,21,60,'','',183,1,2,2,4,31,1),(1139,1,32,23,10,'','',183,1,1,2,4,31,1),(1140,1,32,23,10,'','',183,1,2,2,4,31,1),(1141,1,35,26,15,'','',183,1,1,2,4,31,1),(1142,1,35,26,15,'','',183,1,2,2,4,31,1),(1143,1,91,39,4,'','',183,1,1,2,4,31,1),(1144,1,91,39,3,'','',183,1,2,2,4,31,1),(1145,1,49,43,75,'','',183,1,1,2,4,31,1),(1146,1,49,43,75,'','',183,1,2,2,4,31,1),(1147,1,94,46,3,'','',183,1,1,2,4,31,1),(1148,1,94,46,2,'','',183,1,2,2,4,31,1),(1149,1,56,51,330,'','',183,1,1,2,4,31,1),(1150,1,56,51,330,'','',183,1,2,2,4,31,1),(1151,1,59,54,20,'','',183,1,1,2,4,31,1),(1152,1,59,54,20,'','',183,1,2,2,4,31,1),(1153,1,64,57,150,'','',183,1,1,2,4,31,1),(1154,1,64,57,160,'','',183,1,2,2,4,31,1),(1155,1,67,61,400,'','',183,1,1,2,4,31,1),(1156,1,67,61,400,'','',183,1,2,2,4,31,1),(1157,1,69,64,350,'','',183,1,1,2,4,31,1),(1158,1,69,64,350,'','',183,1,2,2,4,31,1),(1159,1,71,184,1,'','PARA SALA DE ESPERA PARA LA DIRECCION',183,1,1,2,4,31,1),(1160,4,37,28,850,'','',200,1,1,4,12,42,1),(1161,4,37,28,850,'','',200,1,2,4,12,42,1),(1162,4,72,161,6,'','CAMBIO DE EQUIPOS DE AIRE ACONDICIONADO INTEGRALES POR CLIMAS DE VENTANA, PARA AHORRO DE ENERGIA EN LOS EDIF. A Y AB',198,1,1,4,11,7,1),(1163,4,72,161,7,'','CAMBIO DE EQUIPOS DE AIRE ACONDICIONADO INTEGRALES POR CLIMAS DE VENTANA, PARA AHORRO DE ENERGIA EN LOS EDIF. A Y AB',198,1,2,4,11,7,1),(1164,4,8,2,25,'','',202,1,1,4,12,42,1),(1165,4,8,2,25,'','',202,1,2,4,12,42,1),(1166,4,67,106,7,'','',202,1,1,4,12,42,1),(1167,4,67,106,10,'','',202,1,2,4,12,42,1),(1168,4,69,107,10,'','',202,1,1,4,12,42,1),(1169,4,69,107,5,'','',202,1,2,4,12,42,1),(1170,4,8,2,50,'','',199,1,1,3,7,38,1),(1171,4,8,2,50,'','',199,1,2,3,7,38,1),(1172,4,13,7,100,'','',199,1,1,3,7,38,1),(1173,4,13,7,100,'','',199,1,2,3,7,38,1),(1174,4,67,106,6,'','',199,1,1,3,7,38,1),(1175,4,67,106,6,'','',199,1,2,3,7,38,1),(1176,4,69,107,5,'','',199,1,1,3,7,38,1),(1177,4,69,107,5,'','',199,1,2,3,7,38,1),(1178,4,12,5,50,'','',199,1,1,3,7,38,1),(1179,4,12,5,50,'','',199,1,2,3,7,38,1),(1180,4,29,21,30,'','',202,1,1,4,12,42,1),(1181,4,29,21,25,'','',202,1,2,4,12,42,1),(1182,4,49,43,20,'','',202,1,1,4,12,42,1),(1183,4,49,43,20,'','',202,1,2,4,12,42,1),(1184,4,13,7,32,'','',201,1,1,4,12,42,1),(1185,4,13,7,33,'','',201,1,2,4,12,42,1),(1194,3,72,185,50,'','ENGARGOLADORA DE ARILLO METALICO',204,1,1,4,11,7,1),(1195,3,12,5,25,'','',204,1,1,4,11,7,1),(1196,3,12,5,25,'','',204,1,2,4,11,7,1),(1197,3,8,2,5,'','',204,1,1,4,11,7,1),(1198,3,8,2,0,'','',204,1,2,4,11,7,1),(1199,3,8,2,25,'','',204,1,1,4,11,7,1),(1200,3,8,2,25,'','',204,1,2,4,11,7,1),(1201,3,59,54,15,'','',204,1,1,4,11,7,1),(1202,3,69,64,90,'','',205,1,1,4,11,7,1),(1203,3,69,64,90,'','',205,1,2,4,11,7,1),(1204,3,67,61,75,'','',205,1,1,4,11,7,1),(1205,3,67,61,75,'','',205,1,2,4,11,7,1),(1206,3,38,37,600,'','',203,1,1,4,11,7,1),(1207,3,38,37,600,'','',203,1,2,4,11,7,1),(1208,6,71,128,28,'','PARA AULAS DE INGLES',206,1,1,1,1,28,1),(1209,6,71,128,30,'','PARA AULAS DE INGLES',206,1,2,1,1,28,1),(1210,6,71,126,10,'','PARA AULAS DE INGLES',206,1,1,1,1,28,1),(1211,6,71,126,8,'','PARA AULAS DE INGLES',206,1,2,1,1,28,1),(1212,6,79,111,9,'','PARA AULAS DE INGLES',206,1,1,1,1,28,1),(1213,6,79,111,10,'','PARA AULAS DE INGLES',206,1,2,1,1,28,1),(1214,18,79,111,2,'','EQUIPAMIENTO DE SALA DE TUTORIAS ',207,1,1,1,1,3,1),(1215,18,79,111,2,'','EQUIPAMIENTO DE SALA DE TUTORIAS ',207,1,2,1,1,3,1),(1216,18,71,126,1,'','EQUIPAMIENTO DE SALA DE TUTORIAS',207,1,1,1,1,3,1),(1217,18,71,126,1,'','EQUIPAMIENTO DE SALA DE TUTORIAS',207,1,2,1,1,3,1),(1218,18,71,128,1,'','EQUIPAMIENTO DE SALA DE TUTORIAS',207,1,1,1,1,3,1),(1219,18,71,128,2,'','EQUIPAMIENTO DE SALA DE TUTORIAS',207,1,2,1,1,3,1),(1220,18,79,156,2,'','EQUIPAMIENTO DE SALA DE TUTORIAS',207,1,2,1,1,3,1),(1221,18,73,110,1,'','EQUIPAMIENTO DE SALA DE TUTORIAS',207,1,2,1,1,3,1),(1240,2,85,155,14600,'','',210,1,1,3,9,26,1),(1241,7,59,54,1000,'','',211,1,1,3,9,26,1),(1243,8,32,23,1000,'','',212,1,1,3,9,26,1),(1244,8,29,21,250,'','',212,1,1,3,9,26,1),(1245,8,13,147,300,'','',212,1,2,3,9,26,1),(1246,7,12,5,750,'','',211,1,1,3,9,26,1),(1248,8,26,18,250,'','',212,1,1,3,9,26,1),(1249,17,23,75,10,'','',96,1,1,1,1,27,1),(1250,17,23,75,30,'','',96,1,1,1,1,27,1),(1251,17,77,188,1,'Teléfono alámbrico con teclado grande para fácil y rápida operación. Cuenta con luz indicadora de timbre, remarcado, ajuste de volumen, selección de tipo de marcado (Tonos o Pulsos), transferencia de llamada, silencio y pausa. \r\nEntrada: - 48 Vcc\r\n- Dimensiones: 16 x 22 x 8 cm\r\n- Peso: 520 gr\r\n- Fabricado en plástico color marfil.','SE UTILIZARA PARA LA MEJORA EN LOS PROCESOS DE VINCULACION CON LAS DIFERENTES EMPRESAS CON LAS QUE SE TIENE CONVENIO ACTUALMENTE.',97,1,1,1,1,27,1),(1252,9,12,104,40,'','',112,1,1,1,18,16,1),(1253,9,12,104,40,'','',112,1,2,1,18,16,1),(1255,12,15,8,10,'','',99,1,2,1,1,19,1),(1256,8,99,25,320,'','',167,1,2,3,9,26,1),(1257,17,86,124,46,'','',98,1,1,2,4,30,1),(1258,19,7,1,1980,'','',57,1,1,1,1,3,1),(1259,21,79,189,1,'IMPRESORA MULTIFUNCIONAL HP ','PARA CONCILIACIONES DE NOMINAS, REPORTES DE INCIDENCIAS A LA DGEST ',154,1,1,4,12,42,1),(1260,19,7,1,1250,'','',57,1,1,1,1,3,1),(1261,21,79,191,1,'COMPUTADORA ENSAMBLADA','PARA EL RELOJ CHECADOR DE LA INSTITUCION',154,1,1,4,12,42,1),(1262,19,79,190,2,'2600 ansilumenes, relación de aspecto 4:3, 16:9. resolución XGA 1024X 768, NTSC, NTSC 4.43, SECAM, PAL, PAL-M, PAL-N, PAL 60, HDTV (480i, 480p, 576i, 576p, 720p, 1080i)','PARA EQUIPAMIENTO DE LA SALA DE TITULACION, YA QUE EL PROYECTOR EXISTENTE HA DEJADO DE SER FUNCIONAL POR OBSOLENCENCIA',57,1,1,1,1,3,1),(1263,18,73,192,1,'10,1 megapíxeles efectivos \r\nLente Carl Zeiss Vario-Tessar \r\nZoom óptico de 5x, Smart zoom de 28x (VGA) \r\nPantalla LCD de 2,7\" y Visor Optico \r\nProcesador BIONZ \r\nFace Detection (con reconocimiento de niños\r\ny adultos) y Smile Shutter \r\nDoble solución contra fotos borrosas: \r\nestabilizador de imagen óptico Super SteadyShot y alta sensibilidad ISO 3200 \r\n','PARA LAS CONFERENCIAS Y CURSOS QUE SE REALIZAN DURANTE EL AÑO.',22,1,1,3,8,22,1),(1264,18,73,193,2,'Posiciones: 30° y 60°\r\nRango de frecuencia: 50 Hz a 17 kHz (-10dB)\r\nPotencia: 300 W RMS\r\n               600 W programa musical\r\nImpedancia nominal: 8 ohms\r\nSensibilidad @ 1w,1m: 100 dB\r\nDispersión: 100°H 80°V\r\nFrecuencia de cruce: 2,5 kHz\r\nParlante: 305 mm (12\")\r\nDriver: 1\" de Ti\r\nDimensiones: 59 x 43 x 40 cm\r\nPeso: 24 kg \r\n','PARA SER UTILIZADOS EN CONFERENCIAS Y CURSOS DERIVADOS DE LAS ACTIVIDADES ACADEMICAS',22,1,1,3,8,22,1),(1265,6,7,1,1770,'','',214,1,1,1,1,3,1),(1266,6,8,2,150,'','',214,1,1,1,1,3,1),(1267,6,46,41,156,'','',214,1,1,1,1,3,1),(1268,6,94,46,450,'','',214,1,1,1,1,3,1),(1269,6,12,5,120,'','',214,1,1,1,1,3,1),(1270,7,72,194,1,'MOD.DVD810 DCR-D DE SERIE 1726544-F','SE UTILIZARA PARA EVENTOS ACADEMICOS Y ADMINISTRATIVOS REALIZADOS EN EL INSTITUTO',55,1,1,3,7,38,1),(1271,7,72,194,1,'MOD.DVD810 DCR-D DE SERIE 1726544-F','SE UTILIZARA PARA EVENTOS ACADEMICOS Y ADMINISTRATIVOS REALIZADOS EN EL INSTITUTO',55,1,1,3,7,38,1),(1272,7,54,195,1,'','',53,1,1,3,7,38,1),(1273,18,73,110,4,'','EQUIPAR AULAS E IMPARTIR CURSOS A DOCENTES (R)',22,1,2,3,8,22,1),(1274,20,67,61,60,'','',215,1,1,1,2,36,1),(1275,20,67,61,60,'','',215,1,2,1,2,36,1),(1277,20,63,62,300,'','',215,1,2,1,2,36,1),(1278,20,70,65,150,'','',215,1,1,1,2,36,1),(1279,20,70,65,150,'','',215,1,2,1,2,36,1),(1280,20,8,2,43,'','',215,1,1,1,2,36,1),(1281,20,8,2,43,'','',215,1,2,1,2,36,1),(1282,20,59,54,500,'','',145,1,1,1,2,36,1),(1283,20,59,54,500,'','',145,1,2,1,2,36,1),(1286,17,59,54,500,'','',217,1,2,2,4,30,1),(1287,17,86,124,900,'','',217,1,2,2,4,30,1),(1288,17,69,64,600,'','',217,1,2,2,4,30,1),(1289,18,102,116,400,'','',218,1,2,1,3,25,1),(1290,8,85,155,500,'','',212,1,1,3,9,26,1),(1291,8,12,5,400,'','',212,1,1,3,9,26,1),(1292,8,27,19,32,'','',212,1,1,3,9,26,1),(1293,8,98,24,65,'','',212,1,1,3,9,26,1),(1294,8,94,46,190,'','',212,1,1,3,9,26,1),(1295,8,59,54,40,'','',212,1,1,3,9,26,1),(1296,20,67,61,149,'','',141,1,2,1,18,16,1),(1297,20,90,16,150,'','',146,1,1,1,2,36,1),(1298,20,90,16,150,'','',146,1,2,1,2,36,1),(1299,20,28,20,100,'','',146,1,1,1,2,36,1),(1300,20,28,20,100,'','',146,1,2,1,2,36,1),(1301,20,23,14,200,'','',145,1,2,1,2,36,1),(1302,20,90,16,95,'','',130,1,1,1,18,4,1),(1303,20,90,16,95,'','',130,1,2,1,18,4,1),(1304,20,28,20,5,'','',145,1,2,1,2,36,1),(1305,20,90,16,820,'','',219,2,1,1,2,32,1),(1306,20,28,20,420,'','',219,2,1,1,2,32,1),(1307,20,56,51,592,'','',219,2,1,1,2,32,1),(1308,20,53,48,298,'','',219,2,1,1,2,32,1),(1309,20,55,49,1330,'','',219,2,1,1,2,32,1),(1310,20,8,2,80,'','',209,1,2,1,18,16,1),(1311,20,12,5,60,'','',209,1,2,1,18,16,1),(1312,20,23,14,200,'','',209,1,2,1,18,16,1),(1313,12,72,201,1,'1 dvr kdp604z-f de 4 entradas de video con conector tipo bnc. 1 disco duro de 500 gb.4 camaras de cctv cpcam-khd134a de 380 tvl vision nocturna de 30 mts.','PARA RESGUARDO DE LOS EQUIPOS EN EL LABORATORIO DE COMPUTO',99,1,2,1,1,19,1),(1314,5,73,202,1,'* 7,2 megapíxeles efectivos \r\n* Lente Carl Zeiss Vario-Tessar \r\n* Zoom óptico de 15x, Smart zoom de 81x (VGA) \r\n* Pantalla LCD de 2,5\" y Visor Óptico \r\n* Procesador BIONZ \r\n* Face Detection (con reconocimiento de niños y adultos) y Smile Shutter \r\n* Alta sensibilidad ISO 3200 \r\n* Salida de Alta definición (Full HD) \r\n* Compatible con PhotoTV HD \r\n* Grabación de video. ','PARA DAR SEGUIMIENTO FOTOGRAFICAMENTE AL AVANCE DE LAS OBRAS Y MANTENIMIENTOS A EDIFICIOS',149,1,2,3,6,40,1),(1315,13,21,12,200,'','',26,1,2,1,1,19,1),(1316,13,15,8,200,'','',26,1,2,1,1,19,1),(1317,13,23,75,100,'','',26,1,2,1,1,19,1),(1318,23,56,51,800,'','',121,1,2,1,1,1,1),(1319,2,86,124,150,'','',162,1,2,1,1,15,1),(1320,24,79,203,1,'SSG-M SYSTEM, 1 GB DRAM, 1 AC POWER SUPPLY, ESTE EQUIPO SOPRTA HASTA 3500 USUARIOS Y ESTA PREPARADO PARA CRECIMIENTOS FUTUROS SIN INVESRIONES FUERTES ADICIONALES','PARA CONTROLAR LA SEGURIDAD DE LA RED, FILTRAR CONTENIDOS, ANTIVIRUS PERIMETRAL',2,1,2,3,8,22,1),(1321,24,79,204,2,'SECURE SERVICES GATE WAY WITH RS-232 AUX BACKUP, 256 MB MEMORY','PARA CONTROLAR LA SEGURIDAD DE LA RED, FILTRAR CONTENIDOS, ANTIVIRUS PERIMETRAL',2,1,2,3,8,22,1),(1322,24,54,50,300,'','',2,1,2,3,8,22,1),(1323,20,8,2,180,'','',219,2,1,1,2,32,1),(1324,20,12,5,200,'','',219,2,1,1,2,32,1),(1325,20,88,6,100,'','',219,2,1,1,2,32,1),(1326,20,54,50,120,'','',219,2,1,1,2,32,1),(1327,23,56,51,5000,'','',208,2,1,1,1,1,1),(1328,23,9,3,304,'','',208,2,1,1,1,1,1),(1329,23,56,199,24585,'','',208,2,1,1,1,1,1),(1330,23,9,205,15,'','',208,2,1,1,1,1,1),(1331,20,8,2,80,'','',219,2,2,1,2,32,1),(1332,20,12,5,60,'','',219,2,2,1,2,32,1),(1333,20,23,75,200,'','',219,2,2,1,2,32,1),(1334,20,56,51,450,'','',219,2,2,1,2,32,1),(1335,20,23,196,22730,'','',219,2,1,1,2,32,1),(1336,20,90,197,7429,'','',219,2,1,1,2,32,1),(1337,20,28,198,4063,'','',219,2,1,1,2,32,1),(1338,20,90,197,32178,'','',219,2,1,1,2,32,1),(1339,20,55,200,88850,'','',219,2,1,1,2,32,1),(1340,20,53,206,92534,'','',219,2,1,1,2,32,1),(1341,20,90,16,500,'','',219,2,1,1,2,32,1),(1342,20,28,198,50000,'','',219,2,1,1,2,32,1);
/*!40000 ALTER TABLE `poa_dpto` ENABLE KEYS */;
UNLOCK TABLES;

--
-- Table structure for table `poa_dpto_apoa`
--

DROP TABLE IF EXISTS `poa_dpto_apoa`;
SET @saved_cs_client     = @@character_set_client;
SET character_set_client = utf8;
CREATE TABLE `poa_dpto_apoa` (
  `idpoa_dpto_apoa` int(11) NOT NULL auto_increment,
  `id` int(11) NOT NULL,
  `dpto_id` int(11) NOT NULL,
  `partida_id` int(11) NOT NULL,
  `insumo_id` int(11) NOT NULL,
  `cantidad` int(11) NOT NULL,
  `justificacion` text NOT NULL,
  `idaccion` int(11) NOT NULL,
  `tipogasto` int(1) NOT NULL,
  `periodo` int(1) NOT NULL,
  `idproceso` int(11) NOT NULL,
  `idactividad` int(11) NOT NULL,
  `idacciones` int(11) NOT NULL,
  `idpoa` int(11) NOT NULL,
  PRIMARY KEY  (`idpoa_dpto_apoa`)
) ENGINE=InnoDB AUTO_INCREMENT=1114 DEFAULT CHARSET=latin1;
SET character_set_client = @saved_cs_client;

--
-- Dumping data for table `poa_dpto_apoa`
--

LOCK TABLES `poa_dpto_apoa` WRITE;
/*!40000 ALTER TABLE `poa_dpto_apoa` DISABLE KEYS */;
INSERT INTO `poa_dpto_apoa` VALUES (1,0,24,49,43,1800,'',3,1,2,3,8,23,1),(2,0,24,49,43,70,'',4,1,2,3,8,24,1),(3,0,24,9,3,5,'',1,1,1,3,8,22,1),(4,0,24,9,3,5,'',1,1,2,3,8,22,1),(5,0,24,67,61,11,'',2,1,2,3,8,22,1),(6,0,24,65,58,120,'',2,1,1,3,8,22,1),(7,0,24,79,66,1,'Este es un appliance que permite administrar de manera centralizada los puntos de acceso de la red inalambrica',2,1,1,3,8,22,1),(8,0,24,69,64,39,'',2,1,1,3,8,22,1),(9,0,13,96,71,1,'PARA ATENDER LAS RECOMENDACIONES DE LOS CIEES PARA LA ACREDITACION DE LA CARRERA',24,1,2,1,1,1,1),(10,0,13,76,74,1,'PARA ATENDER LAS RECOMENDACIONES DE LOS CIEES PARA LA ACREDITACION DE LA CARRERA',24,1,1,1,1,1,1),(11,0,13,96,68,1,'PARA ATENDER LAS RECOMENDACIONES DE LOS CIEES PARA LA ACREDITACION DE LA CARRERA',24,1,1,1,1,1,1),(12,0,13,96,73,1,'PARA ATENDER LAS RECOMENDACIONES DE LOS CIEES PARA LA ACREDITACION DE LA CARRERA',24,1,2,1,1,1,1),(13,0,13,82,69,1,'PARA ATENDER LAS RECOMENDACIONES DE LOS CIEES PARA LA ACREDITACION DE LA CARRERA',24,1,1,1,1,1,1),(14,0,13,82,70,1,'PARA ATENDER LAS RECOMENDACIONES DE LOS CIEES PARA LA ACREDITACION DE LA CARRERA',24,1,1,1,1,1,1),(15,0,13,96,72,1,'PARA ATENDER LAS RECOMENDACIONES DE LOS CIEES PARA LA ACREDITACION DE LA CARRERA',24,1,2,1,1,1,1),(16,0,13,23,75,5,'',25,1,2,1,1,15,1),(17,0,13,23,76,1,'',25,1,1,1,1,15,1),(18,0,13,90,77,20,'',26,1,1,1,1,19,1),(19,0,13,20,78,20,'',26,1,1,1,1,19,1),(20,0,13,20,93,4,'',26,1,1,1,1,19,1),(21,0,13,15,101,10,'',26,1,1,1,1,19,1),(22,0,13,15,79,10,'',26,1,1,1,1,19,1),(23,0,13,15,89,10,'',26,1,1,1,1,19,1),(24,0,13,15,91,2,'',26,1,1,1,1,19,1),(25,0,13,15,90,2,'',26,1,1,1,1,19,1),(26,0,13,15,92,2,'',26,1,1,1,1,19,1),(27,0,13,15,94,2,'',26,1,1,1,1,19,1),(28,0,13,15,96,3,'',26,1,1,1,1,19,1),(29,0,13,15,97,3,'',26,1,1,1,1,19,1),(30,0,13,15,95,3,'',26,1,1,1,1,19,1),(31,0,13,15,83,1,'',26,1,1,1,1,19,1),(32,0,13,15,87,1,'',26,1,1,1,1,19,1),(33,0,13,15,82,2,'',26,1,1,1,1,19,1),(34,0,13,15,100,10,'',26,1,1,1,1,19,1),(35,0,13,15,81,1,'',26,1,1,1,1,19,1),(36,0,13,15,80,4,'',26,1,1,1,1,19,1),(37,0,13,15,98,5,'',26,1,1,1,1,19,1),(38,0,13,15,102,5,'',26,1,1,1,1,19,1),(39,0,13,15,103,1,'',26,1,1,1,1,19,1),(40,0,13,9,88,4,'',26,1,1,1,1,19,1),(41,0,13,9,85,10,'',26,1,1,1,1,19,1),(42,0,13,9,84,10,'',26,1,1,1,1,19,1),(43,0,13,9,86,10,'',26,1,1,1,1,19,1),(44,0,13,21,99,50,'',26,1,1,1,1,19,1),(45,0,13,12,104,10,'',27,1,1,1,1,27,1),(46,0,13,12,105,6,'',27,1,2,1,1,27,1),(47,0,13,67,61,30,'',28,1,1,1,3,2,1),(48,0,13,67,61,30,'',28,1,2,1,3,2,1),(49,0,13,67,106,2,'',28,1,1,1,3,2,1),(50,0,13,8,2,50,'',31,1,1,1,2,36,1),(51,0,13,49,43,25,'',29,1,1,2,4,30,1),(52,0,13,49,43,25,'',29,1,2,2,4,30,1),(53,0,13,69,64,100,'',30,1,1,2,4,30,1),(54,0,13,69,64,100,'',30,1,2,2,4,30,1),(55,0,18,8,2,13,'',32,1,2,1,1,15,1),(56,0,18,8,2,13,'',32,1,1,1,1,15,1),(57,0,18,12,5,14,'',32,1,1,1,1,15,1),(58,0,18,12,5,14,'',32,1,2,1,1,15,1),(59,0,18,29,21,30,'',32,1,2,1,1,15,1),(60,0,18,29,21,30,'',32,1,2,1,1,15,1),(61,0,18,20,11,25,'',32,1,1,1,1,15,1),(62,0,18,20,11,25,'',32,1,2,1,1,15,1),(63,0,18,59,54,66,'',32,1,1,1,1,15,1),(64,0,18,59,54,67,'',32,1,2,1,1,15,1),(65,0,18,69,107,1,'',32,1,1,1,1,15,1),(66,0,18,69,107,2,'',32,1,2,1,1,15,1),(67,0,18,23,75,10,'',22,1,1,3,8,22,1),(68,0,18,23,75,12,'',22,1,1,3,8,22,1),(69,0,16,76,115,4,'EQUIPAMIENTO DE LAB. DE ELECTRICA LAB. DE INST. DE CONTROL ',33,1,1,1,1,1,1),(70,0,16,79,114,1,'EQUIPAMIENTO DE LAB. DE SIMULACION DE ECA',33,1,1,1,1,1,1),(71,0,16,78,112,1,'EQUIP. DE LAB. ELECTRICA',33,1,1,1,1,1,1),(72,0,16,78,113,1,'EQUIPAM. LAB. DE ELECTRICA',33,1,1,1,1,1,1),(73,0,16,8,2,39,'',36,1,1,1,1,19,1),(74,0,16,8,2,39,'',36,1,2,1,1,19,1),(75,0,16,12,5,65,'',36,1,1,1,1,19,1),(76,0,16,12,5,65,'',36,1,2,1,1,19,1),(77,0,16,23,14,160,'',36,1,1,1,1,19,1),(78,0,16,23,14,160,'',36,1,2,1,1,19,1),(79,0,16,9,3,3,'',36,1,1,1,1,19,1),(80,0,16,15,98,10,'',36,1,1,1,1,19,1),(81,0,16,15,98,10,'',36,1,2,1,1,19,1),(82,0,16,20,11,5,'',36,1,1,1,1,19,1),(83,0,16,32,23,10,'',36,1,2,1,1,19,1),(84,0,16,29,21,12,'',37,1,1,1,1,27,1),(85,0,16,29,21,13,'',37,1,2,1,1,27,1),(86,0,16,49,43,7,'',39,1,1,2,4,30,1),(87,0,16,49,43,7,'',39,1,2,2,4,30,1),(88,0,16,67,106,7,'',35,1,1,1,3,12,1),(89,0,16,67,106,6,'',35,1,2,1,3,12,1),(90,0,16,69,107,11,'',35,1,1,1,3,12,1),(91,0,16,69,107,12,'',35,1,2,1,3,12,1),(92,0,16,13,7,17,'',34,1,1,1,1,15,1),(93,0,16,13,7,18,'',34,1,2,1,1,15,1),(94,0,3,49,43,600,'',42,1,1,1,1,15,1),(95,0,3,49,43,600,'',42,1,2,1,1,15,1),(96,0,3,102,116,150,'',40,1,2,1,1,1,1),(97,0,3,49,43,500,'',45,1,1,3,7,37,1),(98,0,3,67,106,10,'',45,1,1,3,7,37,1),(99,0,3,67,106,10,'',45,1,2,3,7,37,1),(100,0,3,69,107,5,'',45,1,1,3,7,37,1),(101,0,3,69,107,5,'',45,1,2,3,7,37,1),(102,0,3,8,2,50,'',43,1,1,1,3,12,1),(103,0,3,8,2,50,'',43,1,2,1,3,12,1),(104,0,3,12,5,50,'',43,1,1,1,3,12,1),(105,0,3,12,5,50,'',43,1,2,1,3,12,1),(106,0,3,13,7,50,'',45,1,1,3,7,37,1),(107,0,3,13,7,50,'',45,1,2,3,7,37,1),(108,0,3,29,21,30,'',42,1,1,1,1,15,1),(109,0,3,29,21,20,'',42,1,2,1,1,15,1),(110,0,3,67,106,3,'',45,1,1,3,7,37,1),(111,0,3,67,106,3,'',45,1,2,3,7,37,1),(112,0,3,69,107,5,'',45,1,1,3,7,37,1),(113,0,3,69,107,4,'',45,1,2,3,7,37,1),(114,0,3,73,110,1,'PARA APOYO A LAS AREAS ACADEMICAS Y ADMINISTRATIVAS',45,1,2,3,7,37,1),(115,0,3,49,43,50,'',42,1,2,1,1,15,1),(116,0,3,65,58,40,'',43,1,1,1,3,12,1),(117,0,3,65,58,40,'',43,1,2,1,3,12,1),(118,0,3,67,106,5,'',40,1,1,1,1,1,1),(119,0,3,67,106,5,'',40,1,2,1,1,1,1),(120,0,14,76,120,1,'PARA LA ATENCION DE PRACTICAS DE LABORATORIO',48,1,2,1,1,1,1),(121,0,14,82,121,2,'PARA LA ATENCION DE PRACTICAS DE LABORATORIO',48,1,2,1,1,1,1),(122,0,14,82,122,1,'PARA LA ATENCION DE PRACTICAS DE LABORATORIO',48,1,2,1,1,1,1),(123,0,14,23,76,5,'',49,1,1,1,1,15,1),(124,0,14,12,104,10,'',49,1,1,1,1,15,1),(125,0,14,12,5,35,'',49,1,1,1,1,15,1),(126,0,14,8,2,100,'',49,1,1,1,1,15,1),(127,0,11,82,117,1,'EL AREA DE CIENCIAS BASICAS SE ENCUENTRA EN LA ETAPA DE GENERACION DE UN LABORATORIO DE FISICA GENERAL, PARA ATENDER LAS NECESIDADES DE LOS NUEVOS PROGRAMAS DE FISICA, POR LO QUE NO CUENTA CON ESTOS EQUIPOS, NECESARIOS PARA ATENDER LOS FINES DIDACTICOS Y PEDAGOGICOS TANTO DE CATEDRATICOS COMO DE ALUMNOS.',5,1,2,1,1,1,1),(128,0,14,54,50,80,'',49,1,1,1,1,15,1),(129,0,11,82,118,1,'EL AREA DE CIENCIAS BASICAS SE ENCUENTRA EN LA ETAPA DE GENERACION DE UN LABORATORIO DE FISICA GENERAL, PARA ATENDER LAS NECESIDADES DE LOS NUEVOS PROGRAMAS DE FISICA, POR LO QUE NO CUENTA CON ESTOS EQUIPOS, NECESARIOS PARA ATENDER LOS FINES DIDACTICOS Y PEDAGOGICOS TANTO DE CATEDRATICOS COMO DE ALUMNOS.',5,1,1,1,1,1,1),(130,0,11,82,119,1,'EL AREA DE CIENCIAS BASICAS SE ENCUENTRA EN LA ETAPA DE GENERACION DE UN LABORATORIO DE FISICA GENERAL, PARA ATENDER LAS NECESIDADES DE LOS NUEVOS PROGRAMAS DE FISICA, POR LO QUE NO CUENTA CON ESTOS EQUIPOS, NECESARIOS PARA ATENDER LOS FINES DIDACTICOS Y PEDAGOGICOS TANTO DE CATEDRATICOS COMO DE ALUMNOS.',6,1,1,1,1,1,1),(131,0,14,67,61,75,'',52,1,1,2,4,30,1),(132,0,14,67,61,75,'',52,1,2,2,4,30,1),(133,0,14,69,107,10,'',52,1,1,2,4,30,1),(134,0,14,69,107,10,'',52,1,2,2,4,30,1),(135,0,14,49,43,25,'',52,1,1,2,4,30,1),(136,0,14,49,43,25,'',52,1,2,2,4,30,1),(137,0,11,8,2,40,'',7,1,1,1,3,12,1),(138,0,11,8,2,40,'',7,1,2,1,3,12,1),(139,0,11,12,105,1,'',7,1,1,1,3,12,1),(140,0,11,12,105,1,'',7,1,2,1,3,12,1),(141,0,11,8,2,1,'',8,1,1,1,3,12,1),(142,0,11,8,2,1,'',8,1,2,1,3,12,1),(143,0,14,31,22,60,'',50,1,1,1,1,19,1),(144,0,14,31,22,60,'',50,1,2,1,1,19,1),(145,0,14,20,11,25,'',50,1,1,1,1,19,1),(146,0,14,20,11,25,'',50,1,2,1,1,19,1),(147,0,11,13,7,5,'',9,1,1,1,3,12,1),(148,0,11,13,7,5,'',9,1,2,1,3,12,1),(149,0,14,15,8,90,'',50,1,1,1,1,19,1),(150,0,14,15,8,90,'',50,1,2,1,1,19,1),(151,0,14,90,16,200,'',50,1,1,1,1,19,1),(152,0,14,90,16,180,'',50,1,2,1,1,19,1),(153,0,11,8,2,10,'',10,1,1,1,1,19,1),(154,0,11,8,2,10,'',10,1,2,1,1,19,1),(155,0,11,9,3,20,'',11,1,1,1,1,19,1),(156,0,11,9,3,20,'',11,1,2,1,1,19,1),(157,0,11,12,105,1,'',11,1,1,1,1,19,1),(158,0,11,12,105,1,'',11,1,2,1,1,19,1),(159,0,11,9,3,1,'',10,1,1,1,1,19,1),(160,0,11,9,3,1,'',10,1,2,1,1,19,1),(161,0,11,16,9,40,'',12,1,1,1,1,19,1),(162,0,11,16,9,10,'',12,1,2,1,1,19,1),(163,0,14,27,19,15,'',50,1,1,1,1,19,1),(164,0,14,27,19,15,'',50,1,2,1,1,19,1),(165,0,14,28,20,200,'',50,1,1,1,1,19,1),(166,0,14,28,20,150,'',50,1,2,1,1,19,1),(167,0,11,90,16,30,'',12,1,1,1,1,19,1),(168,0,11,90,16,40,'',12,1,2,1,1,19,1),(169,0,14,98,24,50,'',50,1,1,1,1,19,1),(170,0,11,12,5,10,'',13,1,1,1,1,19,1),(171,0,11,12,5,10,'',13,1,2,1,1,19,1),(172,0,11,13,7,10,'',13,1,1,1,1,19,1),(173,0,11,13,7,10,'',13,1,2,1,1,19,1),(174,0,11,57,52,25,'',13,1,1,1,1,19,1),(175,0,11,57,52,25,'',13,1,2,1,1,19,1),(176,0,11,8,2,60,'',16,1,1,1,1,27,1),(177,0,11,8,2,20,'',16,1,2,1,1,27,1),(178,0,14,9,3,20,'',50,1,1,1,1,19,1),(179,0,11,12,105,1,'',16,1,1,1,1,27,1),(180,0,11,12,105,1,'',16,1,2,1,1,27,1),(181,0,14,17,10,50,'',50,1,1,1,1,19,1),(182,0,11,12,5,6,'',16,1,1,1,1,27,1),(183,0,11,12,5,6,'',16,1,2,1,1,27,1),(184,0,11,12,5,5,'',16,1,1,1,1,27,1),(185,0,11,12,5,5,'',16,1,2,1,1,27,1),(186,0,14,13,7,10,'',50,1,1,1,1,19,1),(187,0,14,13,7,10,'',50,1,2,1,1,19,1),(188,0,11,13,7,20,'',16,1,1,1,1,27,1),(189,0,11,13,7,10,'',16,1,2,1,1,27,1),(190,0,11,23,75,10,'',16,1,1,1,1,27,1),(191,0,11,23,75,10,'',16,1,2,1,1,27,1),(192,0,11,32,23,20,'',16,1,1,1,1,27,1),(193,0,11,32,23,100,'',16,1,2,1,1,27,1),(194,0,14,55,49,100,'',50,1,1,1,1,19,1),(195,0,14,55,49,150,'',50,1,2,1,1,19,1),(196,0,11,86,123,1,'',18,1,2,1,1,27,1),(197,0,11,86,124,95,'',18,1,2,1,1,27,1),(198,0,11,13,7,10,'',46,1,1,1,1,15,1),(199,0,11,13,7,10,'',46,1,2,1,1,15,1),(200,0,11,23,75,10,'',46,1,1,1,1,15,1),(201,0,11,23,75,10,'',46,1,2,1,1,15,1),(202,0,11,23,76,1,'',46,1,1,1,1,15,1),(203,0,11,23,14,5,'',46,1,1,1,1,15,1),(204,0,11,23,14,5,'',46,1,2,1,1,15,1),(205,0,11,67,106,1,'',46,1,1,1,1,15,1),(206,0,11,67,106,1,'',46,1,2,1,1,15,1),(207,0,11,67,61,40,'',46,1,1,1,1,15,1),(208,0,11,67,61,40,'',46,1,2,1,1,15,1),(209,0,11,69,107,2,'',46,1,1,1,1,15,1),(210,0,11,69,107,2,'',46,1,2,1,1,15,1),(211,0,11,8,2,9,'',8,1,1,1,3,12,1),(212,0,11,8,2,9,'',8,1,2,1,3,12,1),(213,0,11,8,2,20,'',15,1,1,3,8,22,1),(214,0,11,8,2,20,'',15,1,2,3,8,22,1),(215,0,11,16,9,16,'',15,1,1,3,8,22,1),(216,0,11,16,9,16,'',15,1,2,3,8,22,1),(217,0,7,60,55,700,'',53,1,2,3,7,38,1),(218,0,7,59,54,50,'',54,1,1,3,7,38,1),(219,0,7,59,54,50,'',54,1,2,3,7,38,1),(220,0,7,61,56,100,'',54,1,1,3,7,38,1),(221,0,7,61,56,100,'',54,1,2,3,7,38,1),(222,0,7,60,55,125,'',54,1,1,3,7,38,1),(223,0,7,60,55,125,'',54,1,2,3,7,38,1),(224,0,7,22,13,60,'',54,1,1,3,7,38,1),(225,0,7,22,13,60,'',54,1,2,3,7,38,1),(226,0,7,59,54,110,'',55,1,1,3,7,38,1),(227,0,7,59,54,110,'',55,1,2,3,7,38,1),(228,0,7,64,57,450,'',56,1,1,3,7,38,1),(229,0,7,64,57,450,'',56,1,2,3,7,38,1),(230,0,7,59,54,50,'',56,1,1,3,7,38,1),(231,0,7,59,54,50,'',56,1,2,3,7,38,1),(232,0,7,64,57,200,'',56,1,1,3,7,38,1),(233,0,7,64,57,200,'',56,1,2,3,7,38,1),(234,0,19,7,1,7000,'',57,1,2,1,1,3,1),(235,0,19,7,1,875,'',57,1,1,1,1,3,1),(236,0,19,7,1,875,'',57,1,2,1,1,3,1),(237,0,19,8,2,15,'',58,1,1,1,1,15,1),(238,0,19,8,2,15,'',58,1,2,1,1,15,1),(239,0,19,12,5,210,'',59,1,1,1,1,15,1),(240,0,19,12,5,210,'',59,1,2,1,1,15,1),(241,0,19,71,126,1,'PARA LA COORDINACION DE GESTION EMPRESARIAL',59,1,1,1,1,15,1),(242,0,19,71,128,1,'PARA LA COORDINACION DE GESTION EMPRESARIAL',59,1,1,1,1,15,1),(243,0,19,79,127,1,'PARA LA JEFATURA DE LA DIV. DE EST. PROFESIONALES DEBIDO A QUE NO EXISTE',59,1,1,1,1,15,1),(244,0,19,8,2,25,'',60,1,1,1,1,15,1),(245,0,19,8,2,24,'',60,1,2,1,1,15,1),(246,0,15,8,2,35,'',61,1,1,1,1,1,1),(247,0,15,8,2,35,'',61,1,2,1,1,1,1),(248,0,15,67,61,125,'',63,1,1,1,3,2,1),(249,0,15,67,61,125,'',63,1,2,1,3,2,1),(250,0,15,23,75,13,'',64,1,1,1,1,15,1),(251,0,15,23,75,12,'',64,1,2,1,1,15,1),(252,0,15,15,89,550,'',65,1,1,1,1,19,1),(253,0,15,15,89,500,'',65,1,2,1,1,19,1),(254,0,15,12,5,60,'',66,1,1,1,1,27,1),(255,0,15,12,5,40,'',66,1,2,1,1,27,1),(256,0,15,49,43,30,'',67,1,1,2,4,30,1),(257,0,15,49,43,20,'',67,1,2,2,4,30,1),(258,0,15,69,107,6,'',68,1,1,2,4,30,1),(259,0,15,69,107,4,'',68,1,2,2,4,30,1),(260,0,15,82,130,2,'ATENCION A LA RECOMENDACION DE CIESS',62,1,1,1,1,1,1),(261,0,15,82,135,2,'ATENCION A LA RECOMENDACION DE CIESS',62,1,1,1,1,1,1),(262,0,15,78,131,1,'ATENCION A LA RECOMENDACION DE CIESS',62,1,1,1,1,1,1),(263,0,15,82,132,5,'ATENCION RECOMENDACION DE CIESS',62,1,1,1,1,1,1),(264,0,15,82,133,5,'ATENCION RECOMENDACION DE CIESS',62,1,1,1,1,1,1),(265,0,15,82,134,5,'ATENCION A RECOMEDACION DE CIESS',62,1,1,1,1,1,1),(266,0,12,8,2,7,'',82,1,1,1,1,1,1),(267,0,12,12,5,13,'',82,1,1,1,1,1,1),(268,0,12,65,58,20,'',82,1,1,1,1,1,1),(269,0,12,12,5,13,'',83,1,1,1,1,3,1),(270,0,12,12,5,13,'',83,1,2,1,1,3,1),(271,0,12,8,2,7,'',83,1,1,1,1,3,1),(272,0,12,8,2,7,'',83,1,2,1,1,3,1),(273,0,12,12,5,26,'',84,1,1,1,1,15,1),(274,0,12,12,5,13,'',84,1,2,1,1,15,1),(275,0,17,8,2,40,'',98,1,1,2,4,30,1),(276,0,17,8,2,40,'',98,1,2,2,4,30,1),(277,0,12,32,23,2,'',84,1,1,1,1,15,1),(278,0,12,13,7,10,'',84,1,1,1,1,15,1),(279,0,12,12,5,6,'',84,1,1,1,1,15,1),(280,0,12,8,2,23,'',84,1,1,1,1,15,1),(281,0,12,8,2,20,'',84,1,2,1,1,15,1),(282,0,17,69,64,20,'',98,1,1,2,4,30,1),(283,0,17,67,61,50,'',94,1,1,1,3,12,1),(284,0,12,12,5,13,'',85,1,1,1,1,15,1),(285,0,12,8,2,7,'',85,1,1,1,1,15,1),(286,0,12,12,5,30,'',99,1,1,1,1,19,1),(287,0,12,13,7,10,'',99,1,1,1,1,19,1),(288,0,12,8,2,10,'',88,1,1,1,1,27,1),(289,0,12,13,7,10,'',88,1,1,1,1,27,1),(290,0,17,32,23,50,'',96,1,1,1,1,27,1),(291,0,12,49,43,50,'',88,1,1,1,1,27,1),(292,0,12,69,64,96,'',88,1,1,1,1,27,1),(293,0,12,69,64,34,'',88,1,2,1,1,27,1),(294,0,12,8,2,17,'',89,1,2,1,1,27,1),(295,0,12,12,5,13,'',89,1,2,1,1,27,1),(296,0,12,13,7,20,'',90,1,2,1,3,6,1),(297,0,12,69,64,30,'',90,1,1,1,3,6,1),(298,0,12,65,58,50,'',91,1,1,1,3,12,1),(299,0,12,69,64,20,'',91,1,1,1,3,12,1),(300,0,12,67,61,30,'',91,1,1,1,3,12,1),(301,0,12,69,64,20,'',92,1,1,1,3,12,1),(302,0,12,67,61,30,'',92,1,1,1,3,12,1),(303,0,12,38,37,40,'',93,1,1,1,3,12,1),(304,0,12,13,7,10,'',93,1,1,1,3,12,1),(305,0,12,8,2,10,'',93,1,1,1,3,12,1),(306,0,12,13,7,15,'',87,1,1,1,1,27,1),(307,0,12,8,2,10,'',87,1,1,1,1,27,1),(308,0,12,59,54,3,'',87,1,1,1,1,27,1),(309,0,12,20,78,4,'',87,1,1,1,1,27,1),(310,0,12,32,23,20,'',87,1,1,1,1,27,1),(311,0,12,13,7,20,'',88,1,2,1,1,27,1),(312,0,12,79,137,2,'SE REQUIERE CREAR LAS IMAGENES Y RESTAURAR LAS MAQUINAS DE LABORATORIO, INSTALACION DE SOFTWARE',99,1,1,1,1,19,1),(313,0,12,79,138,1,'PARA SISTEMA DE CONTROL DE ACCESO AL LABORATORIO Y GENERACION DE ESTADISTICAS',99,1,1,1,1,19,1),(314,0,12,79,139,1,'SERVIRA PARA REPARACION DEL SERVIDOR DE RESPALDO DE LABORATORIO',99,1,1,1,1,19,1),(315,0,12,79,140,1,'SERVICIO DE IMPRESION EN EL LABORATORIO PARA ALUMNOS Y DOCENTES',99,1,1,1,1,19,1),(316,0,12,72,141,1,'SE FOTOCOPIARAN: MANUALES Y PRACTICAS DE LABORATORI PARA FORMAR ARCHIVOS DE RESPALDO Y SOPORTE PARA EXAMENES ESPECIALES Y GLOBALES, MANUALES PARA CURSOS, RETICULAS Y TRIPTICOS PARA VISITAS AL LABORATORIO Y PROMOCION DE LA CARRERA',99,1,1,1,1,19,1),(317,0,12,79,111,3,'REMPLAZO DE EQUIPOS DESCOMPUESTOS DE LABORATORIOS',99,1,2,1,1,19,1),(318,0,12,77,143,1,'PARA VIGILANCIA DE LABORATORIO',99,1,1,1,1,19,1),(319,0,17,69,64,20,'',94,1,1,1,3,12,1),(320,0,17,69,64,19,'',94,1,2,1,3,12,1),(321,0,17,49,43,100,'',95,1,1,1,3,12,1),(322,0,16,79,144,2,'PARA LAB. DE ELEC Y ELECTRONICA, PLC',33,1,1,1,1,1,1),(323,0,17,12,105,2,'',94,1,1,1,3,12,1),(324,0,17,12,105,2,'',94,1,2,1,3,12,1),(325,0,17,12,104,5,'',96,1,1,1,1,27,1),(326,0,17,12,104,5,'',96,1,2,1,1,27,1),(327,0,25,8,2,60,'',100,1,1,1,1,1,1),(328,0,25,8,2,60,'',100,1,2,1,1,1,1),(329,0,25,9,3,25,'',100,1,1,1,1,1,1),(330,0,25,9,3,25,'',100,1,2,1,1,1,1),(331,0,25,12,5,40,'',100,1,1,1,1,1,1),(332,0,25,12,5,40,'',100,1,2,1,1,1,1),(333,0,25,15,8,70,'',101,1,1,1,1,1,1),(334,0,25,15,8,70,'',101,1,2,1,1,1,1),(335,0,25,20,11,25,'',101,1,1,1,1,1,1),(336,0,25,20,11,25,'',101,1,2,1,1,1,1),(337,0,25,23,14,600,'',101,1,1,1,1,1,1),(338,0,25,23,14,600,'',101,1,2,1,1,1,1),(339,0,25,31,22,15,'',101,1,1,1,1,1,1),(340,0,25,31,22,15,'',101,1,2,1,1,1,1),(341,0,25,32,23,40,'',101,1,1,1,1,1,1),(342,0,25,32,23,40,'',101,1,2,1,1,1,1),(343,0,25,77,145,1,'NO HAY EN EXISTENCIA EN EL DEPARTAMENTO Y ES DE VITAL IMPORTANCIA PARA LA COMUNICACION INTERNA',100,1,1,1,1,1,1),(344,0,25,53,146,199,'',102,1,1,1,1,1,1),(345,0,25,53,146,199,'',102,1,2,1,1,1,1),(346,0,25,13,147,1,'',102,1,1,1,1,1,1),(347,0,25,13,147,1,'',102,1,2,1,1,1,1),(348,0,17,49,43,50,'',97,1,1,1,1,27,1),(349,0,17,69,64,20,'',98,1,2,2,4,30,1),(350,0,17,67,106,2,'',98,1,1,2,4,30,1),(351,0,17,67,106,2,'',98,1,2,2,4,30,1),(352,0,17,49,43,15,'',98,1,1,2,4,30,1),(353,0,17,49,43,15,'',98,1,2,2,4,30,1),(354,0,18,67,106,6,'',115,1,1,1,1,13,1),(355,0,18,67,106,6,'',115,1,2,1,1,13,1),(356,0,18,69,107,2,'',115,1,1,1,1,13,1),(357,0,18,69,107,2,'',115,1,2,1,1,13,1),(358,0,18,8,2,50,'',115,1,1,1,1,13,1),(359,0,18,8,2,50,'',115,1,2,1,1,13,1),(360,0,18,67,106,6,'',116,1,2,1,3,6,1),(361,0,18,69,107,2,'',116,1,2,1,3,6,1),(362,0,18,73,110,1,'PARA APOYO A DOCENTES EN LA ENSEÑANZA-APRENDIZAJE',22,1,1,3,8,22,1),(363,0,18,73,110,2,'PARA APOYO A DOCENTES EN LA ENSEÑANZA-APRENDIZAJE',22,1,2,3,8,22,1),(364,0,18,23,14,22,'',22,1,1,3,8,22,1),(365,0,18,15,101,21,'',22,1,1,3,8,22,1),(366,0,18,15,101,21,'',22,1,2,3,8,22,1),(367,0,18,12,5,30,'',22,1,1,3,8,22,1),(368,0,18,12,5,30,'',22,1,2,3,8,22,1),(369,0,9,8,2,10,'',103,1,2,1,1,15,1),(370,0,9,8,2,50,'',103,1,2,1,1,15,1),(371,0,18,23,75,30,'',22,1,1,3,8,22,1),(372,0,18,73,149,1,'PARA CURSOS A DOCENTES',22,1,2,3,8,22,1),(373,0,9,8,2,10,'',105,1,2,1,1,15,1),(374,0,18,72,150,1,'PARA CURSOS A DOCENTES',22,1,2,3,8,22,1),(375,0,9,46,41,2100,'',105,1,1,1,1,15,1),(376,0,18,67,106,20,'',19,1,1,1,3,12,1),(377,0,18,67,106,20,'',19,1,2,1,3,12,1),(378,0,18,69,107,12,'',19,1,1,1,3,12,1),(379,0,18,69,107,12,'',19,1,2,1,3,12,1),(380,0,18,38,37,75,'',19,1,1,1,3,12,1),(381,0,18,38,37,75,'',19,1,2,1,3,12,1),(382,0,18,32,23,70,'',32,1,1,1,1,15,1),(383,0,18,32,23,70,'',32,1,2,1,1,15,1),(384,0,18,38,37,250,'',20,1,1,1,3,12,1),(385,0,18,38,37,250,'',20,1,2,1,3,12,1),(386,0,18,13,147,25,'',20,1,1,1,3,12,1),(387,0,18,13,147,30,'',20,1,2,1,3,12,1),(388,0,9,12,105,12,'',106,1,1,1,1,15,1),(389,0,9,12,105,12,'',106,1,2,1,1,15,1),(390,0,18,12,5,3,'',20,1,1,1,3,12,1),(391,0,18,12,5,3,'',20,1,2,1,3,12,1),(392,0,18,12,105,8,'',20,1,1,1,3,12,1),(393,0,18,12,105,8,'',20,1,2,1,3,12,1),(394,0,9,8,2,44,'',106,1,2,1,1,15,1),(395,0,18,65,58,30,'',21,1,1,1,3,12,1),(396,0,18,65,58,30,'',21,1,2,1,3,12,1),(397,0,9,8,2,650,'',106,1,2,1,1,15,1),(398,0,9,8,2,10,'',107,1,1,4,13,14,1),(399,0,9,8,2,10,'',107,1,2,4,13,14,1),(400,0,18,67,106,2,'',20,1,1,1,3,12,1),(401,0,18,67,106,1,'',20,1,2,1,3,12,1),(402,0,18,69,107,1,'',20,1,1,1,3,12,1),(403,0,18,69,107,1,'',20,1,2,1,3,12,1),(404,0,9,67,106,1,'',108,1,1,4,13,14,1),(405,0,9,67,106,1,'',108,1,2,4,13,14,1),(406,0,18,29,21,3,'',20,1,1,1,3,12,1),(407,0,18,29,21,3,'',20,1,2,1,3,12,1),(408,0,9,8,2,10,'',112,1,1,1,2,16,1),(409,0,9,8,2,20,'',113,1,1,2,4,30,1),(410,0,23,20,11,1680,'',121,1,1,1,1,1,1),(411,0,23,20,11,1680,'',121,1,2,1,1,1,1),(412,0,23,21,12,410,'',121,1,1,1,1,1,1),(413,0,23,21,12,410,'',121,1,2,1,1,1,1),(414,0,23,56,51,4900,'',121,1,1,1,1,1,1),(415,0,23,56,51,4900,'',121,1,2,1,1,1,1),(416,0,23,9,3,350,'',121,1,1,1,1,1,1),(417,0,23,9,3,350,'',121,1,2,1,1,1,1),(418,0,23,8,2,75,'',121,1,1,1,1,1,1),(419,0,23,8,2,75,'',121,1,2,1,1,1,1),(420,0,23,12,5,60,'',121,1,1,1,1,1,1),(421,0,23,12,5,60,'',121,1,2,1,1,1,1),(422,0,23,13,7,150,'',121,1,1,1,1,1,1),(423,0,23,13,7,150,'',121,1,2,1,1,1,1),(424,0,23,11,4,25,'',121,1,1,1,1,1,1),(425,0,23,11,4,25,'',121,1,2,1,1,1,1),(426,0,23,15,8,100,'',121,1,1,1,1,1,1),(427,0,23,15,8,50,'',121,1,2,1,1,1,1),(428,0,23,46,41,1200,'',122,1,1,1,1,15,1),(429,0,23,57,52,2700,'',122,1,1,1,1,15,1),(430,0,23,57,52,2700,'',122,1,2,1,1,15,1),(431,0,23,51,45,3900,'',122,1,1,1,1,15,1),(432,0,23,51,45,3900,'',122,1,2,1,1,15,1),(433,0,23,41,30,750,'',122,1,1,1,1,15,1),(434,0,23,41,30,750,'',122,1,2,1,1,15,1),(435,0,23,13,7,225,'',122,1,1,1,1,15,1),(436,0,23,13,7,225,'',122,1,2,1,1,15,1),(437,0,23,57,52,1200,'',122,1,1,1,1,15,1),(438,0,23,57,52,1200,'',122,1,2,1,1,15,1),(439,0,23,32,23,500,'',122,1,1,1,1,15,1),(440,0,23,58,53,600,'',123,1,1,3,9,26,1),(441,0,23,58,53,600,'',123,1,2,3,9,26,1),(442,0,23,29,21,350,'',123,1,1,3,9,26,1),(443,0,23,29,21,350,'',123,1,2,3,9,26,1),(444,0,23,49,43,150,'',123,1,1,3,9,26,1),(445,0,23,49,43,150,'',123,1,2,3,9,26,1),(446,0,9,26,18,150,'',124,1,1,1,1,3,1),(447,0,9,26,18,150,'',124,1,2,1,1,3,1),(448,0,9,8,2,40,'',125,1,1,1,1,3,1),(449,0,9,8,2,40,'',125,1,2,1,1,3,1),(450,0,9,12,5,20,'',126,1,1,1,1,3,1),(451,0,9,12,105,10,'',126,1,1,1,1,3,1),(452,0,9,8,2,40,'',126,1,2,1,1,3,1),(453,0,9,8,2,20,'',127,1,2,1,1,3,1),(454,0,9,69,108,10,'',127,1,1,1,1,3,1),(455,0,9,69,108,10,'',127,1,2,1,1,3,1),(456,0,9,67,61,400,'',127,1,1,1,1,3,1),(457,0,9,67,61,400,'',127,1,2,1,1,3,1),(458,0,22,8,2,39,'',117,1,1,3,7,38,1),(459,0,22,8,2,20,'',117,1,2,3,7,38,1),(460,0,22,12,105,4,'',117,1,1,3,7,38,1),(461,0,22,12,105,6,'',117,1,2,3,7,38,1),(462,0,22,13,7,5,'',117,1,1,3,7,38,1),(463,0,22,13,7,5,'',117,1,2,3,7,38,1),(464,0,22,16,9,20,'',117,1,1,3,7,38,1),(465,0,22,16,9,8,'',117,1,2,3,7,38,1),(466,0,22,32,23,20,'',117,1,1,3,7,38,1),(467,0,22,32,23,5,'',117,1,2,3,7,38,1),(468,0,22,92,40,35,'',117,1,1,3,7,38,1),(469,0,22,92,40,35,'',117,1,2,3,7,38,1),(470,0,22,53,146,3,'',117,1,1,3,7,38,1),(471,0,22,53,146,2,'',117,1,2,3,7,38,1),(472,0,20,65,58,160,'',144,1,1,1,2,36,1),(473,0,20,86,124,540,'',144,1,1,1,2,36,1),(474,0,20,23,14,380,'',145,1,1,1,2,36,1),(475,0,20,23,14,380,'',145,1,2,1,2,36,1),(476,0,22,109,151,80,'',117,1,1,3,7,38,1),(477,0,22,67,61,90,'',117,1,1,3,7,38,1),(478,0,22,67,61,90,'',117,1,2,3,7,38,1),(479,0,9,79,140,1,'PARA IMPRESION DE TITULOS ',127,1,2,1,1,3,1),(480,0,22,69,107,6,'',117,1,1,3,7,38,1),(481,0,22,69,107,6,'',117,1,2,3,7,38,1),(482,0,20,28,20,85,'',145,1,1,1,2,36,1),(483,0,20,28,20,85,'',145,1,2,1,2,36,1),(484,0,9,79,111,2,'PARA FOTOCREDENCIALIZACION DE ESTUDIANTES',127,1,2,1,1,3,1),(485,0,20,90,16,370,'',145,1,1,1,2,36,1),(486,0,20,90,16,370,'',145,1,2,1,2,36,1),(487,0,22,8,2,10,'',118,1,1,3,7,38,1),(488,0,22,8,2,2,'',118,1,2,3,7,38,1),(489,0,22,12,105,1,'',118,1,1,3,7,38,1),(490,0,22,12,105,1,'',118,1,2,3,7,38,1),(491,0,22,13,147,1,'',118,1,1,3,7,38,1),(492,0,20,15,8,122,'',145,1,1,1,2,36,1),(493,0,20,15,8,122,'',145,1,2,1,2,36,1),(494,0,22,16,9,5,'',118,1,1,3,7,38,1),(495,0,9,8,2,10,'',114,1,1,2,4,30,1),(496,0,9,8,2,10,'',114,1,2,2,4,30,1),(497,0,22,32,23,2,'',118,1,1,3,7,38,1),(498,0,22,92,40,10,'',118,1,1,3,7,38,1),(499,0,22,92,40,5,'',118,1,2,3,7,38,1),(500,0,20,16,9,60,'',145,1,1,1,2,36,1),(501,0,20,16,9,60,'',145,1,2,1,2,36,1),(502,0,22,53,146,1,'',118,1,1,3,7,38,1),(503,0,20,12,5,60,'',145,1,2,1,2,36,1),(504,0,20,12,5,60,'',145,1,2,1,2,36,1),(505,0,22,109,151,16,'',118,1,1,3,7,38,1),(506,0,22,67,61,18,'',118,1,1,3,7,38,1),(507,0,22,67,61,18,'',118,1,2,3,7,38,1),(508,0,22,69,107,1,'',118,1,1,3,7,38,1),(509,0,22,8,2,10,'',119,1,1,3,7,38,1),(510,0,22,12,104,6,'',119,1,1,3,7,38,1),(511,0,20,20,78,160,'',145,1,1,1,2,36,1),(512,0,20,20,78,160,'',145,1,2,1,2,36,1),(513,0,22,16,9,5,'',119,1,1,3,7,38,1),(514,0,22,32,23,2,'',119,1,1,3,7,38,1),(515,0,22,92,40,10,'',119,1,1,3,7,38,1),(516,0,22,92,40,5,'',119,1,2,3,7,38,1),(517,0,22,53,146,1,'',119,1,1,3,7,38,1),(518,0,22,109,151,16,'',119,1,1,3,7,38,1),(519,0,22,67,61,18,'',119,1,1,3,7,38,1),(520,0,22,67,61,18,'',119,1,2,3,7,38,1),(521,0,20,22,13,43,'',145,1,1,1,2,36,1),(522,0,20,22,13,43,'',145,1,2,1,2,36,1),(523,0,22,69,107,1,'',119,1,1,3,7,38,1),(524,0,20,65,58,50,'',145,1,1,1,2,36,1),(525,0,20,65,58,50,'',145,1,2,1,2,36,1),(526,0,22,8,2,30,'',120,1,1,3,7,38,1),(527,0,22,8,2,5,'',120,1,2,3,7,38,1),(528,0,22,12,105,4,'',120,1,1,3,7,38,1),(529,0,22,12,105,3,'',120,1,2,3,7,38,1),(530,0,22,16,9,16,'',120,1,1,3,7,38,1),(531,0,22,32,23,7,'',120,1,1,3,7,38,1),(532,0,22,92,40,20,'',120,1,1,3,7,38,1),(533,0,22,92,40,20,'',120,1,2,3,7,38,1),(534,0,22,53,146,3,'',120,1,1,3,7,38,1),(535,0,22,109,151,45,'',120,1,1,3,7,38,1),(536,0,22,67,61,40,'',120,1,1,3,7,38,1),(537,0,22,67,61,40,'',120,1,2,3,7,38,1),(538,0,22,69,107,1,'',120,1,1,3,7,38,1),(539,0,22,67,61,8,'',120,1,1,3,7,38,1),(540,0,5,8,2,40,'',148,1,1,3,7,38,1),(541,0,5,8,2,40,'',148,1,2,3,7,38,1),(542,0,5,12,5,75,'',148,1,1,3,7,38,1),(543,0,5,12,5,75,'',148,1,2,3,7,38,1),(544,0,5,13,7,5,'',148,1,1,3,7,38,1),(545,0,5,13,7,5,'',148,1,2,3,7,38,1),(546,0,5,67,106,3,'',147,1,1,1,1,1,1),(547,0,5,67,106,3,'',147,1,2,1,1,1,1),(548,0,5,69,107,2,'',147,1,1,1,1,1,1),(549,0,5,69,107,2,'',147,1,2,1,1,1,1),(550,0,5,67,106,6,'',148,1,1,3,7,38,1),(551,0,5,67,106,6,'',148,1,2,3,7,38,1),(552,0,5,69,107,5,'',148,1,1,3,7,38,1),(553,0,5,69,107,5,'',148,1,2,3,7,38,1),(554,0,5,67,61,5,'',149,1,1,3,6,40,1),(555,0,5,67,61,5,'',149,1,2,3,6,40,1),(556,0,5,16,9,10,'',148,1,1,3,7,38,1),(557,0,5,16,9,10,'',148,1,2,3,7,38,1),(558,0,5,56,51,50,'',147,1,1,1,1,1,1),(559,0,5,56,51,50,'',147,1,2,1,1,1,1),(560,0,5,73,110,5,'EQUIPAMIENTO DE AULAS CON TIC´S',150,1,1,3,8,22,1),(561,0,5,73,110,4,'EQUIPAMIENTO DE AULAS CON TIC´S',150,1,2,3,8,22,1),(562,0,5,73,149,5,'PARA EQUIPAMIENTO DE SALONES CON TIC´S',150,1,1,3,8,22,1),(563,0,5,73,149,6,'PARA EQUIPAMIENTO DE SALONES CON TIC´S',150,1,2,3,8,22,1),(564,0,5,32,23,10,'',147,1,2,1,1,1,1),(565,0,21,64,57,500,'',151,1,1,3,9,26,1),(566,0,21,64,57,250,'',151,1,2,3,9,26,1),(567,0,21,67,61,385,'',152,1,1,3,7,38,1),(568,0,21,67,61,385,'',152,1,2,3,7,38,1),(569,0,21,69,64,240,'',152,1,1,3,7,38,1),(570,0,21,69,64,240,'',152,1,2,3,7,38,1),(571,0,21,8,2,50,'',153,1,1,4,12,42,1),(572,0,21,8,2,50,'',153,1,2,4,12,42,1),(573,0,21,12,5,50,'',153,1,1,4,12,42,1),(574,0,21,12,5,50,'',153,1,2,4,12,42,1),(575,0,21,13,7,100,'',153,1,1,4,12,42,1),(576,0,21,13,7,100,'',153,1,2,4,12,42,1),(577,0,21,8,2,55,'',154,1,1,4,12,42,1),(578,0,21,8,2,55,'',154,1,2,4,12,42,1),(579,0,21,12,5,55,'',154,1,1,4,12,42,1),(580,0,21,12,5,55,'',154,1,2,4,12,42,1),(581,0,21,35,26,15,'',154,1,1,4,12,42,1),(582,0,21,35,26,15,'',154,1,2,4,12,42,1),(583,0,21,53,48,15,'',154,1,1,4,12,42,1),(584,0,21,53,48,15,'',154,1,2,4,12,42,1),(585,0,21,79,152,1,'PARA USO DEL DEPARTAMENTO COMO IMPRESION DE OFICIOS, FORMATOS Y COSAS OFICIALES',153,1,1,4,12,42,1),(586,0,11,82,153,1,'EL AREA DE CIENCIAS BASICAS SE ENCUENTRA EN LA ETAPA DE GENERACION DE UN LABORATORIO DE FISICA GENERAL, PARA ATENDER LAS NECESIDADES DE LOS NUEVOS PROGRAMAS DE FISICA, POR LO QUE NO CUENTA CON ESTOS EQUIPOS, NECESARIOS PARA ATENDER LOS FINES DIDACTICOS Y PEDAGOGICOS TANTO DE CATEDRATICOS COMO DE ALUMNOS. ',6,1,1,1,1,1,1),(587,0,3,8,2,625,'',155,1,1,3,7,37,1),(588,0,3,8,2,625,'',155,1,2,3,7,37,1),(589,0,3,88,6,300,'',155,1,1,3,7,37,1),(590,0,3,88,6,600,'',155,1,2,3,7,37,1),(591,0,3,13,147,40,'',155,1,1,3,7,37,1),(592,0,3,13,147,40,'',155,1,2,3,7,37,1),(593,0,3,43,32,45,'',155,1,1,3,7,37,1),(594,0,3,94,46,525,'',155,1,1,3,7,37,1),(595,0,3,94,46,525,'',155,1,2,3,7,37,1),(596,0,3,56,51,250,'',155,1,2,3,7,37,1),(597,0,3,67,106,20,'',155,1,1,3,7,37,1),(598,0,3,67,106,20,'',155,1,2,3,7,37,1),(599,0,3,69,107,10,'',155,1,1,3,7,37,1),(600,0,3,69,107,10,'',155,1,2,3,7,37,1),(601,0,3,73,149,9,'EQUIP. DE SALONES CON TIC´S',155,1,1,3,7,37,1),(602,0,3,73,149,9,'EQUIP. DE SALONES CON TIC´S',155,1,2,3,7,37,1),(603,0,3,71,128,11,'PARA EQUIPAMIENTO DE AULAS',155,1,1,3,7,37,1),(604,0,3,71,128,12,'PARA EQUIPAMIENTO DE AULAS',155,1,2,3,7,37,1),(605,0,2,8,2,40,'',157,1,1,3,7,37,1),(606,0,2,8,2,40,'',157,1,2,3,7,37,1),(607,0,2,11,4,50,'',157,1,1,3,7,37,1),(608,0,2,11,4,50,'',157,1,2,3,7,37,1),(609,0,8,8,2,60,'',163,1,1,3,9,26,1),(610,0,8,8,2,60,'',163,1,2,3,9,26,1),(611,0,2,53,48,160,'',157,1,1,3,7,37,1),(612,0,2,53,48,160,'',157,1,2,3,7,37,1),(613,0,2,8,2,30,'',158,1,1,3,6,40,1),(614,0,2,8,2,30,'',158,1,2,3,6,40,1),(615,0,2,11,4,20,'',158,1,1,3,6,40,1),(616,0,2,11,4,20,'',158,1,2,3,6,40,1),(617,0,3,73,110,8,'Equipamiento de aulas',155,1,1,3,7,37,1),(618,0,3,73,110,7,'Equipamiento de aulas',155,1,2,3,7,37,1),(619,0,2,12,5,20,'',158,1,1,3,6,40,1),(620,0,2,12,5,20,'',158,1,2,3,6,40,1),(621,0,2,13,7,50,'',158,1,1,3,6,40,1),(622,0,2,13,7,50,'',158,1,2,3,6,40,1),(623,0,2,29,21,5,'',158,1,1,3,6,40,1),(624,0,2,29,21,5,'',158,1,2,3,6,40,1),(625,0,2,35,26,5,'',158,1,1,3,6,40,1),(626,0,2,35,26,5,'',158,1,2,3,6,40,1),(627,0,2,67,61,120,'',158,1,1,3,6,40,1),(628,0,2,67,61,120,'',158,1,2,3,6,40,1),(629,0,2,69,64,50,'',158,1,1,3,6,40,1),(630,0,2,69,64,50,'',158,1,2,3,6,40,1),(631,0,3,79,111,8,'Equipamiento de aulas',155,1,1,3,7,37,1),(632,0,3,79,111,8,'Equipamiento de aulas',155,1,2,3,7,37,1),(633,0,2,8,2,20,'',161,1,1,2,4,31,1),(634,0,2,8,2,20,'',161,1,2,2,4,31,1),(635,0,2,12,5,20,'',161,1,1,2,4,31,1),(636,0,2,12,5,20,'',161,1,2,2,4,31,1),(637,0,2,13,7,225,'',161,1,1,2,4,31,1),(638,0,2,13,7,225,'',161,1,2,2,4,31,1),(639,0,2,29,21,15,'',161,1,1,2,4,31,1),(640,0,2,29,21,15,'',161,1,2,2,4,31,1),(641,0,2,60,55,60,'',161,1,2,2,4,31,1),(642,0,2,60,55,60,'',161,1,2,2,4,31,1),(643,0,3,79,140,2,'Equipamiento de lab. y areas adminsitrativas',155,1,1,3,7,37,1),(644,0,3,79,140,2,'Equipamiento de lab. y areas adminsitrativas',155,1,2,3,7,37,1),(645,0,8,12,104,10,'',163,1,1,3,9,26,1),(646,0,8,12,104,10,'',163,1,2,3,9,26,1),(647,0,2,64,57,75,'',161,1,1,2,4,31,1),(648,0,2,64,57,75,'',161,1,2,2,4,31,1),(649,0,2,67,61,40,'',161,1,1,2,4,31,1),(650,0,2,67,61,40,'',161,1,2,2,4,31,1),(651,0,8,12,105,2,'',163,1,1,3,9,26,1),(652,0,8,12,105,2,'',163,1,2,3,9,26,1),(653,0,2,69,64,20,'',161,1,1,2,4,31,1),(654,0,2,69,64,20,'',161,1,2,2,4,31,1),(655,0,2,44,33,25,'',161,1,1,2,4,31,1),(656,0,2,44,33,25,'',161,1,2,2,4,31,1),(657,0,2,13,7,35,'',162,1,1,1,1,15,1),(658,0,2,13,7,35,'',162,1,2,1,1,15,1),(659,0,8,15,8,12,'',163,1,1,3,9,26,1),(660,0,8,15,8,12,'',163,1,2,3,9,26,1),(661,0,3,79,156,1,'PARA USO DEL LAB. DE COMPUTO DE ELECTRONICA',155,1,2,3,7,37,1),(662,0,2,85,155,75,'',162,1,1,1,1,15,1),(663,0,2,85,155,75,'',162,1,2,1,1,15,1),(664,0,3,79,160,2,'PARA USO DE INTERNET DE LOS ALUMNOS',155,1,2,3,7,37,1),(665,0,3,72,158,1,'EL PROGRAMA NECESITA ESTE SERVICIO PARA LOS ALUMNOS Y REPRODUCCION DE MATERIAL',155,1,1,3,7,37,1),(666,0,8,73,154,1,'PARA EVENTOS DEPORTIVOS Y CULTURALES.',163,1,1,3,9,26,1),(667,0,3,71,159,1,'RESGUARDAR LOS DOCUMENTOS DE LOS PARTICIPANTES',155,1,2,3,7,37,1),(668,0,8,73,110,1,'PARA EVENTOS DEPORTIVOS Y CULTURALES.',163,1,1,3,9,26,1),(669,0,3,72,161,8,'PARA AULAS ',155,1,1,3,7,37,1),(670,0,3,72,161,9,'PARA AULAS ',155,1,2,3,7,37,1),(671,0,8,79,111,1,'PARA EL PROCESO DE INSCRIPCIONES DEL DEPARTAMENTO.',163,1,2,3,9,26,1),(672,0,6,8,2,10,'',170,1,1,2,4,29,1),(673,0,6,8,2,10,'',170,1,2,2,4,29,1),(674,0,6,12,5,30,'',170,1,1,2,4,29,1),(675,0,6,12,5,50,'',170,1,2,2,4,29,1),(676,0,6,13,7,50,'',170,1,1,2,4,29,1),(677,0,6,15,8,24,'',170,1,2,2,4,29,1),(678,0,6,16,9,24,'',170,1,1,2,4,29,1),(679,0,8,85,155,300,'',163,1,1,3,9,26,1),(680,0,6,79,163,1,'PARA LA IMPRESION DE DOCUMENTOS DE ALUMNOS DE SERVICIO SOCIAL, RESIDENTES Y EGRESADOS',170,1,1,2,4,29,1),(681,0,6,49,43,20,'',170,1,2,2,4,29,1),(682,0,8,85,155,353,'',164,1,2,3,9,26,1),(683,0,6,53,48,20,'',170,1,1,2,4,29,1),(684,0,6,54,50,10,'',170,1,1,2,4,29,1),(685,0,6,69,64,25,'',170,1,1,2,4,29,1),(686,0,6,69,64,25,'',170,1,2,2,4,29,1),(687,0,6,67,61,25,'',170,1,1,2,4,29,1),(688,0,6,67,61,25,'',170,1,2,2,4,29,1),(689,0,8,69,108,18,'',164,1,2,3,9,26,1),(690,0,6,7,1,500,'',171,1,1,1,1,28,1),(691,0,6,7,1,500,'',171,1,2,1,1,28,1),(692,0,6,102,116,210,'',171,1,1,1,1,28,1),(693,0,6,102,116,210,'',171,1,2,1,1,28,1),(694,0,6,8,2,50,'',171,1,1,1,1,28,1),(695,0,6,8,2,50,'',171,1,2,1,1,28,1),(696,0,6,12,5,25,'',171,1,1,1,1,28,1),(697,0,6,12,5,25,'',171,1,2,1,1,28,1),(698,0,6,65,58,75,'',171,1,1,1,1,28,1),(699,0,6,65,58,75,'',171,1,2,1,1,28,1),(700,0,2,86,124,75,'',162,1,1,1,1,15,1),(701,0,2,86,124,75,'',162,1,2,1,1,15,1),(702,0,6,94,46,250,'',171,1,1,1,1,28,1),(703,0,6,94,46,250,'',171,1,2,1,1,28,1),(704,0,2,29,21,15,'',162,1,1,1,1,15,1),(705,0,2,29,21,15,'',162,1,2,1,1,15,1),(706,0,6,8,2,10,'',172,1,1,2,4,35,1),(707,0,6,8,2,10,'',172,1,2,2,4,35,1),(708,0,6,13,7,20,'',172,1,1,2,4,35,1),(709,0,6,13,7,20,'',172,1,2,2,4,35,1),(710,0,2,71,162,2,'PARA USO DE PERSONAL ADMINISTRATIVO ',156,1,1,1,1,1,1),(711,0,6,94,46,10,'',172,1,1,2,4,35,1),(712,0,6,94,46,10,'',172,1,2,2,4,35,1),(713,0,6,67,61,10,'',172,1,1,2,4,35,1),(714,0,6,67,61,10,'',172,1,2,2,4,35,1),(715,0,8,85,155,692,'',165,1,2,3,9,26,1),(716,0,6,15,8,10,'',175,1,1,2,4,31,1),(717,0,6,20,11,10,'',175,1,2,2,4,31,1),(718,0,6,29,21,450,'',175,1,1,2,4,31,1),(719,0,6,29,21,400,'',175,1,2,2,4,31,1),(720,0,6,32,23,60,'',175,1,1,2,4,31,1),(721,0,6,32,23,60,'',175,1,2,2,4,31,1),(722,0,8,69,108,38,'',165,1,2,3,9,26,1),(723,0,6,23,14,10,'',175,1,1,2,4,31,1),(724,0,6,23,14,10,'',175,1,2,2,4,31,1),(725,0,6,8,2,10,'',175,1,1,2,4,31,1),(726,0,6,8,2,10,'',175,1,2,2,4,31,1),(727,0,6,13,7,35,'',175,1,1,2,4,31,1),(728,0,6,13,7,30,'',175,1,2,2,4,31,1),(729,0,2,77,186,1,'PARA MANTENER INFORMADA A LA COMUNIDAD TECNOLOGICA',156,1,2,1,1,1,1),(730,0,6,22,13,75,'',175,1,1,2,4,31,1),(731,0,6,22,13,75,'',175,1,2,2,4,31,1),(732,0,6,12,5,35,'',175,1,1,2,4,31,1),(733,0,6,12,5,35,'',175,1,2,2,4,31,1),(734,0,6,59,54,12,'',175,1,1,2,4,31,1),(735,0,6,59,54,13,'',175,1,2,2,4,31,1),(736,0,6,100,35,50,'',175,1,1,2,4,31,1),(737,0,6,100,35,50,'',175,1,2,2,4,31,1),(738,0,6,44,33,25,'',175,1,1,2,4,31,1),(739,0,6,44,33,25,'',175,1,2,2,4,31,1),(740,0,6,91,39,15,'',175,1,1,2,4,31,1),(741,0,6,91,39,15,'',175,1,2,2,4,31,1),(742,0,6,35,26,15,'',175,1,1,2,4,31,1),(743,0,6,35,26,15,'',175,1,2,2,4,31,1),(744,0,8,85,155,1254,'',166,1,1,3,9,26,1),(745,0,8,69,108,22,'',166,1,1,3,9,26,1),(746,0,2,79,111,1,'ATENCION DE ALUMNOS EN INSCRIPCIONES Y REINSCRIPCIONES.',156,1,1,1,1,1,1),(747,0,2,79,140,1,'PARA USO DE LA SECRETARIA YA QUE NO CUENTA CON EQUIPO DE IMPRESION',156,1,1,1,1,1,1),(748,0,8,49,43,70,'',166,1,1,3,9,26,1),(749,0,2,73,110,1,'PARA EQUIPAMIENTO DE LA SALA DE JUNTAS',156,1,1,1,1,1,1),(750,0,8,85,155,520,'',167,1,2,3,9,26,1),(751,0,6,15,8,10,'',173,1,1,1,1,27,1),(752,0,6,8,2,7,'',173,1,1,1,1,27,1),(753,0,6,8,2,8,'',173,1,2,1,1,27,1),(754,0,6,12,5,35,'',173,1,1,1,1,27,1),(755,0,6,12,5,35,'',173,1,2,1,1,27,1),(756,0,8,85,155,202,'',167,1,2,3,9,26,1),(757,0,6,13,7,50,'',173,1,1,1,1,27,1),(758,0,6,13,7,60,'',173,1,2,1,1,27,1),(759,0,6,22,13,70,'',173,1,1,1,1,27,1),(760,0,6,22,13,70,'',173,1,2,1,1,27,1),(761,0,6,20,11,22,'',173,1,1,1,1,27,1),(762,0,6,20,11,13,'',173,1,2,1,1,27,1),(763,0,8,69,108,11,'',167,1,2,3,9,26,1),(764,0,6,29,21,40,'',173,1,1,1,1,27,1),(765,0,6,29,21,40,'',173,1,2,1,1,27,1),(766,0,8,29,21,142,'',167,1,2,3,9,26,1),(767,0,6,67,61,120,'',173,1,1,1,1,27,1),(768,0,6,67,61,130,'',173,1,2,1,1,27,1),(769,0,6,69,64,100,'',173,1,1,1,1,27,1),(770,0,6,69,64,100,'',173,1,2,1,1,27,1),(771,0,8,32,23,315,'',167,1,2,3,9,26,1),(772,0,6,49,43,50,'',173,1,1,1,1,27,1),(773,0,6,49,43,50,'',173,1,2,1,1,27,1),(774,0,6,35,26,10,'',173,1,1,1,1,27,1),(775,0,6,35,26,10,'',173,1,2,1,1,27,1),(776,0,6,100,35,30,'',173,1,1,1,1,27,1),(777,0,6,100,35,40,'',173,1,2,1,1,27,1),(778,0,6,44,33,50,'',173,1,1,1,1,27,1),(779,0,6,44,33,50,'',173,1,2,1,1,27,1),(780,0,6,65,58,500,'',173,1,1,1,1,27,1),(781,0,6,65,58,500,'',173,1,2,1,1,27,1),(782,0,6,86,124,625,'',173,1,1,1,1,27,1),(783,0,6,86,124,625,'',173,1,2,1,1,27,1),(784,0,2,8,2,20,'',162,1,1,1,1,15,1),(785,0,2,8,2,20,'',162,1,2,1,1,15,1),(786,0,6,79,165,1,'PARA PROYECCION Y CAPTURA DE DATOS REFERENTES A SERVICIOS SOCIAL, RESIDENTES Y EVENTOS DE VINCULACION',173,1,1,1,1,27,1),(787,0,6,8,2,25,'',174,1,1,2,4,33,1),(788,0,6,8,2,25,'',174,1,2,2,4,33,1),(789,0,6,12,5,25,'',174,1,1,2,4,33,1),(790,0,6,12,5,25,'',174,1,2,2,4,33,1),(791,0,6,13,7,50,'',174,1,1,2,4,33,1),(792,0,6,13,7,50,'',174,1,2,2,4,33,1),(793,0,8,32,23,500,'',169,1,1,3,9,26,1),(794,0,8,85,167,800,'',168,1,1,3,9,26,1),(795,0,8,32,23,460,'',168,1,1,3,9,26,1),(796,0,8,99,25,240,'',168,1,1,3,9,26,1),(797,0,6,8,2,200,'',182,1,2,2,4,31,1),(798,0,6,11,4,700,'',182,1,2,2,4,31,1),(799,0,6,67,61,700,'',182,1,2,2,4,31,1),(800,0,20,8,2,5,'',128,1,1,1,2,4,1),(801,0,20,8,2,5,'',128,1,2,1,2,4,1),(802,0,6,69,64,300,'',182,1,2,2,4,31,1),(803,0,6,64,57,700,'',182,1,2,2,4,31,1),(804,0,20,72,150,1,'Proceso de documentos para la Maestria en Mecatronica',128,1,1,1,2,4,1),(805,0,20,79,111,1,'Procesamiento de información para la Maestría en Mecatrónica',128,1,1,1,2,4,1),(806,0,20,8,2,5,'',129,1,1,1,2,4,1),(807,0,20,8,2,5,'',129,1,2,1,2,4,1),(808,0,3,52,47,2500,'',155,1,1,3,7,37,1),(809,0,3,52,47,2500,'',155,1,2,3,7,37,1),(810,0,20,88,6,2,'',130,1,1,1,2,4,1),(811,0,20,88,6,2,'',130,1,2,1,2,4,1),(812,0,3,71,126,3,'PARA ADECUAR LOS ESPACIOS DEL EDIFICIO Q PARA EL DIPLOMADO PROFORDEMS',155,1,1,3,7,37,1),(813,0,3,71,126,3,'PARA ADECUAR LOS ESPACIOS DEL EDIFICIO Q PARA EL DIPLOMADO PROFORDEMS',155,1,2,3,7,37,1),(814,0,20,55,49,10,'',129,1,1,1,2,4,1),(815,0,20,55,49,10,'',129,1,2,1,2,4,1),(816,0,20,28,20,5,'',129,1,1,1,2,4,1),(817,0,20,28,20,5,'',129,1,2,1,2,4,1),(818,0,3,12,105,11,'',155,1,1,3,7,37,1),(819,0,3,12,105,11,'',155,1,2,3,7,37,1),(820,0,20,8,2,5,'',130,1,1,1,2,4,1),(821,0,20,12,5,2,'',131,1,1,1,2,4,1),(822,0,20,12,5,2,'',131,1,2,1,2,4,1),(823,0,20,65,58,20,'',132,1,1,1,2,8,1),(824,0,20,65,58,20,'',132,1,2,1,2,8,1),(825,0,20,67,61,20,'',132,1,1,1,2,8,1),(826,0,20,67,61,20,'',132,1,2,1,2,8,1),(827,0,20,69,108,2,'',132,1,1,1,2,8,1),(828,0,20,69,108,2,'',132,1,2,1,2,8,1),(829,0,20,69,107,2,'',132,1,1,1,2,8,1),(830,0,20,69,107,2,'',132,1,2,1,2,8,1),(831,0,20,8,2,2,'',133,1,1,1,2,8,1),(832,0,20,8,2,2,'',133,1,2,1,2,8,1),(833,0,20,12,105,1,'',133,1,1,1,2,8,1),(834,0,20,12,105,1,'',133,1,2,1,2,8,1),(835,0,20,67,61,15,'',141,1,1,1,2,16,1),(836,0,20,67,61,15,'',141,1,2,1,2,16,1),(837,0,20,69,108,2,'',141,1,1,1,2,16,1),(838,0,20,69,108,2,'',141,1,2,1,2,16,1),(839,0,20,59,54,2,'',141,1,1,1,2,16,1),(840,0,20,59,54,2,'',141,1,2,1,2,16,1),(841,0,20,8,2,5,'',145,1,1,1,2,36,1),(842,0,20,8,2,5,'',145,1,2,1,2,36,1),(843,0,20,8,2,5,'',139,1,1,1,2,11,1),(844,0,20,8,2,5,'',139,1,2,1,2,11,1),(845,0,20,65,58,10,'',142,1,1,1,2,32,1),(846,0,20,65,58,30,'',142,1,2,1,2,32,1),(847,0,20,8,2,5,'',132,1,1,1,2,8,1),(848,0,20,8,2,5,'',132,1,2,1,2,8,1),(849,0,20,86,124,20,'',146,1,2,1,2,36,1),(850,0,20,8,2,5,'',140,1,1,1,2,16,1),(851,0,20,8,2,5,'',140,1,2,1,2,16,1),(852,0,20,67,61,10,'',143,1,1,1,2,32,1),(853,0,20,67,61,20,'',143,1,2,1,2,32,1),(854,0,20,67,61,5,'',137,1,1,1,2,10,1),(855,0,20,67,61,15,'',137,1,2,1,2,10,1),(856,0,20,12,105,1,'',139,1,1,1,2,11,1),(857,0,20,12,105,2,'',139,1,2,1,2,11,1),(858,0,20,8,2,10,'',135,1,1,1,3,9,1),(859,0,20,8,2,10,'',135,1,2,1,3,9,1),(860,0,20,28,20,10,'',129,1,1,1,2,4,1),(861,0,20,28,20,10,'',129,1,2,1,2,4,1),(862,0,20,55,49,5,'',136,1,1,1,2,10,1),(863,0,20,55,49,5,'',136,1,2,1,2,10,1),(864,0,20,16,9,5,'',128,1,1,1,2,4,1),(865,0,20,16,9,15,'',128,1,2,1,2,4,1),(866,0,20,8,2,10,'',142,1,1,1,2,32,1),(867,0,20,8,2,10,'',142,1,2,1,2,32,1),(868,0,20,90,16,10,'',129,1,1,1,2,4,1),(869,0,20,90,16,10,'',129,1,2,1,2,4,1),(870,0,20,8,2,10,'',140,1,1,1,2,16,1),(871,0,20,8,2,10,'',140,1,2,1,2,16,1),(872,0,20,12,104,1,'',135,1,1,1,3,9,1),(873,0,20,12,104,2,'',135,1,2,1,3,9,1),(874,0,20,12,104,1,'',128,1,1,1,2,4,1),(875,0,20,12,104,1,'',128,1,2,1,2,4,1),(876,0,20,8,2,5,'',137,1,1,1,2,10,1),(877,0,20,8,2,5,'',137,1,2,1,2,10,1),(878,0,20,16,9,3,'',129,1,1,1,2,4,1),(879,0,20,16,9,15,'',129,1,2,1,2,4,1),(880,0,8,12,5,20,'',166,1,1,3,9,26,1),(881,0,8,8,2,50,'',166,1,1,3,9,26,1),(882,0,8,102,136,70,'',166,1,1,3,9,26,1),(883,0,8,99,25,150,'',166,1,1,3,9,26,1),(884,0,8,20,11,10,'',166,1,1,3,9,26,1),(885,0,8,32,23,400,'',166,1,1,3,9,26,1),(886,0,8,85,155,350,'',166,1,1,3,9,26,1),(887,0,8,29,21,120,'',166,1,1,3,9,26,1),(888,0,8,49,43,50,'',166,1,1,3,9,26,1),(889,0,8,85,155,240,'',164,1,2,3,9,26,1),(890,0,10,79,111,3,'PARA USO DE BASE DE DATOS Y DE ACCESO A INTERNET',184,1,1,3,8,21,1),(891,0,10,79,111,4,'PARA USO DE BASE DE DATOS Y DE ACCESO A INTERNET',184,1,2,3,8,21,1),(892,0,10,79,140,1,'PARA RESPALDO DE LOS PRESTAMOS EXTERNOS Y DOCUMENTACION GENERAL DEL DEPARTAMENTO',184,1,1,3,8,21,1),(893,0,10,79,168,1,'PARA ELABORACION DE ETIQUETAS Y TARJETAS CATALOGRAFICAS Y DE PRESTAMOS',184,1,1,3,8,21,1),(894,0,8,74,169,3,'CONFORMACION DE UNA RONDAYA',169,1,1,3,9,26,1),(895,0,8,74,170,12,'CONFORMACION DE UNA RONDAYA',169,1,1,3,9,26,1),(896,0,8,74,171,1,'CONFORMACION DE UNA RONDAYA',169,1,1,3,9,26,1),(897,0,6,7,1,420,'',190,1,1,1,1,3,1),(898,0,6,7,1,420,'',190,1,2,1,1,3,1),(899,0,12,71,172,1,'REMPLAZO DE INMOBILIARIO DETERIORADO Y DESCOMPUESTO DEL DEPARTAMENTO',99,1,1,1,1,19,1),(900,0,6,7,1,700,'',192,1,2,1,1,3,1),(901,0,6,8,2,50,'',192,1,2,1,1,3,1),(902,0,12,71,128,2,'PARA REMPLAZAR INMOBILIARIO DETERIORADO DEL DEPARTAMENTO',99,1,1,1,1,19,1),(903,0,6,16,9,50,'',192,1,2,1,1,3,1),(904,0,6,15,8,200,'',192,1,2,1,1,3,1),(905,0,6,73,110,3,'EQUIPAMIENTO DE AULAS CON TIC´S',192,1,2,1,1,3,1),(906,0,6,8,2,30,'',190,1,1,1,1,3,1),(907,0,6,8,2,30,'',190,1,2,1,1,3,1),(908,0,6,12,5,60,'',190,1,1,1,1,3,1),(909,0,6,12,5,60,'',190,1,2,1,1,3,1),(910,0,6,12,5,5,'',190,1,1,1,1,3,1),(911,0,6,12,5,5,'',190,1,2,1,1,3,1),(912,0,6,16,9,5,'',190,1,1,1,1,3,1),(913,0,6,16,9,5,'',190,1,2,1,1,3,1),(914,0,6,22,13,40,'',190,1,1,1,1,3,1),(915,0,6,22,13,40,'',190,1,2,1,1,3,1),(916,0,6,73,110,3,'PARA LAS TRES SALAS DE LOS LABORATORIOS DE SISTEMAS',190,1,1,1,1,3,1),(917,0,6,79,173,2,'PARA EQUPAMIENTO DE LAS SALAS DE LABORATORIOS DE SISTEMAS',190,1,1,1,1,3,1),(918,0,6,73,174,3,'PARA USO EN LOS LABORATORIOS DE SISTEMAS',190,1,1,1,1,3,1),(919,0,6,79,175,2,'PARA USO EN LOS LABORATORIOS DE SISTEMAS',190,1,1,1,1,3,1),(920,0,6,79,176,1,'PARA SERVICIO DE IMPRESION A LOS DOCENTES',190,1,1,1,1,3,1),(921,0,6,79,173,6,'PARA USO DE LOS DOCENTES EN LOS LABORATORIOS Y APLICACION DE TICS AL AULA',190,1,2,1,1,3,1),(922,0,6,7,1,550,'',193,1,1,1,1,3,1),(923,0,6,7,1,550,'',193,1,2,1,1,3,1),(924,0,6,56,51,145,'',193,1,1,1,1,3,1),(925,0,6,56,51,145,'',193,1,2,1,1,3,1),(926,0,6,16,9,230,'',193,1,1,1,1,3,1),(927,0,6,16,9,230,'',193,1,2,1,1,3,1),(928,0,6,13,7,60,'',193,1,1,1,1,3,1),(929,0,6,13,7,60,'',193,1,2,1,1,3,1),(930,0,6,8,2,90,'',193,1,1,1,1,3,1),(931,0,6,8,2,90,'',193,1,2,1,1,3,1),(932,0,6,23,14,200,'',193,1,1,1,1,3,1),(933,0,6,23,14,200,'',193,1,2,1,1,3,1),(934,0,6,7,1,585,'',193,1,1,1,1,3,1),(935,0,6,7,1,585,'',193,1,2,1,1,3,1),(936,0,6,16,9,400,'',193,1,1,1,1,3,1),(937,0,6,16,9,400,'',193,1,2,1,1,3,1),(938,0,6,13,7,60,'',193,1,1,1,1,3,1),(939,0,6,13,7,60,'',193,1,2,1,1,3,1),(940,0,6,8,2,90,'',193,1,1,1,1,3,1),(941,0,6,8,2,90,'',193,1,2,1,1,3,1),(942,0,6,16,9,100,'',193,1,1,1,1,3,1),(943,0,6,16,9,100,'',193,1,2,1,1,3,1),(944,0,6,23,14,100,'',193,1,1,1,1,3,1),(945,0,6,23,14,100,'',193,1,2,1,1,3,1),(946,0,6,23,14,100,'',193,1,1,1,1,3,1),(947,0,6,23,14,100,'',193,1,2,1,1,3,1),(948,0,6,7,1,210,'',194,1,1,1,1,3,1),(949,0,6,7,1,210,'',194,1,2,1,1,3,1),(950,0,6,79,111,3,'NECEARIA PARA LA IMPARTICION DE LOS CURSOS DE TITULACION DE ING QUIMICA Y BIOQUIMICA',194,1,1,1,1,3,1),(951,0,6,73,110,4,'NESACARIA PARA LA IMPARTICION DE CURSOS DE TITULACION DE ING. QUIMICA Y BIOQUIMICA',194,1,1,1,1,3,1),(952,0,6,8,2,40,'',194,1,1,1,1,3,1),(953,0,6,8,2,40,'',194,1,2,1,1,3,1),(954,0,6,82,177,1,'NESACARIA PARA LA IMPARTICION DE CURSOS DE TITULACION DE ING. QUIMICA Y BIOQUIMICA ',194,1,1,1,1,3,1),(955,0,6,82,178,1,'NESACARIA PARA LA IMPARTICION DE CURSOS DE TITULACION DE ING. QUIMICA Y BIOQUIMICA ',194,1,1,1,1,3,1),(956,0,6,82,181,1,'NESACARIA PARA LA IMPARTICION DE CURSOS DE TITULACION DE ING. QUIMICA Y BIOQUIMICA ',194,1,1,1,1,3,1),(957,0,6,82,179,1,'NESACARIA PARA LA IMPARTICION DE CURSOS DE TITULACION DE ING. QUIMICA Y BIOQUIMICA ',194,1,1,1,1,3,1),(958,0,6,82,122,1,'NESACARIA PARA LA IMPARTICION DE CURSOS DE TITULACION DE ING. QUIMICA Y BIOQUIMICA ',194,1,1,1,1,3,1),(959,0,7,88,6,40,'',54,1,1,3,7,38,1),(960,0,7,88,6,40,'',54,1,2,3,7,38,1),(961,0,7,8,2,50,'',55,1,1,3,7,38,1),(962,0,7,8,2,50,'',55,1,2,3,7,38,1),(963,0,7,12,5,140,'',55,1,1,3,7,38,1),(964,0,7,12,5,140,'',55,1,2,3,7,38,1),(965,0,7,38,37,25,'',55,1,1,3,7,38,1),(966,0,7,38,37,25,'',55,1,2,3,7,38,1),(967,0,7,43,32,40,'',55,1,1,3,7,38,1),(968,0,7,43,32,50,'',55,1,2,3,7,38,1),(969,0,7,67,61,30,'',55,1,1,3,7,38,1),(970,0,7,67,61,40,'',55,1,2,3,7,38,1),(971,0,7,69,64,30,'',55,1,1,3,7,38,1),(972,0,7,69,64,30,'',55,1,2,3,7,38,1),(973,0,7,72,182,1,'PARA CUBRIR LAS ACTIVIDADES ACADEMICAS, EVENTOS CULTURALES Y DEPORTIVOS DE LA INSTITUCION',55,1,1,3,7,38,1),(974,0,7,73,183,2,'PARA CUBRIR LAS ACTIVIDADES ACADEMICAS, EVENTOS CULTURALES Y DEPORTIVOS DE LA INSTITUCION',55,1,1,3,7,38,1),(975,0,10,8,2,55,'',185,1,1,3,8,21,1),(976,0,10,8,2,55,'',185,1,2,3,8,21,1),(977,0,10,15,8,3,'',185,1,1,3,8,21,1),(978,0,10,15,8,2,'',185,1,2,3,8,21,1),(979,0,10,16,9,15,'',185,1,1,3,8,21,1),(980,0,10,16,9,15,'',185,1,2,3,8,21,1),(981,0,10,90,16,1,'',185,1,1,3,8,21,1),(982,0,10,90,16,1,'',185,1,2,3,8,21,1),(983,0,10,35,26,1,'',185,1,1,3,8,21,1),(984,0,10,35,26,2,'',185,1,2,3,8,21,1),(985,0,10,12,5,25,'',186,1,1,3,8,21,1),(986,0,10,12,5,25,'',186,1,2,3,8,21,1),(987,0,10,67,61,30,'',186,1,1,3,8,21,1),(988,0,10,67,61,30,'',186,1,2,3,8,21,1),(989,0,10,69,107,4,'',186,1,1,3,8,21,1),(990,0,10,69,107,5,'',186,1,2,3,8,21,1),(991,0,10,88,6,500,'',187,1,1,3,8,21,1),(992,0,10,88,6,500,'',187,1,2,3,8,21,1),(993,0,10,88,6,1000,'',188,1,1,3,8,21,1),(994,0,10,88,6,1000,'',188,1,2,3,8,21,1),(995,0,10,8,2,10,'',189,1,1,3,8,21,1),(996,0,10,8,2,10,'',189,1,2,3,8,21,1),(997,0,10,11,4,15,'',189,1,1,3,8,21,1),(998,0,10,11,4,15,'',189,1,2,3,8,21,1),(999,0,10,20,11,50,'',189,1,1,3,8,21,1),(1000,0,10,20,11,50,'',189,1,2,3,8,21,1),(1001,0,6,7,1,420,'',195,1,1,1,1,3,1),(1002,0,6,7,1,420,'',195,1,2,1,1,3,1),(1003,0,6,54,50,390,'',195,1,1,1,1,3,1),(1004,0,6,54,50,390,'',195,1,2,1,1,3,1),(1005,0,1,8,2,60,'',183,1,1,2,4,31,1),(1006,0,1,8,2,60,'',183,1,2,2,4,31,1),(1007,0,3,7,1,26100,'',196,1,1,2,4,31,1),(1008,0,3,7,1,26100,'',196,1,2,2,4,31,1),(1009,0,1,12,5,50,'',183,1,1,2,4,31,1),(1010,0,1,12,5,40,'',183,1,2,2,4,31,1),(1011,0,1,13,7,600,'',183,1,1,2,4,31,1),(1012,0,1,13,7,600,'',183,1,2,2,4,31,1),(1013,0,1,16,9,4,'',183,1,1,2,4,31,1),(1014,0,1,16,9,4,'',183,1,2,2,4,31,1),(1015,0,1,22,13,40,'',183,1,1,2,4,31,1),(1016,0,1,22,13,40,'',183,1,2,2,4,31,1),(1017,0,1,26,18,30,'',183,1,1,2,4,31,1),(1018,0,1,26,18,30,'',183,1,2,2,4,31,1),(1019,0,1,29,21,60,'',183,1,1,2,4,31,1),(1020,0,1,29,21,60,'',183,1,2,2,4,31,1),(1021,0,1,32,23,10,'',183,1,1,2,4,31,1),(1022,0,1,32,23,10,'',183,1,2,2,4,31,1),(1023,0,1,35,26,15,'',183,1,1,2,4,31,1),(1024,0,1,35,26,15,'',183,1,2,2,4,31,1),(1025,0,1,91,39,4,'',183,1,1,2,4,31,1),(1026,0,1,91,39,3,'',183,1,2,2,4,31,1),(1027,0,1,49,43,75,'',183,1,1,2,4,31,1),(1028,0,1,49,43,75,'',183,1,2,2,4,31,1),(1029,0,1,94,46,3,'',183,1,1,2,4,31,1),(1030,0,1,94,46,2,'',183,1,2,2,4,31,1),(1031,0,1,56,51,330,'',183,1,1,2,4,31,1),(1032,0,1,56,51,330,'',183,1,2,2,4,31,1),(1033,0,1,59,54,20,'',183,1,1,2,4,31,1),(1034,0,1,59,54,20,'',183,1,2,2,4,31,1),(1035,0,1,64,57,150,'',183,1,1,2,4,31,1),(1036,0,1,64,57,160,'',183,1,2,2,4,31,1),(1037,0,1,67,61,400,'',183,1,1,2,4,31,1),(1038,0,1,67,61,400,'',183,1,2,2,4,31,1),(1039,0,1,69,64,350,'',183,1,1,2,4,31,1),(1040,0,1,69,64,350,'',183,1,2,2,4,31,1),(1041,0,1,71,184,1,'PARA SALA DE ESPERA PARA LA DIRECCION',183,1,1,2,4,31,1),(1042,0,4,37,28,850,'',200,1,1,4,12,42,1),(1043,0,4,37,28,850,'',200,1,2,4,12,42,1),(1044,0,4,72,161,6,'CAMBIO DE EQUIPOS DE AIRE ACONDICIONADO INTEGRALES POR CLIMAS DE VENTANA, PARA AHORRO DE ENERGIA EN LOS EDIF. A Y AB',198,1,1,4,11,7,1),(1045,0,4,72,161,7,'CAMBIO DE EQUIPOS DE AIRE ACONDICIONADO INTEGRALES POR CLIMAS DE VENTANA, PARA AHORRO DE ENERGIA EN LOS EDIF. A Y AB',198,1,2,4,11,7,1),(1046,0,4,8,2,25,'',202,1,1,4,12,42,1),(1047,0,4,8,2,25,'',202,1,2,4,12,42,1),(1048,0,4,67,106,7,'',202,1,1,4,12,42,1),(1049,0,4,67,106,10,'',202,1,2,4,12,42,1),(1050,0,4,69,107,10,'',202,1,1,4,12,42,1),(1051,0,4,69,107,5,'',202,1,2,4,12,42,1),(1052,0,4,8,2,50,'',199,1,1,3,7,38,1),(1053,0,4,8,2,50,'',199,1,2,3,7,38,1),(1054,0,4,13,7,100,'',199,1,1,3,7,38,1),(1055,0,4,13,7,100,'',199,1,2,3,7,38,1),(1056,0,4,67,106,6,'',199,1,1,3,7,38,1),(1057,0,4,67,106,6,'',199,1,2,3,7,38,1),(1058,0,4,69,107,5,'',199,1,1,3,7,38,1),(1059,0,4,69,107,5,'',199,1,2,3,7,38,1),(1060,0,4,12,5,50,'',199,1,1,3,7,38,1),(1061,0,4,12,5,50,'',199,1,2,3,7,38,1),(1062,0,4,29,21,30,'',202,1,1,4,12,42,1),(1063,0,4,29,21,25,'',202,1,2,4,12,42,1),(1064,0,4,49,43,20,'',202,1,1,4,12,42,1),(1065,0,4,49,43,20,'',202,1,2,4,12,42,1),(1066,0,4,13,7,32,'',201,1,1,4,12,42,1),(1067,0,4,13,7,33,'',201,1,2,4,12,42,1),(1068,0,3,72,185,50,'ENGARGOLADORA DE ARILLO METALICO',204,1,1,4,11,7,1),(1069,0,3,12,5,25,'',204,1,1,4,11,7,1),(1070,0,3,12,5,25,'',204,1,2,4,11,7,1),(1071,0,3,8,2,5,'',204,1,1,4,11,7,1),(1072,0,3,8,2,0,'',204,1,2,4,11,7,1),(1073,0,3,8,2,25,'',204,1,1,4,11,7,1),(1074,0,3,8,2,25,'',204,1,2,4,11,7,1),(1075,0,3,59,54,15,'',204,1,1,4,11,7,1),(1076,0,3,69,64,90,'',205,1,1,4,11,7,1),(1077,0,3,69,64,90,'',205,1,2,4,11,7,1),(1078,0,3,67,61,75,'',205,1,1,4,11,7,1),(1079,0,3,67,61,75,'',205,1,2,4,11,7,1),(1080,0,3,38,37,600,'',203,1,1,4,11,7,1),(1081,0,3,38,37,600,'',203,1,2,4,11,7,1),(1082,0,6,71,128,28,'PARA AULAS DE INGLES',206,1,1,1,1,28,1),(1083,0,6,71,128,30,'PARA AULAS DE INGLES',206,1,2,1,1,28,1),(1084,0,6,71,126,10,'PARA AULAS DE INGLES',206,1,1,1,1,28,1),(1085,0,6,71,126,8,'PARA AULAS DE INGLES',206,1,2,1,1,28,1),(1086,0,6,79,111,9,'PARA AULAS DE INGLES',206,1,1,1,1,28,1),(1087,0,6,79,111,10,'PARA AULAS DE INGLES',206,1,2,1,1,28,1),(1088,0,18,79,111,2,'EQUIPAMIENTO DE SALA DE TUTORIAS ',207,1,1,1,1,3,1),(1089,0,18,79,111,2,'EQUIPAMIENTO DE SALA DE TUTORIAS ',207,1,2,1,1,3,1),(1090,0,18,71,126,1,'EQUIPAMIENTO DE SALA DE TUTORIAS',207,1,1,1,1,3,1),(1091,0,18,71,126,1,'EQUIPAMIENTO DE SALA DE TUTORIAS',207,1,2,1,1,3,1),(1092,0,18,71,128,1,'EQUIPAMIENTO DE SALA DE TUTORIAS',207,1,1,1,1,3,1),(1093,0,18,71,128,2,'EQUIPAMIENTO DE SALA DE TUTORIAS',207,1,2,1,1,3,1),(1094,0,18,79,156,2,'EQUIPAMIENTO DE SALA DE TUTORIAS',207,1,2,1,1,3,1),(1095,0,18,73,110,1,'EQUIPAMIENTO DE SALA DE TUTORIAS',207,1,2,1,1,3,1),(1096,0,23,56,51,1500,'',208,2,1,1,1,1,1),(1097,0,23,56,51,1500,'',208,2,2,1,1,1,1),(1098,0,23,23,76,25,'',208,2,1,1,1,1,1),(1099,0,23,23,76,25,'',208,2,2,1,1,1,1),(1100,0,23,20,11,750,'',208,2,1,1,1,1,1),(1101,0,23,20,11,750,'',208,2,2,1,1,1,1),(1102,0,23,57,52,1000,'',208,2,1,1,1,1,1),(1103,0,23,57,52,1000,'',208,2,2,1,1,1,1),(1104,0,23,9,3,250,'',208,2,1,1,1,1,1),(1105,0,23,9,3,250,'',208,2,2,1,1,1,1),(1106,0,20,90,16,1250,'',209,2,1,1,2,16,1),(1107,0,20,90,16,1250,'',209,2,2,1,2,16,1),(1108,0,20,28,20,1250,'',209,2,1,1,2,16,1),(1109,0,20,28,20,1250,'',209,2,2,1,2,16,1),(1110,0,20,8,2,250,'',209,2,1,1,2,16,1),(1111,0,20,8,2,250,'',209,2,2,1,2,16,1),(1112,0,20,55,49,500,'',209,2,1,1,2,16,1),(1113,0,20,55,49,500,'',209,2,2,1,2,16,1);
/*!40000 ALTER TABLE `poa_dpto_apoa` ENABLE KEYS */;
UNLOCK TABLES;

--
-- Table structure for table `poa_dpto_gastos`
--

DROP TABLE IF EXISTS `poa_dpto_gastos`;
SET @saved_cs_client     = @@character_set_client;
SET character_set_client = utf8;
CREATE TABLE `poa_dpto_gastos` (
  `id` int(11) NOT NULL auto_increment,
  `dpto_id` int(11) NOT NULL,
  `partida_id` int(11) NOT NULL,
  `insumo_id` int(11) NOT NULL,
  `cantidad` int(11) NOT NULL,
  `descripcion` text NOT NULL,
  `justificacion` text NOT NULL,
  `idaccion` int(11) NOT NULL,
  `tipogasto` int(1) NOT NULL,
  `periodo` int(1) NOT NULL,
  `idproceso` int(11) NOT NULL,
  `idactividad` int(11) NOT NULL,
  `idacciones` int(11) NOT NULL,
  `idpoa` int(11) NOT NULL,
  PRIMARY KEY  (`id`)
) ENGINE=InnoDB AUTO_INCREMENT=1135 DEFAULT CHARSET=latin1;
SET character_set_client = @saved_cs_client;

--
-- Dumping data for table `poa_dpto_gastos`
--

LOCK TABLES `poa_dpto_gastos` WRITE;
/*!40000 ALTER TABLE `poa_dpto_gastos` DISABLE KEYS */;
INSERT INTO `poa_dpto_gastos` VALUES (1,24,49,43,1800,'','',3,1,2,3,8,23,1),(2,24,49,43,70,'','',4,1,2,3,8,24,1),(3,24,9,3,5,'','',1,1,1,3,8,22,1),(4,24,9,3,5,'','',1,1,2,3,8,22,1),(5,24,67,61,11,'','',2,1,2,3,8,22,1),(6,24,65,58,120,'','',2,1,1,3,8,22,1),(7,24,79,66,1,'','Este es un appliance que permite administrar de manera centralizada los puntos de acceso de la red inalambrica',2,1,1,3,8,22,1),(8,24,69,64,39,'','',2,1,1,3,8,22,1),(9,13,96,71,1,'','PARA ATENDER LAS RECOMENDACIONES DE LOS CIEES PARA LA ACREDITACION DE LA CARRERA',24,1,2,1,1,1,1),(10,13,76,74,1,'','PARA ATENDER LAS RECOMENDACIONES DE LOS CIEES PARA LA ACREDITACION DE LA CARRERA',24,1,1,1,1,1,1),(11,13,96,68,1,'','PARA ATENDER LAS RECOMENDACIONES DE LOS CIEES PARA LA ACREDITACION DE LA CARRERA',24,1,1,1,1,1,1),(12,13,96,73,1,'','PARA ATENDER LAS RECOMENDACIONES DE LOS CIEES PARA LA ACREDITACION DE LA CARRERA',24,1,2,1,1,1,1),(13,13,82,69,1,'','PARA ATENDER LAS RECOMENDACIONES DE LOS CIEES PARA LA ACREDITACION DE LA CARRERA',24,1,1,1,1,1,1),(14,13,82,70,1,'','PARA ATENDER LAS RECOMENDACIONES DE LOS CIEES PARA LA ACREDITACION DE LA CARRERA',24,1,1,1,1,1,1),(15,13,96,72,1,'','PARA ATENDER LAS RECOMENDACIONES DE LOS CIEES PARA LA ACREDITACION DE LA CARRERA',24,1,2,1,1,1,1),(16,13,23,75,5,'','',25,1,2,1,1,15,1),(17,13,23,76,1,'','',25,1,1,1,1,15,1),(18,13,90,77,20,'','',26,1,1,1,1,19,1),(19,13,20,78,20,'','',26,1,1,1,1,19,1),(20,13,20,93,4,'','',26,1,1,1,1,19,1),(21,13,15,101,10,'','',26,1,1,1,1,19,1),(22,13,15,79,10,'','',26,1,1,1,1,19,1),(23,13,15,89,10,'','',26,1,1,1,1,19,1),(24,13,15,91,2,'','',26,1,1,1,1,19,1),(25,13,15,90,2,'','',26,1,1,1,1,19,1),(26,13,15,92,2,'','',26,1,1,1,1,19,1),(27,13,15,94,2,'','',26,1,1,1,1,19,1),(28,13,15,96,3,'','',26,1,1,1,1,19,1),(29,13,15,97,3,'','',26,1,1,1,1,19,1),(30,13,15,95,3,'','',26,1,1,1,1,19,1),(31,13,15,83,1,'','',26,1,1,1,1,19,1),(32,13,15,87,1,'','',26,1,1,1,1,19,1),(33,13,15,82,2,'','',26,1,1,1,1,19,1),(34,13,15,100,10,'','',26,1,1,1,1,19,1),(35,13,15,81,1,'','',26,1,1,1,1,19,1),(36,13,15,80,4,'','',26,1,1,1,1,19,1),(37,13,15,98,5,'','',26,1,1,1,1,19,1),(38,13,15,102,5,'','',26,1,1,1,1,19,1),(39,13,15,103,1,'','',26,1,1,1,1,19,1),(40,13,9,88,4,'','',26,1,1,1,1,19,1),(41,13,9,85,10,'','',26,1,1,1,1,19,1),(42,13,9,84,10,'','',26,1,1,1,1,19,1),(43,13,9,86,10,'','',26,1,1,1,1,19,1),(44,13,21,99,50,'','',26,1,1,1,1,19,1),(45,13,12,104,10,'','',27,1,1,1,1,27,1),(46,13,12,105,6,'','',27,1,2,1,1,27,1),(47,13,67,61,30,'','',28,1,1,1,3,2,1),(48,13,67,61,30,'','',28,1,2,1,3,2,1),(49,13,67,106,2,'','',28,1,1,1,3,2,1),(50,13,8,2,50,'','',31,1,1,1,2,36,1),(51,13,49,43,25,'','',29,1,1,2,4,30,1),(52,13,49,43,25,'','',29,1,2,2,4,30,1),(53,13,69,64,100,'','',30,1,1,2,4,30,1),(54,13,69,64,100,'','',30,1,2,2,4,30,1),(55,18,8,2,13,'','',32,1,2,1,1,15,1),(56,18,8,2,13,'','',32,1,1,1,1,15,1),(57,18,12,5,14,'','',32,1,1,1,1,15,1),(58,18,12,5,14,'','',32,1,2,1,1,15,1),(59,18,29,21,30,'','',32,1,2,1,1,15,1),(60,18,29,21,30,'','',32,1,2,1,1,15,1),(61,18,20,11,25,'','',32,1,1,1,1,15,1),(62,18,20,11,25,'','',32,1,2,1,1,15,1),(63,18,59,54,66,'','',32,1,1,1,1,15,1),(64,18,59,54,67,'','',32,1,2,1,1,15,1),(65,18,69,107,1,'','',32,1,1,1,1,15,1),(66,18,69,107,2,'','',32,1,2,1,1,15,1),(67,18,23,75,10,'','',22,1,1,3,8,22,1),(68,18,23,75,12,'','',22,1,1,3,8,22,1),(69,16,76,115,4,'','EQUIPAMIENTO DE LAB. DE ELECTRICA LAB. DE INST. DE CONTROL ',33,1,1,1,1,1,1),(70,16,79,114,1,'','EQUIPAMIENTO DE LAB. DE SIMULACION DE ECA',33,1,1,1,1,1,1),(71,16,78,112,1,'','EQUIP. DE LAB. ELECTRICA',33,1,1,1,1,1,1),(72,16,78,113,1,'','EQUIPAM. LAB. DE ELECTRICA',33,1,1,1,1,1,1),(73,16,8,2,39,'','',36,1,1,1,1,19,1),(74,16,8,2,39,'','',36,1,2,1,1,19,1),(75,16,12,5,65,'','',36,1,1,1,1,19,1),(76,16,12,5,65,'','',36,1,2,1,1,19,1),(77,16,23,14,160,'','',36,1,1,1,1,19,1),(78,16,23,14,160,'','',36,1,2,1,1,19,1),(79,16,9,3,3,'','',36,1,1,1,1,19,1),(80,16,15,98,10,'','',36,1,1,1,1,19,1),(81,16,15,98,10,'','',36,1,2,1,1,19,1),(82,16,20,11,5,'','',36,1,1,1,1,19,1),(83,16,32,23,10,'','',36,1,2,1,1,19,1),(84,16,29,21,12,'','',37,1,1,1,1,27,1),(85,16,29,21,13,'','',37,1,2,1,1,27,1),(86,16,49,43,7,'','',39,1,1,2,4,30,1),(87,16,49,43,7,'','',39,1,2,2,4,30,1),(88,16,67,106,7,'','',35,1,1,1,3,12,1),(89,16,67,106,6,'','',35,1,2,1,3,12,1),(90,16,69,107,11,'','',35,1,1,1,3,12,1),(91,16,69,107,12,'','',35,1,2,1,3,12,1),(92,16,13,7,17,'','',34,1,1,1,1,15,1),(93,16,13,7,18,'','',34,1,2,1,1,15,1),(94,3,49,43,600,'','',42,1,1,1,1,15,1),(95,3,49,43,600,'','',42,1,2,1,1,15,1),(96,3,102,116,150,'','',40,1,2,1,1,1,1),(97,3,49,43,500,'','',45,1,1,3,7,37,1),(98,3,67,106,10,'','',45,1,1,3,7,37,1),(99,3,67,106,10,'','',45,1,2,3,7,37,1),(100,3,69,107,5,'','',45,1,1,3,7,37,1),(101,3,69,107,5,'','',45,1,2,3,7,37,1),(102,3,8,2,50,'','',43,1,1,1,3,12,1),(103,3,8,2,50,'','',43,1,2,1,3,12,1),(104,3,12,5,50,'','',43,1,1,1,3,12,1),(105,3,12,5,50,'','',43,1,2,1,3,12,1),(106,3,13,7,50,'','',45,1,1,3,7,37,1),(107,3,13,7,50,'','',45,1,2,3,7,37,1),(108,3,29,21,30,'','',42,1,1,1,1,15,1),(109,3,29,21,20,'','',42,1,2,1,1,15,1),(110,3,67,106,3,'','',45,1,1,3,7,37,1),(111,3,67,106,3,'','',45,1,2,3,7,37,1),(112,3,69,107,5,'','',45,1,1,3,7,37,1),(113,3,69,107,4,'','',45,1,2,3,7,37,1),(114,3,73,110,1,'','PARA APOYO A LAS AREAS ACADEMICAS Y ADMINISTRATIVAS',45,1,2,3,7,37,1),(115,3,49,43,50,'','',42,1,2,1,1,15,1),(116,3,65,58,40,'','',43,1,1,1,3,12,1),(117,3,65,58,40,'','',43,1,2,1,3,12,1),(118,3,67,106,5,'','',40,1,1,1,1,1,1),(119,3,67,106,5,'','',40,1,2,1,1,1,1),(120,14,76,120,1,'','PARA LA ATENCION DE PRACTICAS DE LABORATORIO',48,1,2,1,1,1,1),(121,14,82,121,2,'','PARA LA ATENCION DE PRACTICAS DE LABORATORIO',48,1,2,1,1,1,1),(122,14,82,122,1,'','PARA LA ATENCION DE PRACTICAS DE LABORATORIO',48,1,2,1,1,1,1),(123,14,23,76,5,'','',49,1,1,1,1,15,1),(124,14,12,104,10,'','',49,1,1,1,1,15,1),(125,14,12,5,35,'','',49,1,1,1,1,15,1),(126,14,8,2,100,'','',49,1,1,1,1,15,1),(127,11,82,117,1,'','EL AREA DE CIENCIAS BASICAS SE ENCUENTRA EN LA ETAPA DE GENERACION DE UN LABORATORIO DE FISICA GENERAL, PARA ATENDER LAS NECESIDADES DE LOS NUEVOS PROGRAMAS DE FISICA, POR LO QUE NO CUENTA CON ESTOS EQUIPOS, NECESARIOS PARA ATENDER LOS FINES DIDACTICOS Y PEDAGOGICOS TANTO DE CATEDRATICOS COMO DE ALUMNOS.',5,1,2,1,1,1,1),(128,14,54,50,80,'','',49,1,1,1,1,15,1),(129,11,82,118,1,'','EL AREA DE CIENCIAS BASICAS SE ENCUENTRA EN LA ETAPA DE GENERACION DE UN LABORATORIO DE FISICA GENERAL, PARA ATENDER LAS NECESIDADES DE LOS NUEVOS PROGRAMAS DE FISICA, POR LO QUE NO CUENTA CON ESTOS EQUIPOS, NECESARIOS PARA ATENDER LOS FINES DIDACTICOS Y PEDAGOGICOS TANTO DE CATEDRATICOS COMO DE ALUMNOS.',5,1,1,1,1,1,1),(130,11,82,119,1,'','EL AREA DE CIENCIAS BASICAS SE ENCUENTRA EN LA ETAPA DE GENERACION DE UN LABORATORIO DE FISICA GENERAL, PARA ATENDER LAS NECESIDADES DE LOS NUEVOS PROGRAMAS DE FISICA, POR LO QUE NO CUENTA CON ESTOS EQUIPOS, NECESARIOS PARA ATENDER LOS FINES DIDACTICOS Y PEDAGOGICOS TANTO DE CATEDRATICOS COMO DE ALUMNOS.',6,1,1,1,1,1,1),(131,14,67,61,75,'','',52,1,1,2,4,30,1),(132,14,67,61,75,'','',52,1,2,2,4,30,1),(133,14,69,107,10,'','',52,1,1,2,4,30,1),(134,14,69,107,10,'','',52,1,2,2,4,30,1),(135,14,49,43,25,'','',52,1,1,2,4,30,1),(136,14,49,43,25,'','',52,1,2,2,4,30,1),(137,11,8,2,40,'','',7,1,1,1,3,12,1),(138,11,8,2,40,'','',7,1,2,1,3,12,1),(139,11,12,105,1,'','',7,1,1,1,3,12,1),(140,11,12,105,1,'','',7,1,2,1,3,12,1),(141,11,8,2,1,'','',8,1,1,1,3,12,1),(142,11,8,2,1,'','',8,1,2,1,3,12,1),(143,14,31,22,60,'','',50,1,1,1,1,19,1),(144,14,31,22,60,'','',50,1,2,1,1,19,1),(145,14,20,11,25,'','',50,1,1,1,1,19,1),(146,14,20,11,25,'','',50,1,2,1,1,19,1),(147,11,13,7,5,'','',9,1,1,1,3,12,1),(148,11,13,7,5,'','',9,1,2,1,3,12,1),(149,14,15,8,90,'','',50,1,1,1,1,19,1),(150,14,15,8,90,'','',50,1,2,1,1,19,1),(151,14,90,16,200,'','',50,1,1,1,1,19,1),(152,14,90,16,180,'','',50,1,2,1,1,19,1),(153,11,8,2,10,'','',10,1,1,1,1,19,1),(154,11,8,2,10,'','',10,1,2,1,1,19,1),(155,11,9,3,20,'','',11,1,1,1,1,19,1),(156,11,9,3,20,'','',11,1,2,1,1,19,1),(157,11,12,105,1,'','',11,1,1,1,1,19,1),(158,11,12,105,1,'','',11,1,2,1,1,19,1),(159,11,9,3,1,'','',10,1,1,1,1,19,1),(160,11,9,3,1,'','',10,1,2,1,1,19,1),(161,11,16,9,40,'','',12,1,1,1,1,19,1),(162,11,16,9,10,'','',12,1,2,1,1,19,1),(163,14,27,19,15,'','',50,1,1,1,1,19,1),(164,14,27,19,15,'','',50,1,2,1,1,19,1),(165,14,28,20,200,'','',50,1,1,1,1,19,1),(166,14,28,20,150,'','',50,1,2,1,1,19,1),(167,11,90,16,30,'','',12,1,1,1,1,19,1),(168,11,90,16,40,'','',12,1,2,1,1,19,1),(169,14,98,24,50,'','',50,1,1,1,1,19,1),(170,11,12,5,10,'','',13,1,1,1,1,19,1),(171,11,12,5,10,'','',13,1,2,1,1,19,1),(172,11,13,7,10,'','',13,1,1,1,1,19,1),(173,11,13,7,10,'','',13,1,2,1,1,19,1),(174,11,57,52,25,'','',13,1,1,1,1,19,1),(175,11,57,52,25,'','',13,1,2,1,1,19,1),(176,11,8,2,60,'','',16,1,1,1,1,27,1),(177,11,8,2,20,'','',16,1,2,1,1,27,1),(178,14,9,3,20,'','',50,1,1,1,1,19,1),(179,11,12,105,1,'','',16,1,1,1,1,27,1),(180,11,12,105,1,'','',16,1,2,1,1,27,1),(181,14,17,10,50,'','',50,1,1,1,1,19,1),(182,11,12,5,6,'','',16,1,1,1,1,27,1),(183,11,12,5,6,'','',16,1,2,1,1,27,1),(184,11,12,5,5,'','',16,1,1,1,1,27,1),(185,11,12,5,5,'','',16,1,2,1,1,27,1),(186,14,13,7,10,'','',50,1,1,1,1,19,1),(187,14,13,7,10,'','',50,1,2,1,1,19,1),(188,11,13,7,20,'','',16,1,1,1,1,27,1),(189,11,13,7,10,'','',16,1,2,1,1,27,1),(190,11,23,75,10,'','',16,1,1,1,1,27,1),(191,11,23,75,10,'','',16,1,2,1,1,27,1),(192,11,32,23,20,'','',16,1,1,1,1,27,1),(193,11,32,23,100,'','',16,1,2,1,1,27,1),(194,14,55,49,100,'','',50,1,1,1,1,19,1),(195,14,55,49,150,'','',50,1,2,1,1,19,1),(196,11,86,123,1,'','',18,1,2,1,1,27,1),(197,11,86,124,95,'','',18,1,2,1,1,27,1),(198,11,13,7,10,'','',46,1,1,1,1,15,1),(199,11,13,7,10,'','',46,1,2,1,1,15,1),(200,11,23,75,10,'','',46,1,1,1,1,15,1),(201,11,23,75,10,'','',46,1,2,1,1,15,1),(202,11,23,76,1,'','',46,1,1,1,1,15,1),(203,11,23,14,5,'','',46,1,1,1,1,15,1),(204,11,23,14,5,'','',46,1,2,1,1,15,1),(205,11,67,106,1,'','',46,1,1,1,1,15,1),(206,11,67,106,1,'','',46,1,2,1,1,15,1),(207,11,67,61,40,'','',46,1,1,1,1,15,1),(208,11,67,61,40,'','',46,1,2,1,1,15,1),(209,11,69,107,2,'','',46,1,1,1,1,15,1),(210,11,69,107,2,'','',46,1,2,1,1,15,1),(211,11,8,2,9,'','',8,1,1,1,3,12,1),(212,11,8,2,9,'','',8,1,2,1,3,12,1),(213,11,8,2,20,'','',15,1,1,3,8,22,1),(214,11,8,2,20,'','',15,1,2,3,8,22,1),(215,11,16,9,16,'','',15,1,1,3,8,22,1),(216,11,16,9,16,'','',15,1,2,3,8,22,1),(217,7,60,55,700,'','',53,1,2,3,7,38,1),(218,7,59,54,50,'','',54,1,1,3,7,38,1),(219,7,59,54,50,'','',54,1,2,3,7,38,1),(220,7,61,56,100,'','',54,1,1,3,7,38,1),(221,7,61,56,100,'','',54,1,2,3,7,38,1),(222,7,60,55,125,'','',54,1,1,3,7,38,1),(223,7,60,55,125,'','',54,1,2,3,7,38,1),(224,7,22,13,60,'','',54,1,1,3,7,38,1),(225,7,22,13,60,'','',54,1,2,3,7,38,1),(226,7,59,54,110,'','',55,1,1,3,7,38,1),(227,7,59,54,110,'','',55,1,2,3,7,38,1),(228,7,64,57,450,'','',56,1,1,3,7,38,1),(229,7,64,57,450,'','',56,1,2,3,7,38,1),(230,7,59,54,50,'','',56,1,1,3,7,38,1),(231,7,59,54,50,'','',56,1,2,3,7,38,1),(232,7,64,57,200,'','',56,1,1,3,7,38,1),(233,7,64,57,200,'','',56,1,2,3,7,38,1),(234,19,7,1,7093,'','',57,1,2,1,1,3,1),(235,19,7,1,875,'','',57,1,1,1,1,3,1),(236,19,7,1,875,'','',57,1,2,1,1,3,1),(237,19,8,2,15,'','',58,1,1,1,1,15,1),(238,19,8,2,15,'','',58,1,2,1,1,15,1),(239,19,12,5,210,'','',59,1,1,1,1,15,1),(240,19,12,5,210,'','',59,1,2,1,1,15,1),(241,19,71,126,1,'','PARA LA COORDINACION DE GESTION EMPRESARIAL',59,1,1,1,1,15,1),(242,19,79,127,1,'','PARA LA JEFATURA DE LA DIV. DE EST. PROFESIONALES DEBIDO A QUE NO EXISTE',59,1,1,1,1,15,1),(243,19,8,2,25,'','',60,1,1,1,1,15,1),(244,19,8,2,24,'','',60,1,2,1,1,15,1),(245,15,8,2,35,'','',61,1,1,1,1,1,1),(246,15,8,2,35,'','',61,1,2,1,1,1,1),(247,15,67,61,125,'','',63,1,1,1,3,2,1),(248,15,67,61,125,'','',63,1,2,1,3,2,1),(249,15,23,75,13,'','',64,1,1,1,1,15,1),(250,15,23,75,12,'','',64,1,2,1,1,15,1),(251,15,15,89,550,'','',65,1,1,1,1,19,1),(252,15,15,89,500,'','',65,1,2,1,1,19,1),(253,15,12,5,60,'','',66,1,1,1,1,27,1),(254,15,12,5,40,'','',66,1,2,1,1,27,1),(255,15,49,43,30,'','',67,1,1,2,4,30,1),(256,15,49,43,20,'','',67,1,2,2,4,30,1),(257,15,69,107,6,'','',68,1,1,2,4,30,1),(258,15,69,107,4,'','',68,1,2,2,4,30,1),(259,15,82,130,2,'','ATENCION A LA RECOMENDACION DE CIESS',62,1,1,1,1,1,1),(260,15,82,135,2,'','ATENCION A LA RECOMENDACION DE CIESS',62,1,1,1,1,1,1),(261,15,78,131,1,'','ATENCION A LA RECOMENDACION DE CIESS',62,1,1,1,1,1,1),(262,15,82,132,5,'','ATENCION RECOMENDACION DE CIESS',62,1,1,1,1,1,1),(263,15,82,133,5,'','ATENCION RECOMENDACION DE CIESS',62,1,1,1,1,1,1),(264,15,82,134,5,'','ATENCION A RECOMEDACION DE CIESS',62,1,1,1,1,1,1),(265,12,8,2,7,'','',82,1,1,1,1,1,1),(266,12,12,5,13,'','',82,1,1,1,1,1,1),(267,12,65,58,20,'','',82,1,1,1,1,1,1),(268,12,12,5,13,'','',83,1,1,1,1,3,1),(269,12,12,5,13,'','',83,1,2,1,1,3,1),(270,12,8,2,7,'','',83,1,1,1,1,3,1),(271,12,8,2,7,'','',83,1,2,1,1,3,1),(272,12,12,5,26,'','',84,1,1,1,1,15,1),(273,12,12,5,13,'','',84,1,2,1,1,15,1),(274,17,8,2,25,'','',98,1,1,2,4,30,1),(275,17,8,2,25,'','',98,1,2,2,4,30,1),(276,12,32,23,2,'','',84,1,1,1,1,15,1),(277,12,12,5,6,'','',84,1,1,1,1,15,1),(278,12,8,2,23,'','',84,1,1,1,1,15,1),(279,12,8,2,5,'','',84,1,2,1,1,15,1),(280,17,69,64,20,'','',98,1,1,2,4,30,1),(281,17,67,61,50,'','',94,1,1,1,3,12,1),(282,12,12,5,13,'','',85,1,1,1,1,15,1),(283,12,8,2,7,'','',85,1,1,1,1,15,1),(284,12,12,5,20,'','',99,1,1,1,1,19,1),(285,12,13,7,10,'','',99,1,1,1,1,19,1),(286,12,8,2,10,'','',88,1,1,1,1,27,1),(287,12,13,7,10,'','',88,1,1,1,1,27,1),(288,17,32,23,40,'','',96,1,1,1,1,27,1),(289,12,49,43,50,'','',88,1,1,1,1,27,1),(290,12,69,64,96,'','',88,1,1,1,1,27,1),(291,12,69,64,34,'','',88,1,2,1,1,27,1),(292,12,8,2,17,'','',89,1,2,1,1,27,1),(293,12,12,5,13,'','',89,1,2,1,1,27,1),(294,12,13,7,20,'','',90,1,2,1,3,6,1),(295,12,69,64,30,'','',90,1,1,1,3,6,1),(296,12,65,58,50,'','',91,1,1,1,3,12,1),(297,12,69,64,20,'','',91,1,1,1,3,12,1),(298,12,67,61,30,'','',91,1,1,1,3,12,1),(299,12,69,64,20,'','',92,1,1,1,3,12,1),(300,12,67,61,30,'','',92,1,1,1,3,12,1),(301,12,38,37,40,'','',93,1,1,1,3,12,1),(302,12,13,7,10,'','',93,1,1,1,3,12,1),(303,12,8,2,10,'','',93,1,1,1,3,12,1),(304,12,13,7,15,'','',87,1,1,1,1,27,1),(305,12,8,2,10,'','',87,1,1,1,1,27,1),(306,12,59,54,3,'','',87,1,1,1,1,27,1),(307,12,20,78,4,'','',87,1,1,1,1,27,1),(308,12,32,23,20,'','',87,1,1,1,1,27,1),(309,12,13,7,20,'','',88,1,2,1,1,27,1),(310,12,79,137,2,'','SE REQUIERE CREAR LAS IMAGENES Y RESTAURAR LAS MAQUINAS DE LABORATORIO, INSTALACION DE SOFTWARE',99,1,1,1,1,19,1),(311,12,79,138,1,'','PARA SISTEMA DE CONTROL DE ACCESO AL LABORATORIO Y GENERACION DE ESTADISTICAS',99,1,1,1,1,19,1),(312,12,79,139,1,'','SERVIRA PARA REPARACION DEL SERVIDOR DE RESPALDO DE LABORATORIO',99,1,1,1,1,19,1),(313,12,79,140,1,'','SERVICIO DE IMPRESION EN EL LABORATORIO PARA ALUMNOS Y DOCENTES',99,1,1,1,1,19,1),(314,12,72,141,1,'','SE FOTOCOPIARAN: MANUALES Y PRACTICAS DE LABORATORI PARA FORMAR ARCHIVOS DE RESPALDO Y SOPORTE PARA EXAMENES ESPECIALES Y GLOBALES, MANUALES PARA CURSOS, RETICULAS Y TRIPTICOS PARA VISITAS AL LABORATORIO Y PROMOCION DE LA CARRERA',99,1,1,1,1,19,1),(315,12,79,111,3,'','REMPLAZO DE EQUIPOS DESCOMPUESTOS DE LABORATORIOS',99,1,2,1,1,19,1),(316,12,77,143,1,'','PARA VIGILANCIA DE LOS EQUIPOS DE LABORATORIO DE SISTEMAS. ',99,1,1,1,1,19,1),(317,17,69,64,20,'','',94,1,1,1,3,12,1),(318,17,69,64,19,'','',94,1,2,1,3,12,1),(319,17,49,43,49,'','',95,1,1,1,3,12,1),(320,16,79,144,2,'','PARA LAB. DE ELEC Y ELECTRONICA, PLC',33,1,1,1,1,1,1),(321,17,12,105,2,'','',94,1,1,1,3,12,1),(322,17,12,105,2,'','',94,1,2,1,3,12,1),(323,17,12,104,5,'','',96,1,1,1,1,27,1),(324,17,12,104,5,'','',96,1,2,1,1,27,1),(325,25,8,2,60,'','',100,1,1,1,1,1,1),(326,25,8,2,60,'','',100,1,2,1,1,1,1),(327,25,9,3,25,'','',100,1,1,1,1,1,1),(328,25,9,3,25,'','',100,1,2,1,1,1,1),(329,25,12,5,40,'','',100,1,1,1,1,1,1),(330,25,12,5,40,'','',100,1,2,1,1,1,1),(331,25,15,8,70,'','',101,1,1,1,1,1,1),(332,25,15,8,70,'','',101,1,2,1,1,1,1),(333,25,20,11,25,'','',101,1,1,1,1,1,1),(334,25,20,11,25,'','',101,1,2,1,1,1,1),(335,25,23,14,600,'','',101,1,1,1,1,1,1),(336,25,23,14,600,'','',101,1,2,1,1,1,1),(337,25,31,22,15,'','',101,1,1,1,1,1,1),(338,25,31,22,15,'','',101,1,2,1,1,1,1),(339,25,32,23,40,'','',101,1,1,1,1,1,1),(340,25,32,23,40,'','',101,1,2,1,1,1,1),(341,25,77,145,1,'','ES DE VITAL IMPORTANCIA PARA LA COMUNICACION INTERNA EN EVENTOS DE INDOLE ACADEMICOS, VINCULACION, ENTRE OTROS.',100,1,1,1,1,1,1),(342,25,53,146,199,'','',102,1,1,1,1,1,1),(343,25,53,146,199,'','',102,1,2,1,1,1,1),(344,25,13,147,1,'','',102,1,1,1,1,1,1),(345,25,13,147,1,'','',102,1,2,1,1,1,1),(346,17,49,43,50,'','',97,1,1,1,1,27,1),(347,17,69,64,20,'','',98,1,2,2,4,30,1),(348,17,67,106,2,'','',98,1,1,2,4,30,1),(349,17,67,106,2,'','',98,1,2,2,4,30,1),(350,17,49,43,15,'','',98,1,1,2,4,30,1),(351,17,49,43,15,'','',98,1,2,2,4,30,1),(352,18,67,106,6,'','',115,1,1,1,1,13,1),(353,18,67,106,6,'','',115,1,2,1,1,13,1),(354,18,69,107,2,'','',115,1,1,1,1,13,1),(355,18,69,107,2,'','',115,1,2,1,1,13,1),(356,18,8,2,50,'','',115,1,1,1,1,13,1),(357,18,8,2,50,'','',115,1,2,1,1,13,1),(358,18,67,106,6,'','',116,1,2,1,3,6,1),(359,18,69,107,2,'','',116,1,2,1,3,6,1),(360,18,73,110,2,'','PARA APOYO A DOCENTES EN LA ENSEÑANZA-APRENDIZAJE',22,1,2,3,8,22,1),(361,18,23,14,22,'','',22,1,1,3,8,22,1),(362,18,15,101,21,'','',22,1,1,3,8,22,1),(363,18,15,101,21,'','',22,1,2,3,8,22,1),(364,18,12,5,30,'','',22,1,1,3,8,22,1),(365,18,12,5,30,'','',22,1,2,3,8,22,1),(366,9,8,2,10,'','',103,1,2,1,1,15,1),(367,9,8,2,50,'','',103,1,2,1,1,15,1),(368,18,23,75,30,'','',22,1,1,3,8,22,1),(369,18,73,149,1,'','PARA CURSOS A DOCENTES',22,1,2,3,8,22,1),(370,9,8,2,10,'','',105,1,2,1,1,15,1),(371,18,72,150,1,'','PARA CURSOS A DOCENTES',22,1,2,3,8,22,1),(372,9,46,41,2100,'','',105,1,1,1,1,15,1),(373,18,67,106,20,'','',19,1,1,1,3,12,1),(374,18,67,106,20,'','',19,1,2,1,3,12,1),(375,18,69,107,12,'','',19,1,1,1,3,12,1),(376,18,69,107,12,'','',19,1,2,1,3,12,1),(377,18,38,37,75,'','',19,1,1,1,3,12,1),(378,18,38,37,75,'','',19,1,2,1,3,12,1),(379,18,32,23,70,'','',32,1,1,1,1,15,1),(380,18,32,23,70,'','',32,1,2,1,1,15,1),(381,18,38,37,250,'','',20,1,1,1,3,12,1),(382,18,38,37,250,'','',20,1,2,1,3,12,1),(383,18,13,147,25,'','',20,1,1,1,3,12,1),(384,18,13,147,30,'','',20,1,2,1,3,12,1),(385,9,12,105,12,'','',106,1,1,1,1,15,1),(386,9,12,105,12,'','',106,1,2,1,1,15,1),(387,18,12,5,3,'','',20,1,1,1,3,12,1),(388,18,12,5,3,'','',20,1,2,1,3,12,1),(389,18,12,105,8,'','',20,1,1,1,3,12,1),(390,18,12,105,8,'','',20,1,2,1,3,12,1),(391,9,8,2,44,'','',106,1,2,1,1,15,1),(392,18,65,58,30,'','',21,1,1,1,3,12,1),(393,18,65,58,30,'','',21,1,2,1,3,12,1),(394,9,8,2,650,'','',106,1,2,1,1,15,1),(395,9,8,2,10,'','',107,1,1,4,13,14,1),(396,9,8,2,10,'','',107,1,2,4,13,14,1),(397,18,67,106,2,'','',20,1,1,1,3,12,1),(398,18,67,106,1,'','',20,1,2,1,3,12,1),(399,18,69,107,1,'','',20,1,1,1,3,12,1),(400,18,69,107,1,'','',20,1,2,1,3,12,1),(401,9,67,106,1,'','',108,1,1,4,13,14,1),(402,9,67,106,1,'','',108,1,2,4,13,14,1),(403,18,29,21,3,'','',20,1,1,1,3,12,1),(404,18,29,21,3,'','',20,1,2,1,3,12,1),(405,9,8,2,10,'','',112,1,1,1,18,16,1),(406,9,8,2,20,'','',113,1,1,2,4,30,1),(407,23,20,11,1680,'','',121,1,1,1,1,1,1),(408,23,20,11,1680,'','',121,1,2,1,1,1,1),(409,23,21,12,410,'','',121,1,1,1,1,1,1),(410,23,21,12,410,'','',121,1,2,1,1,1,1),(411,23,56,51,4900,'','',121,1,1,1,1,1,1),(412,23,56,51,4900,'','',121,1,2,1,1,1,1),(413,23,9,3,350,'','',121,1,1,1,1,1,1),(414,23,9,3,350,'','',121,1,2,1,1,1,1),(415,23,8,2,75,'','',121,1,1,1,1,1,1),(416,23,8,2,75,'','',121,1,2,1,1,1,1),(417,23,12,5,60,'','',121,1,1,1,1,1,1),(418,23,12,5,60,'','',121,1,2,1,1,1,1),(419,23,13,7,150,'','',121,1,1,1,1,1,1),(420,23,13,7,150,'','',121,1,2,1,1,1,1),(421,23,11,4,25,'','',121,1,1,1,1,1,1),(422,23,11,4,25,'','',121,1,2,1,1,1,1),(423,23,15,8,100,'','',121,1,1,1,1,1,1),(424,23,15,8,50,'','',121,1,2,1,1,1,1),(425,23,46,41,1200,'','',122,1,1,1,1,15,1),(426,23,57,52,2700,'','',122,1,1,1,1,15,1),(427,23,57,52,2700,'','',122,1,2,1,1,15,1),(428,23,51,45,3900,'','',122,1,1,1,1,15,1),(429,23,51,45,3900,'','',122,1,2,1,1,15,1),(430,23,41,30,750,'','',122,1,1,1,1,15,1),(431,23,41,30,750,'','',122,1,2,1,1,15,1),(432,23,13,7,225,'','',122,1,1,1,1,15,1),(433,23,13,7,225,'','',122,1,2,1,1,15,1),(434,23,57,52,1200,'','',122,1,1,1,1,15,1),(435,23,57,52,1200,'','',122,1,2,1,1,15,1),(436,23,32,23,500,'','',122,1,1,1,1,15,1),(437,23,58,53,600,'','',123,1,1,3,9,26,1),(438,23,58,53,600,'','',123,1,2,3,9,26,1),(439,23,29,21,350,'','',123,1,1,3,9,26,1),(440,23,29,21,350,'','',123,1,2,3,9,26,1),(441,23,49,43,150,'','',123,1,1,3,9,26,1),(442,23,49,43,150,'','',123,1,2,3,9,26,1),(443,9,26,18,150,'','',124,1,1,1,1,3,1),(444,9,26,18,150,'','',124,1,2,1,1,3,1),(445,9,8,2,40,'','',125,1,1,1,1,3,1),(446,9,8,2,40,'','',125,1,2,1,1,3,1),(447,9,12,5,20,'','',126,1,1,1,1,3,1),(448,9,12,105,10,'','',126,1,1,1,1,3,1),(449,9,8,2,40,'','',126,1,2,1,1,3,1),(450,9,8,2,20,'','',127,1,2,1,1,3,1),(451,9,69,108,10,'','',127,1,1,1,1,3,1),(452,9,69,108,10,'','',127,1,2,1,1,3,1),(453,9,67,61,100,'','',127,1,1,1,1,3,1),(454,9,67,61,400,'','',127,1,2,1,1,3,1),(455,22,8,2,39,'','',117,1,1,3,7,38,1),(456,22,8,2,20,'','',117,1,2,3,7,38,1),(457,22,12,105,4,'','',117,1,1,3,7,38,1),(458,22,12,105,6,'','',117,1,2,3,7,38,1),(459,22,13,7,5,'','',117,1,1,3,7,38,1),(460,22,13,7,5,'','',117,1,2,3,7,38,1),(461,22,16,9,20,'','',117,1,1,3,7,38,1),(462,22,16,9,8,'','',117,1,2,3,7,38,1),(463,22,32,23,20,'','',117,1,1,3,7,38,1),(464,22,32,23,5,'','',117,1,2,3,7,38,1),(465,22,92,40,35,'','',117,1,1,3,7,38,1),(466,22,92,40,35,'','',117,1,2,3,7,38,1),(467,22,53,146,3,'','',117,1,1,3,7,38,1),(468,22,53,146,2,'','',117,1,2,3,7,38,1),(469,20,65,58,100,'','',144,1,1,1,2,36,1),(470,20,86,124,800,'','',144,1,2,1,2,36,1),(471,22,109,151,80,'','',117,1,1,3,7,38,1),(472,22,67,61,90,'','',117,1,1,3,7,38,1),(473,22,67,61,90,'','',117,1,2,3,7,38,1),(474,9,79,140,1,'','PARA IMPRESION DE TITULOS ',127,1,2,1,1,3,1),(475,22,69,107,6,'','',117,1,1,3,7,38,1),(476,22,69,107,6,'','',117,1,2,3,7,38,1),(477,9,79,111,2,'','PARA FOTOCREDENCIALIZACION DE ESTUDIANTES',127,1,2,1,1,3,1),(478,20,90,16,70,'','',145,1,2,1,2,36,1),(479,22,8,2,10,'','',118,1,1,3,7,38,1),(480,22,8,2,2,'','',118,1,2,3,7,38,1),(481,22,12,105,1,'','',118,1,1,3,7,38,1),(482,22,12,105,1,'','',118,1,2,3,7,38,1),(483,22,13,147,1,'','',118,1,1,3,7,38,1),(484,20,15,8,44,'','',145,1,2,1,2,36,1),(485,22,16,9,5,'','',118,1,1,3,7,38,1),(486,9,8,2,10,'','',114,1,1,2,4,30,1),(487,9,8,2,10,'','',114,1,2,2,4,30,1),(488,22,32,23,2,'','',118,1,1,3,7,38,1),(489,22,92,40,10,'','',118,1,1,3,7,38,1),(490,22,92,40,5,'','',118,1,2,3,7,38,1),(491,20,16,9,20,'','',145,1,2,1,2,36,1),(492,22,53,146,1,'','',118,1,1,3,7,38,1),(493,20,12,5,60,'','',145,1,2,1,2,36,1),(494,20,12,5,60,'','',145,1,2,1,2,36,1),(495,22,109,151,16,'','',118,1,1,3,7,38,1),(496,22,67,61,18,'','',118,1,1,3,7,38,1),(497,22,67,61,18,'','',118,1,2,3,7,38,1),(498,22,69,107,1,'','',118,1,1,3,7,38,1),(499,22,8,2,10,'','',119,1,1,3,7,38,1),(500,22,12,104,6,'','',119,1,1,3,7,38,1),(501,22,16,9,5,'','',119,1,1,3,7,38,1),(502,22,32,23,2,'','',119,1,1,3,7,38,1),(503,22,92,40,10,'','',119,1,1,3,7,38,1),(504,22,92,40,5,'','',119,1,2,3,7,38,1),(505,22,53,146,1,'','',119,1,1,3,7,38,1),(506,22,109,151,16,'','',119,1,1,3,7,38,1),(507,22,67,61,18,'','',119,1,1,3,7,38,1),(508,22,67,61,18,'','',119,1,2,3,7,38,1),(509,22,69,107,1,'','',119,1,1,3,7,38,1),(510,22,8,2,30,'','',120,1,1,3,7,38,1),(511,22,8,2,5,'','',120,1,2,3,7,38,1),(512,22,12,105,4,'','',120,1,1,3,7,38,1),(513,22,12,105,3,'','',120,1,2,3,7,38,1),(514,22,16,9,16,'','',120,1,1,3,7,38,1),(515,22,32,23,7,'','',120,1,1,3,7,38,1),(516,22,92,40,20,'','',120,1,1,3,7,38,1),(517,22,92,40,20,'','',120,1,2,3,7,38,1),(518,22,53,146,3,'','',120,1,1,3,7,38,1),(519,22,109,151,45,'','',120,1,1,3,7,38,1),(520,22,67,61,40,'','',120,1,1,3,7,38,1),(521,22,67,61,40,'','',120,1,2,3,7,38,1),(522,22,69,107,1,'','',120,1,1,3,7,38,1),(523,22,67,61,8,'','',120,1,1,3,7,38,1),(524,5,8,2,15,'','',148,1,1,3,7,38,1),(525,5,8,2,40,'','',148,1,2,3,7,38,1),(526,5,12,5,75,'','',148,1,1,3,7,38,1),(527,5,12,5,75,'','',148,1,2,3,7,38,1),(528,5,13,7,5,'','',148,1,1,3,7,38,1),(529,5,13,7,5,'','',148,1,2,3,7,38,1),(530,5,67,106,3,'','',147,1,1,1,1,1,1),(531,5,67,106,3,'','',147,1,2,1,1,1,1),(532,5,69,107,2,'','',147,1,1,1,1,1,1),(533,5,69,107,2,'','',147,1,2,1,1,1,1),(534,5,67,106,6,'','',148,1,1,3,7,38,1),(535,5,67,106,6,'','',148,1,2,3,7,38,1),(536,5,69,107,5,'','',148,1,1,3,7,38,1),(537,5,69,107,5,'','',148,1,2,3,7,38,1),(538,5,67,61,5,'','',149,1,1,3,6,40,1),(539,5,67,61,5,'','',149,1,2,3,6,40,1),(540,5,16,9,10,'','',148,1,1,3,7,38,1),(541,5,16,9,10,'','',148,1,2,3,7,38,1),(542,5,56,51,50,'','',147,1,1,1,1,1,1),(543,5,56,51,50,'','',147,1,2,1,1,1,1),(544,5,73,110,5,'','EQUIPAMIENTO DE AULAS CON TIC´S',150,1,1,3,8,22,1),(545,5,73,110,4,'','EQUIPAMIENTO DE AULAS CON TIC´S',150,1,2,3,8,22,1),(546,5,73,149,5,'','PARA EQUIPAMIENTO DE SALONES CON TIC´S',150,1,1,3,8,22,1),(547,5,73,149,6,'','PARA EQUIPAMIENTO DE SALONES CON TIC´S',150,1,2,3,8,22,1),(548,5,32,23,10,'','',147,1,2,1,1,1,1),(549,21,64,57,500,'','',151,1,1,3,9,26,1),(550,21,64,57,250,'','',151,1,2,3,9,26,1),(551,21,67,61,385,'','',152,1,1,3,7,38,1),(552,21,67,61,385,'','',152,1,2,3,7,38,1),(553,21,69,64,240,'','',152,1,1,3,7,38,1),(554,21,69,64,240,'','',152,1,2,3,7,38,1),(555,21,8,2,50,'','',153,1,1,4,12,42,1),(556,21,8,2,50,'','',153,1,2,4,12,42,1),(557,21,12,5,50,'','',153,1,1,4,12,42,1),(558,21,12,5,50,'','',153,1,2,4,12,42,1),(559,21,13,7,100,'','',153,1,1,4,12,42,1),(560,21,13,7,100,'','',153,1,2,4,12,42,1),(561,21,8,2,55,'','',154,1,1,4,12,42,1),(562,21,8,2,55,'','',154,1,2,4,12,42,1),(563,21,12,5,55,'','',154,1,1,4,12,42,1),(564,21,12,5,55,'','',154,1,2,4,12,42,1),(565,21,35,26,15,'','',154,1,1,4,12,42,1),(566,21,35,26,15,'','',154,1,2,4,12,42,1),(567,21,53,48,15,'','',154,1,1,4,12,42,1),(568,21,53,48,15,'','',154,1,2,4,12,42,1),(569,11,82,153,1,'','EL AREA DE CIENCIAS BASICAS SE ENCUENTRA EN LA ETAPA DE GENERACION DE UN LABORATORIO DE FISICA GENERAL, PARA ATENDER LAS NECESIDADES DE LOS NUEVOS PROGRAMAS DE FISICA, POR LO QUE NO CUENTA CON ESTOS EQUIPOS, NECESARIOS PARA ATENDER LOS FINES DIDACTICOS Y PEDAGOGICOS TANTO DE CATEDRATICOS COMO DE ALUMNOS. ',6,1,1,1,1,1,1),(570,3,8,2,620,'','',155,1,1,3,7,37,1),(571,3,8,2,625,'','',155,1,2,3,7,37,1),(572,3,88,6,300,'','',155,1,1,3,7,37,1),(573,3,88,6,600,'','',155,1,2,3,7,37,1),(574,3,13,147,40,'','',155,1,1,3,7,37,1),(575,3,13,147,40,'','',155,1,2,3,7,37,1),(576,3,43,32,45,'','',155,1,1,3,7,37,1),(577,3,94,46,525,'','',155,1,1,3,7,37,1),(578,3,94,46,525,'','',155,1,2,3,7,37,1),(579,3,56,51,250,'','',155,1,2,3,7,37,1),(580,3,67,106,20,'','',155,1,1,3,7,37,1),(581,3,67,106,20,'','',155,1,2,3,7,37,1),(582,3,69,107,10,'','',155,1,1,3,7,37,1),(583,3,69,107,10,'','',155,1,2,3,7,37,1),(584,3,73,149,18,'','EQUIP. DE SALONES CON TIC´S',155,1,2,3,7,37,1),(585,3,71,128,11,'','PARA EQUIPAMIENTO DE AULAS',155,1,1,3,7,37,1),(586,3,71,128,12,'','PARA EQUIPAMIENTO DE AULAS',155,1,2,3,7,37,1),(587,2,8,2,40,'','',157,1,1,3,7,37,1),(588,2,8,2,40,'','',157,1,2,3,7,37,1),(589,2,11,4,50,'','',157,1,1,3,7,37,1),(590,2,11,4,50,'','',157,1,2,3,7,37,1),(591,8,8,2,300,'','',163,1,1,3,9,26,1),(592,8,8,2,60,'','',163,1,2,3,9,26,1),(593,2,53,48,160,'','',157,1,1,3,7,37,1),(594,2,53,48,160,'','',157,1,2,3,7,37,1),(595,2,8,2,30,'','',158,1,1,3,6,40,1),(596,2,8,2,30,'','',158,1,2,3,6,40,1),(597,2,11,4,20,'','',158,1,1,3,6,40,1),(598,2,11,4,20,'','',158,1,2,3,6,40,1),(599,3,73,110,8,'','Equipamiento de aulas',155,1,1,3,7,37,1),(600,3,73,110,7,'','Equipamiento de aulas',155,1,2,3,7,37,1),(601,2,12,5,20,'','',158,1,1,3,6,40,1),(602,2,12,5,20,'','',158,1,2,3,6,40,1),(603,2,13,7,50,'','',158,1,1,3,6,40,1),(604,2,13,7,50,'','',158,1,2,3,6,40,1),(605,2,29,21,5,'','',158,1,1,3,6,40,1),(606,2,29,21,5,'','',158,1,2,3,6,40,1),(607,2,35,26,5,'','',158,1,1,3,6,40,1),(608,2,35,26,5,'','',158,1,2,3,6,40,1),(609,2,67,61,120,'','',158,1,1,3,6,40,1),(610,2,67,61,120,'','',158,1,2,3,6,40,1),(611,2,69,64,50,'','',158,1,1,3,6,40,1),(612,2,69,64,50,'','',158,1,2,3,6,40,1),(613,3,79,111,8,'','Equipamiento de aulas',155,1,1,3,7,37,1),(614,3,79,111,8,'','Equipamiento de aulas',155,1,2,3,7,37,1),(615,2,8,2,20,'','',161,1,1,2,4,31,1),(616,2,8,2,20,'','',161,1,2,2,4,31,1),(617,2,12,5,20,'','',161,1,1,2,4,31,1),(618,2,12,5,20,'','',161,1,2,2,4,31,1),(619,2,13,7,75,'','',161,1,1,2,4,31,1),(620,2,13,7,225,'','',161,1,2,2,4,31,1),(621,2,29,21,15,'','',161,1,1,2,4,31,1),(622,2,29,21,15,'','',161,1,2,2,4,31,1),(623,2,60,55,60,'','',161,1,2,2,4,31,1),(624,2,60,55,60,'','',161,1,2,2,4,31,1),(625,3,79,140,2,'','Equipamiento de lab. y areas adminsitrativas',155,1,1,3,7,37,1),(626,3,79,140,2,'','Equipamiento de lab. y areas adminsitrativas',155,1,2,3,7,37,1),(627,8,12,104,10,'','',163,1,1,3,9,26,1),(628,8,12,104,10,'','',163,1,2,3,9,26,1),(629,2,64,57,75,'','',161,1,1,2,4,31,1),(630,2,64,57,75,'','',161,1,2,2,4,31,1),(631,2,67,61,40,'','',161,1,1,2,4,31,1),(632,2,67,61,40,'','',161,1,2,2,4,31,1),(633,8,12,105,2,'','',163,1,1,3,9,26,1),(634,8,12,105,2,'','',163,1,2,3,9,26,1),(635,2,69,64,20,'','',161,1,1,2,4,31,1),(636,2,69,64,20,'','',161,1,2,2,4,31,1),(637,2,44,33,25,'','',161,1,1,2,4,31,1),(638,2,44,33,25,'','',161,1,2,2,4,31,1),(639,2,13,7,35,'','',162,1,1,1,1,15,1),(640,2,13,7,35,'','',162,1,2,1,1,15,1),(641,8,15,8,12,'','',163,1,1,3,9,26,1),(642,8,15,8,12,'','',163,1,2,3,9,26,1),(643,3,79,156,1,'','PARA USO DEL LAB. DE COMPUTO DE ELECTRONICA',155,1,2,3,7,37,1),(644,2,85,155,75,'','',162,1,1,1,1,15,1),(645,2,85,155,75,'','',162,1,2,1,1,15,1),(646,3,79,160,2,'','PARA USO DE INTERNET DE LOS ALUMNOS',155,1,2,3,7,37,1),(647,3,72,158,1,'','EL PROGRAMA NECESITA ESTE SERVICIO PARA LOS ALUMNOS Y REPRODUCCION DE MATERIAL',155,1,1,3,7,37,1),(648,8,73,154,1,'','PARA EVENTOS DEPORTIVOS Y CULTURALES.',163,1,1,3,9,26,1),(649,3,71,159,1,'','RESGUARDAR LOS DOCUMENTOS DE LOS PARTICIPANTES',155,1,2,3,7,37,1),(650,3,72,161,8,'','PARA AULAS ',155,1,1,3,7,37,1),(651,3,72,161,9,'','PARA AULAS ',155,1,2,3,7,37,1),(652,8,79,111,1,'','PARA EL PROCESO DE INSCRIPCIONES DEL DEPARTAMENTO.',163,1,2,3,9,26,1),(653,6,8,2,10,'','',170,1,1,2,4,29,1),(654,6,8,2,10,'','',170,1,2,2,4,29,1),(655,6,12,5,30,'','',170,1,1,2,4,29,1),(656,6,12,5,50,'','',170,1,2,2,4,29,1),(657,6,13,7,50,'','',170,1,1,2,4,29,1),(658,6,15,8,24,'','',170,1,2,2,4,29,1),(659,6,16,9,24,'','',170,1,1,2,4,29,1),(660,8,85,155,300,'','',163,1,1,3,9,26,1),(661,6,79,163,1,'','PARA LA IMPRESION DE DOCUMENTOS DE ALUMNOS DE SERVICIO SOCIAL, RESIDENTES Y EGRESADOS',170,1,1,2,4,29,1),(662,6,49,43,20,'','',170,1,2,2,4,29,1),(663,8,85,155,353,'','',164,1,2,3,9,26,1),(664,6,53,48,20,'','',170,1,1,2,4,29,1),(665,6,54,50,10,'','',170,1,1,2,4,29,1),(666,6,69,64,25,'','',170,1,1,2,4,29,1),(667,6,69,64,25,'','',170,1,2,2,4,29,1),(668,6,67,61,25,'','',170,1,1,2,4,29,1),(669,6,67,61,25,'','',170,1,2,2,4,29,1),(670,8,69,108,3,'','',164,1,2,3,9,26,1),(671,6,7,1,500,'','',171,1,1,1,1,28,1),(672,6,7,1,500,'','',171,1,2,1,1,28,1),(673,6,102,116,210,'','',171,1,1,1,1,28,1),(674,6,102,116,210,'','',171,1,2,1,1,28,1),(675,6,8,2,50,'','',171,1,1,1,1,28,1),(676,6,8,2,50,'','',171,1,2,1,1,28,1),(677,6,12,5,25,'','',171,1,1,1,1,28,1),(678,6,12,5,25,'','',171,1,2,1,1,28,1),(679,6,65,58,75,'','',171,1,1,1,1,28,1),(680,6,65,58,75,'','',171,1,2,1,1,28,1),(681,2,86,124,75,'','',162,1,1,1,1,15,1),(682,2,86,124,75,'','',162,1,2,1,1,15,1),(683,6,94,46,250,'','',171,1,1,1,1,28,1),(684,6,94,46,250,'','',171,1,2,1,1,28,1),(685,2,29,21,15,'','',162,1,1,1,1,15,1),(686,2,29,21,15,'','',162,1,2,1,1,15,1),(687,6,8,2,10,'','',172,1,1,2,4,35,1),(688,6,8,2,10,'','',172,1,2,2,4,35,1),(689,6,13,7,20,'','',172,1,1,2,4,35,1),(690,6,13,7,20,'','',172,1,2,2,4,35,1),(691,2,71,162,2,'','PARA USO DE PERSONAL ADMINISTRATIVO ',156,1,1,1,1,1,1),(692,6,94,46,10,'','',172,1,1,2,4,35,1),(693,6,94,46,10,'','',172,1,2,2,4,35,1),(694,6,67,61,10,'','',172,1,1,2,4,35,1),(695,6,67,61,10,'','',172,1,2,2,4,35,1),(696,8,85,155,692,'','',165,1,2,3,9,26,1),(697,6,15,8,10,'','',175,1,1,2,4,31,1),(698,6,20,11,10,'','',175,1,2,2,4,31,1),(699,6,29,21,450,'','',175,1,1,2,4,31,1),(700,6,29,21,400,'','',175,1,2,2,4,31,1),(701,6,32,23,60,'','',175,1,1,2,4,31,1),(702,6,32,23,60,'','',175,1,2,2,4,31,1),(703,8,69,108,38,'','',165,1,2,3,9,26,1),(704,6,23,14,10,'','',175,1,1,2,4,31,1),(705,6,23,14,10,'','',175,1,2,2,4,31,1),(706,6,8,2,10,'','',175,1,1,2,4,31,1),(707,6,8,2,10,'','',175,1,2,2,4,31,1),(708,6,13,7,35,'','',175,1,1,2,4,31,1),(709,6,13,7,30,'','',175,1,2,2,4,31,1),(710,2,77,186,1,'',' ES NECESARIO PARA LA DIFUSION DE LOS DIVERSOS EVENTOS ACADEMICOS, CULTURALES Y DE INVESTIGACION, SOBRE TODO EN LAS SEDES DE EDUCACION A DISTANCIA.',156,1,2,1,1,1,1),(711,6,22,13,75,'','',175,1,1,2,4,31,1),(712,6,22,13,75,'','',175,1,2,2,4,31,1),(713,6,12,5,35,'','',175,1,1,2,4,31,1),(714,6,12,5,35,'','',175,1,2,2,4,31,1),(715,6,59,54,12,'','',175,1,1,2,4,31,1),(716,6,59,54,13,'','',175,1,2,2,4,31,1),(717,6,100,35,50,'','',175,1,1,2,4,31,1),(718,6,100,35,50,'','',175,1,2,2,4,31,1),(719,6,44,33,25,'','',175,1,1,2,4,31,1),(720,6,44,33,25,'','',175,1,2,2,4,31,1),(721,6,91,39,15,'','',175,1,1,2,4,31,1),(722,6,91,39,15,'','',175,1,2,2,4,31,1),(723,6,35,26,15,'','',175,1,1,2,4,31,1),(724,6,35,26,15,'','',175,1,2,2,4,31,1),(725,8,85,155,1254,'','',166,1,1,3,9,26,1),(726,8,69,108,13,'','',166,1,1,3,9,26,1),(727,2,79,111,1,'','ATENCION DE ALUMNOS EN INSCRIPCIONES Y REINSCRIPCIONES.',156,1,1,1,1,1,1),(728,2,79,140,1,'','PARA USO DE LA SECRETARIA YA QUE NO CUENTA CON EQUIPO DE IMPRESION',156,1,1,1,1,1,1),(729,8,49,43,70,'','',166,1,1,3,9,26,1),(730,2,73,110,1,'','PARA EQUIPAMIENTO DE LA SALA DE JUNTAS',156,1,1,1,1,1,1),(731,8,85,155,520,'','',167,1,2,3,9,26,1),(732,6,15,8,10,'','',173,1,1,1,1,27,1),(733,6,8,2,7,'','',173,1,1,1,1,27,1),(734,6,8,2,8,'','',173,1,2,1,1,27,1),(735,6,12,5,35,'','',173,1,1,1,1,27,1),(736,6,12,5,35,'','',173,1,2,1,1,27,1),(737,8,85,155,202,'','',167,1,2,3,9,26,1),(738,6,13,7,50,'','',173,1,1,1,1,27,1),(739,6,13,7,60,'','',173,1,2,1,1,27,1),(740,6,22,13,70,'','',173,1,1,1,1,27,1),(741,6,22,13,70,'','',173,1,2,1,1,27,1),(742,6,20,11,22,'','',173,1,1,1,1,27,1),(743,6,20,11,13,'','',173,1,2,1,1,27,1),(744,8,69,108,11,'','',167,1,2,3,9,26,1),(745,6,29,21,40,'','',173,1,1,1,1,27,1),(746,6,29,21,40,'','',173,1,2,1,1,27,1),(747,8,29,21,142,'','',167,1,2,3,9,26,1),(748,6,67,61,120,'','',173,1,1,1,1,27,1),(749,6,67,61,130,'','',173,1,2,1,1,27,1),(750,6,69,64,100,'','',173,1,1,1,1,27,1),(751,6,69,64,100,'','',173,1,2,1,1,27,1),(752,8,32,23,315,'','',167,1,2,3,9,26,1),(753,6,49,43,50,'','',173,1,1,1,1,27,1),(754,6,49,43,50,'','',173,1,2,1,1,27,1),(755,6,35,26,10,'','',173,1,1,1,1,27,1),(756,6,35,26,10,'','',173,1,2,1,1,27,1),(757,6,100,35,30,'','',173,1,1,1,1,27,1),(758,6,100,35,40,'','',173,1,2,1,1,27,1),(759,6,44,33,50,'','',173,1,1,1,1,27,1),(760,6,44,33,50,'','',173,1,2,1,1,27,1),(761,6,65,58,500,'','',173,1,1,1,1,27,1),(762,6,65,58,500,'','',173,1,2,1,1,27,1),(763,6,86,124,625,'','',173,1,1,1,1,27,1),(764,6,86,124,625,'','',173,1,2,1,1,27,1),(765,2,8,2,20,'','',162,1,1,1,1,15,1),(766,2,8,2,20,'','',162,1,2,1,1,15,1),(767,6,79,165,1,'','PARA PROYECCION Y CAPTURA DE DATOS REFERENTES A SERVICIOS SOCIAL, RESIDENTES Y EVENTOS DE VINCULACION',173,1,1,1,1,27,1),(768,6,8,2,25,'','',174,1,1,2,4,33,1),(769,6,8,2,25,'','',174,1,2,2,4,33,1),(770,6,12,5,25,'','',174,1,1,2,4,33,1),(771,6,12,5,25,'','',174,1,2,2,4,33,1),(772,6,13,7,50,'','',174,1,1,2,4,33,1),(773,6,13,7,50,'','',174,1,2,2,4,33,1),(774,8,32,23,500,'','',169,1,1,3,9,26,1),(775,8,85,167,800,'','',168,1,1,3,9,26,1),(776,8,32,23,460,'','',168,1,1,3,9,26,1),(777,8,99,25,240,'','',168,1,1,3,9,26,1),(778,6,8,2,200,'','',182,1,2,2,4,31,1),(779,6,11,4,700,'','',182,1,2,2,4,31,1),(780,6,67,61,700,'','',182,1,2,2,4,31,1),(781,20,8,2,5,'','',128,1,1,1,18,4,1),(782,20,8,2,5,'','',128,1,2,1,18,4,1),(783,6,69,64,300,'','',182,1,2,2,4,31,1),(784,6,64,57,700,'','',182,1,2,2,4,31,1),(785,20,8,2,5,'','',129,1,1,1,18,4,1),(786,20,8,2,5,'','',129,1,2,1,18,4,1),(787,3,52,47,2500,'','',155,1,1,3,7,37,1),(788,3,52,47,2500,'','',155,1,2,3,7,37,1),(789,20,88,6,2,'','',130,1,1,1,18,4,1),(790,20,88,6,2,'','',130,1,2,1,18,4,1),(791,3,71,126,3,'','PARA ADECUAR LOS ESPACIOS DEL EDIFICIO Q PARA EL DIPLOMADO PROFORDEMS',155,1,1,3,7,37,1),(792,3,71,126,3,'','PARA ADECUAR LOS ESPACIOS DEL EDIFICIO Q PARA EL DIPLOMADO PROFORDEMS',155,1,2,3,7,37,1),(793,3,12,105,11,'','',155,1,1,3,7,37,1),(794,3,12,105,11,'','',155,1,2,3,7,37,1),(795,20,8,2,5,'','',130,1,1,1,18,4,1),(796,20,12,5,2,'','',131,1,1,1,18,4,1),(797,20,12,5,2,'','',131,1,2,1,18,4,1),(798,20,67,61,20,'','',132,1,1,1,2,8,1),(799,20,67,61,20,'','',132,1,2,1,2,8,1),(800,20,69,108,2,'','',132,1,1,1,2,8,1),(801,20,69,108,2,'','',132,1,2,1,2,8,1),(802,20,69,107,2,'','',132,1,1,1,2,8,1),(803,20,69,107,2,'','',132,1,2,1,2,8,1),(804,20,8,2,2,'','',133,1,1,1,2,8,1),(805,20,8,2,2,'','',133,1,2,1,2,8,1),(806,20,12,105,1,'','',133,1,1,1,2,8,1),(807,20,12,105,1,'','',133,1,2,1,2,8,1),(808,20,67,61,15,'','',141,1,1,1,18,16,1),(809,20,67,61,15,'','',141,1,2,1,18,16,1),(810,20,69,108,2,'','',141,1,1,1,18,16,1),(811,20,69,108,2,'','',141,1,2,1,18,16,1),(812,20,59,54,2,'','',141,1,1,1,18,16,1),(813,20,59,54,2,'','',141,1,2,1,18,16,1),(814,20,8,2,5,'','',145,1,1,1,2,36,1),(815,20,8,2,5,'','',145,1,2,1,2,36,1),(816,20,8,2,5,'','',139,1,1,1,18,11,1),(817,20,8,2,5,'','',139,1,2,1,18,11,1),(818,20,8,2,5,'','',132,1,1,1,2,8,1),(819,20,8,2,5,'','',132,1,2,1,2,8,1),(820,20,86,124,20,'','',146,1,2,1,2,36,1),(821,20,8,2,5,'','',140,1,1,1,18,16,1),(822,20,8,2,5,'','',140,1,2,1,18,16,1),(823,20,67,61,10,'','',143,1,1,1,2,32,1),(824,20,67,61,20,'','',143,1,2,1,2,32,1),(825,20,67,61,5,'','',137,1,1,1,18,10,1),(826,20,67,61,15,'','',137,1,2,1,18,10,1),(827,20,12,105,1,'','',139,1,1,1,18,11,1),(828,20,12,105,2,'','',139,1,2,1,18,11,1),(829,20,8,2,10,'','',135,1,1,1,3,9,1),(830,20,8,2,10,'','',135,1,2,1,3,9,1),(831,20,16,9,5,'','',128,1,1,1,18,4,1),(832,20,16,9,15,'','',128,1,2,1,18,4,1),(833,20,8,2,10,'','',142,1,1,1,2,32,1),(834,20,8,2,10,'','',142,1,2,1,2,32,1),(835,20,8,2,10,'','',140,1,1,1,18,16,1),(836,20,8,2,10,'','',140,1,2,1,18,16,1),(837,20,12,104,1,'','',135,1,1,1,3,9,1),(838,20,12,104,2,'','',135,1,2,1,3,9,1),(839,20,12,104,1,'','',128,1,1,1,18,4,1),(840,20,12,104,1,'','',128,1,2,1,18,4,1),(841,20,8,2,5,'','',137,1,1,1,18,10,1),(842,20,8,2,5,'','',137,1,2,1,18,10,1),(843,20,16,9,3,'','',129,1,1,1,18,4,1),(844,20,16,9,15,'','',129,1,2,1,18,4,1),(845,8,12,5,20,'','',166,1,1,3,9,26,1),(846,8,8,2,50,'','',166,1,1,3,9,26,1),(847,8,52,47,350,'','',166,1,2,3,9,26,1),(848,8,99,25,150,'','',166,1,1,3,9,26,1),(849,8,20,11,10,'','',166,1,1,3,9,26,1),(850,8,85,155,150,'','',166,1,1,3,9,26,1),(851,8,29,21,120,'','',166,1,1,3,9,26,1),(852,8,49,43,50,'','',166,1,1,3,9,26,1),(853,8,85,155,240,'','',164,1,2,3,9,26,1),(854,10,79,111,3,'','PARA USO DE BASE DE DATOS Y DE ACCESO A INTERNET',184,1,1,3,8,21,1),(855,10,79,111,4,'','PARA USO DE BASE DE DATOS Y DE ACCESO A INTERNET',184,1,2,3,8,21,1),(856,10,79,140,1,'','PARA RESPALDO DE LOS PRESTAMOS EXTERNOS Y DOCUMENTACION GENERAL DEL DEPARTAMENTO',184,1,1,3,8,21,1),(857,10,79,168,1,'','PARA ELABORACION DE ETIQUETAS Y TARJETAS CATALOGRAFICAS Y DE PRESTAMOS',184,1,1,3,8,21,1),(858,8,74,170,30,'','CONFORMACION DE UNA RONDAYA',169,1,1,3,9,26,1),(859,6,7,1,420,'','',190,1,1,1,1,3,1),(860,6,7,1,420,'','',190,1,2,1,1,3,1),(861,12,71,172,1,'','REMPLAZO DE INMOBILIARIO DETERIORADO Y DESCOMPUESTO DEL DEPARTAMENTO',99,1,1,1,1,19,1),(862,6,7,1,700,'','',192,1,2,1,1,3,1),(863,6,8,2,50,'','',192,1,2,1,1,3,1),(864,12,71,128,2,'','PARA REMPLAZAR INMOBILIARIO DETERIORADO DEL DEPARTAMENTO',99,1,1,1,1,19,1),(865,6,16,9,50,'','',192,1,2,1,1,3,1),(866,6,15,8,200,'','',192,1,2,1,1,3,1),(867,6,73,110,3,'','EQUIPAMIENTO DE AULAS CON TIC´S',192,1,2,1,1,3,1),(868,6,8,2,30,'','',190,1,1,1,1,3,1),(869,6,8,2,30,'','',190,1,2,1,1,3,1),(870,6,12,5,60,'','',190,1,1,1,1,3,1),(871,6,12,5,60,'','',190,1,2,1,1,3,1),(872,6,12,5,5,'','',190,1,1,1,1,3,1),(873,6,12,5,5,'','',190,1,2,1,1,3,1),(874,6,16,9,5,'','',190,1,1,1,1,3,1),(875,6,16,9,5,'','',190,1,2,1,1,3,1),(876,6,22,13,40,'','',190,1,1,1,1,3,1),(877,6,22,13,40,'','',190,1,2,1,1,3,1),(878,6,73,110,3,'','PARA LAS TRES SALAS DE LOS LABORATORIOS DE SISTEMAS',190,1,1,1,1,3,1),(879,6,79,173,2,'','PARA EQUPAMIENTO DE LAS SALAS DE LABORATORIOS DE SISTEMAS',190,1,1,1,1,3,1),(880,6,73,174,3,'','PARA USO EN LOS LABORATORIOS DE SISTEMAS',190,1,1,1,1,3,1),(881,6,79,175,2,'','PARA USO EN LOS LABORATORIOS DE SISTEMAS',190,1,1,1,1,3,1),(882,6,79,176,1,'','PARA SERVICIO DE IMPRESION A LOS DOCENTES',190,1,1,1,1,3,1),(883,6,79,173,6,'','PARA USO DE LOS DOCENTES EN LOS LABORATORIOS Y APLICACION DE TICS AL AULA',190,1,2,1,1,3,1),(884,6,7,1,550,'','',193,1,1,1,1,3,1),(885,6,7,1,550,'','',193,1,2,1,1,3,1),(886,6,56,51,145,'','',193,1,1,1,1,3,1),(887,6,56,51,145,'','',193,1,2,1,1,3,1),(888,6,16,9,230,'','',193,1,1,1,1,3,1),(889,6,16,9,230,'','',193,1,2,1,1,3,1),(890,6,13,7,60,'','',193,1,1,1,1,3,1),(891,6,13,7,60,'','',193,1,2,1,1,3,1),(892,6,8,2,90,'','',193,1,1,1,1,3,1),(893,6,8,2,90,'','',193,1,2,1,1,3,1),(894,6,23,14,200,'','',193,1,1,1,1,3,1),(895,6,23,14,200,'','',193,1,2,1,1,3,1),(896,6,7,1,585,'','',193,1,1,1,1,3,1),(897,6,7,1,585,'','',193,1,2,1,1,3,1),(898,6,16,9,400,'','',193,1,1,1,1,3,1),(899,6,16,9,400,'','',193,1,2,1,1,3,1),(900,6,13,7,60,'','',193,1,1,1,1,3,1),(901,6,13,7,60,'','',193,1,2,1,1,3,1),(902,6,8,2,90,'','',193,1,1,1,1,3,1),(903,6,8,2,90,'','',193,1,2,1,1,3,1),(904,6,16,9,100,'','',193,1,1,1,1,3,1),(905,6,16,9,100,'','',193,1,2,1,1,3,1),(906,6,23,14,100,'','',193,1,1,1,1,3,1),(907,6,23,14,100,'','',193,1,2,1,1,3,1),(908,6,23,14,100,'','',193,1,1,1,1,3,1),(909,6,23,14,100,'','',193,1,2,1,1,3,1),(910,6,7,1,210,'','',194,1,1,1,1,3,1),(911,6,7,1,210,'','',194,1,2,1,1,3,1),(912,6,79,111,3,'','NECEARIA PARA LA IMPARTICION DE LOS CURSOS DE TITULACION DE ING QUIMICA Y BIOQUIMICA',194,1,1,1,1,3,1),(913,6,73,110,4,'','NESACARIA PARA LA IMPARTICION DE CURSOS DE TITULACION DE ING. QUIMICA Y BIOQUIMICA',194,1,1,1,1,3,1),(914,6,8,2,40,'','',194,1,1,1,1,3,1),(915,6,8,2,40,'','',194,1,2,1,1,3,1),(916,6,82,177,1,'','NESACARIA PARA LA IMPARTICION DE CURSOS DE TITULACION DE ING. QUIMICA Y BIOQUIMICA ',194,1,1,1,1,3,1),(917,6,82,178,1,'','NESACARIA PARA LA IMPARTICION DE CURSOS DE TITULACION DE ING. QUIMICA Y BIOQUIMICA ',194,1,1,1,1,3,1),(918,6,82,181,1,'','NESACARIA PARA LA IMPARTICION DE CURSOS DE TITULACION DE ING. QUIMICA Y BIOQUIMICA ',194,1,1,1,1,3,1),(919,6,82,179,1,'','NESACARIA PARA LA IMPARTICION DE CURSOS DE TITULACION DE ING. QUIMICA Y BIOQUIMICA ',194,1,1,1,1,3,1),(920,6,82,122,1,'','NESACARIA PARA LA IMPARTICION DE CURSOS DE TITULACION DE ING. QUIMICA Y BIOQUIMICA ',194,1,1,1,1,3,1),(921,7,88,6,29,'','',54,1,1,3,7,38,1),(922,7,88,6,40,'','',54,1,2,3,7,38,1),(923,7,8,2,50,'','',55,1,1,3,7,38,1),(924,7,8,2,50,'','',55,1,2,3,7,38,1),(925,7,12,5,140,'','',55,1,1,3,7,38,1),(926,7,12,5,140,'','',55,1,2,3,7,38,1),(927,7,38,37,25,'','',55,1,1,3,7,38,1),(928,7,38,37,25,'','',55,1,2,3,7,38,1),(929,7,43,32,40,'','',55,1,1,3,7,38,1),(930,7,43,32,50,'','',55,1,2,3,7,38,1),(931,7,67,61,30,'','',55,1,1,3,7,38,1),(932,7,67,61,40,'','',55,1,2,3,7,38,1),(933,7,69,64,30,'','',55,1,1,3,7,38,1),(934,7,69,64,30,'','',55,1,2,3,7,38,1),(935,7,72,182,1,'','PARA CUBRIR LAS ACTIVIDADES ACADEMICAS, EVENTOS CULTURALES Y DEPORTIVOS DE LA INSTITUCION',55,1,1,3,7,38,1),(936,7,73,183,2,'','PARA CUBRIR LAS ACTIVIDADES ACADEMICAS, EVENTOS CULTURALES Y DEPORTIVOS DE LA INSTITUCION',55,1,1,3,7,38,1),(937,10,8,2,10,'','',185,1,1,3,8,21,1),(938,10,8,2,55,'','',185,1,2,3,8,21,1),(939,10,15,8,3,'','',185,1,1,3,8,21,1),(940,10,15,8,2,'','',185,1,2,3,8,21,1),(941,10,16,9,15,'','',185,1,1,3,8,21,1),(942,10,16,9,15,'','',185,1,2,3,8,21,1),(943,10,90,16,1,'','',185,1,1,3,8,21,1),(944,10,90,16,1,'','',185,1,2,3,8,21,1),(945,10,35,26,1,'','',185,1,1,3,8,21,1),(946,10,35,26,2,'','',185,1,2,3,8,21,1),(947,10,12,5,25,'','',186,1,1,3,8,21,1),(948,10,12,5,25,'','',186,1,2,3,8,21,1),(949,10,67,61,30,'','',186,1,1,3,8,21,1),(950,10,67,61,30,'','',186,1,2,3,8,21,1),(951,10,69,107,4,'','',186,1,1,3,8,21,1),(952,10,69,107,5,'','',186,1,2,3,8,21,1),(953,10,88,6,500,'','',187,1,1,3,8,21,1),(954,10,88,6,500,'','',187,1,2,3,8,21,1),(955,10,88,6,1000,'','',188,1,1,3,8,21,1),(956,10,88,6,1000,'','',188,1,2,3,8,21,1),(957,10,8,2,10,'','',189,1,1,3,8,21,1),(958,10,8,2,10,'','',189,1,2,3,8,21,1),(959,10,11,4,15,'','',189,1,1,3,8,21,1),(960,10,11,4,15,'','',189,1,2,3,8,21,1),(961,10,20,11,50,'','',189,1,1,3,8,21,1),(962,10,20,11,50,'','',189,1,2,3,8,21,1),(963,6,7,1,420,'','',195,1,1,1,1,3,1),(964,6,7,1,420,'','',195,1,2,1,1,3,1),(965,6,54,50,390,'','',195,1,1,1,1,3,1),(966,6,54,50,390,'','',195,1,2,1,1,3,1),(967,1,8,2,60,'','',183,1,1,2,4,31,1),(968,1,8,2,60,'','',183,1,2,2,4,31,1),(969,3,7,1,26100,'','',196,1,1,2,4,31,1),(970,3,7,1,26100,'','',196,1,2,2,4,31,1),(971,1,12,5,50,'','',183,1,1,2,4,31,1),(972,1,12,5,40,'','',183,1,2,2,4,31,1),(973,1,13,7,600,'','',183,1,1,2,4,31,1),(974,1,13,7,600,'','',183,1,2,2,4,31,1),(975,1,16,9,4,'','',183,1,1,2,4,31,1),(976,1,16,9,4,'','',183,1,2,2,4,31,1),(977,1,22,13,40,'','',183,1,1,2,4,31,1),(978,1,22,13,40,'','',183,1,2,2,4,31,1),(979,1,26,18,30,'','',183,1,1,2,4,31,1),(980,1,26,18,30,'','',183,1,2,2,4,31,1),(981,1,29,21,60,'','',183,1,1,2,4,31,1),(982,1,29,21,60,'','',183,1,2,2,4,31,1),(983,1,32,23,10,'','',183,1,1,2,4,31,1),(984,1,32,23,10,'','',183,1,2,2,4,31,1),(985,1,35,26,15,'','',183,1,1,2,4,31,1),(986,1,35,26,15,'','',183,1,2,2,4,31,1),(987,1,91,39,4,'','',183,1,1,2,4,31,1),(988,1,91,39,3,'','',183,1,2,2,4,31,1),(989,1,49,43,75,'','',183,1,1,2,4,31,1),(990,1,49,43,75,'','',183,1,2,2,4,31,1),(991,1,94,46,3,'','',183,1,1,2,4,31,1),(992,1,94,46,2,'','',183,1,2,2,4,31,1),(993,1,56,51,330,'','',183,1,1,2,4,31,1),(994,1,56,51,330,'','',183,1,2,2,4,31,1),(995,1,59,54,20,'','',183,1,1,2,4,31,1),(996,1,59,54,20,'','',183,1,2,2,4,31,1),(997,1,64,57,150,'','',183,1,1,2,4,31,1),(998,1,64,57,160,'','',183,1,2,2,4,31,1),(999,1,67,61,400,'','',183,1,1,2,4,31,1),(1000,1,67,61,400,'','',183,1,2,2,4,31,1),(1001,1,69,64,350,'','',183,1,1,2,4,31,1),(1002,1,69,64,350,'','',183,1,2,2,4,31,1),(1003,1,71,184,1,'','PARA SALA DE ESPERA PARA LA DIRECCION',183,1,1,2,4,31,1),(1004,4,37,28,850,'','',200,1,1,4,12,42,1),(1005,4,37,28,850,'','',200,1,2,4,12,42,1),(1006,4,72,161,6,'','CAMBIO DE EQUIPOS DE AIRE ACONDICIONADO INTEGRALES POR CLIMAS DE VENTANA, PARA AHORRO DE ENERGIA EN LOS EDIF. A Y AB',198,1,1,4,11,7,1),(1007,4,72,161,7,'','CAMBIO DE EQUIPOS DE AIRE ACONDICIONADO INTEGRALES POR CLIMAS DE VENTANA, PARA AHORRO DE ENERGIA EN LOS EDIF. A Y AB',198,1,2,4,11,7,1),(1008,4,8,2,25,'','',202,1,1,4,12,42,1),(1009,4,8,2,25,'','',202,1,2,4,12,42,1),(1010,4,67,106,7,'','',202,1,1,4,12,42,1),(1011,4,67,106,10,'','',202,1,2,4,12,42,1),(1012,4,69,107,10,'','',202,1,1,4,12,42,1),(1013,4,69,107,5,'','',202,1,2,4,12,42,1),(1014,4,8,2,50,'','',199,1,1,3,7,38,1),(1015,4,8,2,50,'','',199,1,2,3,7,38,1),(1016,4,13,7,100,'','',199,1,1,3,7,38,1),(1017,4,13,7,100,'','',199,1,2,3,7,38,1),(1018,4,67,106,6,'','',199,1,1,3,7,38,1),(1019,4,67,106,6,'','',199,1,2,3,7,38,1),(1020,4,69,107,5,'','',199,1,1,3,7,38,1),(1021,4,69,107,5,'','',199,1,2,3,7,38,1),(1022,4,12,5,50,'','',199,1,1,3,7,38,1),(1023,4,12,5,50,'','',199,1,2,3,7,38,1),(1024,4,29,21,30,'','',202,1,1,4,12,42,1),(1025,4,29,21,25,'','',202,1,2,4,12,42,1),(1026,4,49,43,20,'','',202,1,1,4,12,42,1),(1027,4,49,43,20,'','',202,1,2,4,12,42,1),(1028,4,13,7,32,'','',201,1,1,4,12,42,1),(1029,4,13,7,33,'','',201,1,2,4,12,42,1),(1030,3,72,185,50,'','ENGARGOLADORA DE ARILLO METALICO',204,1,1,4,11,7,1),(1031,3,12,5,25,'','',204,1,1,4,11,7,1),(1032,3,12,5,25,'','',204,1,2,4,11,7,1),(1033,3,8,2,5,'','',204,1,1,4,11,7,1),(1034,3,8,2,0,'','',204,1,2,4,11,7,1),(1035,3,8,2,25,'','',204,1,1,4,11,7,1),(1036,3,8,2,25,'','',204,1,2,4,11,7,1),(1037,3,59,54,15,'','',204,1,1,4,11,7,1),(1038,3,69,64,90,'','',205,1,1,4,11,7,1),(1039,3,69,64,90,'','',205,1,2,4,11,7,1),(1040,3,67,61,75,'','',205,1,1,4,11,7,1),(1041,3,67,61,75,'','',205,1,2,4,11,7,1),(1042,3,38,37,600,'','',203,1,1,4,11,7,1),(1043,3,38,37,600,'','',203,1,2,4,11,7,1),(1044,6,71,128,28,'','PARA AULAS DE INGLES',206,1,1,1,1,28,1),(1045,6,71,128,30,'','PARA AULAS DE INGLES',206,1,2,1,1,28,1),(1046,6,71,126,10,'','PARA AULAS DE INGLES',206,1,1,1,1,28,1),(1047,6,71,126,8,'','PARA AULAS DE INGLES',206,1,2,1,1,28,1),(1048,6,79,111,9,'','PARA AULAS DE INGLES',206,1,1,1,1,28,1),(1049,6,79,111,10,'','PARA AULAS DE INGLES',206,1,2,1,1,28,1),(1050,18,79,111,2,'','EQUIPAMIENTO DE SALA DE TUTORIAS ',207,1,1,1,1,3,1),(1051,18,79,111,2,'','EQUIPAMIENTO DE SALA DE TUTORIAS ',207,1,2,1,1,3,1),(1052,18,71,126,1,'','EQUIPAMIENTO DE SALA DE TUTORIAS',207,1,1,1,1,3,1),(1053,18,71,126,1,'','EQUIPAMIENTO DE SALA DE TUTORIAS',207,1,2,1,1,3,1),(1054,18,71,128,1,'','EQUIPAMIENTO DE SALA DE TUTORIAS',207,1,1,1,1,3,1),(1055,18,71,128,2,'','EQUIPAMIENTO DE SALA DE TUTORIAS',207,1,2,1,1,3,1),(1056,18,79,156,2,'','EQUIPAMIENTO DE SALA DE TUTORIAS',207,1,2,1,1,3,1),(1057,18,73,110,1,'','EQUIPAMIENTO DE SALA DE TUTORIAS',207,1,2,1,1,3,1),(1058,2,85,155,14600,'','',210,1,1,3,9,26,1),(1059,7,59,54,1000,'','',211,1,1,3,9,26,1),(1060,8,32,23,1000,'','',212,1,1,3,9,26,1),(1061,8,29,21,250,'','',212,1,1,3,9,26,1),(1062,8,13,147,300,'','',212,1,2,3,9,26,1),(1063,7,12,5,750,'','',211,1,1,3,9,26,1),(1064,8,26,18,250,'','',212,1,1,3,9,26,1),(1065,17,23,75,10,'','',96,1,1,1,1,27,1),(1066,17,23,75,30,'','',96,1,1,1,1,27,1),(1067,17,77,188,1,'','SE UTILIZARA PARA LA MEJORA EN LOS PROCESOS DE VINCULACION CON LAS DIFERENTES EMPRESAS CON LAS QUE SE TIENE CONVENIO ACTUALMENTE.',97,1,1,1,1,27,1),(1068,9,12,104,40,'','',112,1,1,1,18,16,1),(1069,9,12,104,40,'','',112,1,2,1,18,16,1),(1070,12,15,8,10,'','',99,1,2,1,1,19,1),(1071,8,99,25,320,'','',167,1,2,3,9,26,1),(1072,17,86,124,46,'','',98,1,1,2,4,30,1),(1073,19,7,1,1980,'','',57,1,1,1,1,3,1),(1074,21,79,189,1,'','PARA CONCILIACIONES DE NOMINAS, REPORTES DE INCIDENCIAS A LA DGEST ',154,1,1,4,12,42,1),(1075,19,7,1,1250,'','',57,1,1,1,1,3,1),(1076,21,79,191,1,'','PARA EL RELOJ CHECADOR DE LA INSTITUCION',154,1,1,4,12,42,1),(1077,19,79,190,2,'','PARA EQUIPAMIENTO DE LA SALA DE TITULACION, YA QUE EL PROYECTOR EXISTENTE HA DEJADO DE SER FUNCIONAL POR OBSOLENCENCIA',57,1,1,1,1,3,1),(1078,18,73,192,1,'','PARA LAS CONFERENCIAS Y CURSOS QUE SE REALIZAN DURANTE EL AÑO.',22,1,1,3,8,22,1),(1079,18,73,193,2,'','PARA SER UTILIZADOS EN CONFERENCIAS Y CURSOS DERIVADOS DE LAS ACTIVIDADES ACADEMICAS',22,1,1,3,8,22,1),(1080,6,7,1,1770,'','',214,1,1,1,1,3,1),(1081,6,8,2,150,'','',214,1,1,1,1,3,1),(1082,6,46,41,156,'','',214,1,1,1,1,3,1),(1083,6,94,46,450,'','',214,1,1,1,1,3,1),(1084,6,12,5,120,'','',214,1,1,1,1,3,1),(1085,7,72,194,1,'','SE UTILIZARA PARA EVENTOS ACADEMICOS Y ADMINISTRATIVOS REALIZADOS EN EL INSTITUTO',55,1,1,3,7,38,1),(1086,7,72,194,1,'','SE UTILIZARA PARA EVENTOS ACADEMICOS Y ADMINISTRATIVOS REALIZADOS EN EL INSTITUTO',55,1,1,3,7,38,1),(1087,7,54,195,1,'','',53,1,1,3,7,38,1),(1088,18,73,110,4,'','EQUIPAR AULAS E IMPARTIR CURSOS A DOCENTES (R)',22,1,2,3,8,22,1),(1089,20,67,61,60,'','',215,1,1,1,2,36,1),(1090,20,67,61,60,'','',215,1,2,1,2,36,1),(1091,20,63,62,300,'','',215,1,2,1,2,36,1),(1092,20,70,65,150,'','',215,1,1,1,2,36,1),(1093,20,70,65,150,'','',215,1,2,1,2,36,1),(1094,20,8,2,43,'','',215,1,1,1,2,36,1),(1095,20,8,2,43,'','',215,1,2,1,2,36,1),(1096,20,59,54,500,'','',145,1,1,1,2,36,1),(1097,20,59,54,500,'','',145,1,2,1,2,36,1),(1098,17,59,54,500,'','',217,1,2,2,4,30,1),(1099,17,86,124,900,'','',217,1,2,2,4,30,1),(1100,17,69,64,600,'','',217,1,2,2,4,30,1),(1101,18,102,116,400,'','',218,1,2,1,3,25,1),(1102,8,85,155,500,'','',212,1,1,3,9,26,1),(1103,8,12,5,400,'','',212,1,1,3,9,26,1),(1104,8,27,19,32,'','',212,1,1,3,9,26,1),(1105,8,98,24,65,'','',212,1,1,3,9,26,1),(1106,8,94,46,190,'','',212,1,1,3,9,26,1),(1107,8,59,54,40,'','',212,1,1,3,9,26,1),(1108,20,67,61,149,'','',141,1,2,1,18,16,1),(1109,20,90,16,150,'','',146,1,1,1,2,36,1),(1110,20,90,16,150,'','',146,1,2,1,2,36,1),(1111,20,28,20,100,'','',146,1,1,1,2,36,1),(1112,20,28,20,100,'','',146,1,2,1,2,36,1),(1113,20,23,14,200,'','',145,1,2,1,2,36,1),(1114,20,90,16,95,'','',130,1,1,1,18,4,1),(1115,20,90,16,95,'','',130,1,2,1,18,4,1),(1116,20,28,20,5,'','',145,1,2,1,2,36,1),(1117,20,90,16,820,'','',219,2,1,1,2,32,1),(1118,20,28,20,420,'','',219,2,1,1,2,32,1),(1119,20,56,51,592,'','',219,2,1,1,2,32,1),(1120,20,53,48,298,'','',219,2,1,1,2,32,1),(1121,20,55,49,1330,'','',219,2,1,1,2,32,1),(1122,20,8,2,80,'','',209,1,2,1,18,16,1),(1123,20,12,5,60,'','',209,1,2,1,18,16,1),(1124,20,23,14,200,'','',209,1,2,1,18,16,1),(1125,12,72,201,1,'','PARA RESGUARDO DE LOS EQUIPOS EN EL LABORATORIO DE COMPUTO',99,1,2,1,1,19,1),(1126,5,73,202,1,'','PARA DAR SEGUIMIENTO FOTOGRAFICAMENTE AL AVANCE DE LAS OBRAS Y MANTENIMIENTOS A EDIFICIOS',149,1,2,3,6,40,1),(1127,13,21,12,200,'','',26,1,2,1,1,19,1),(1128,13,15,8,200,'','',26,1,2,1,1,19,1),(1129,13,23,75,100,'','',26,1,2,1,1,19,1),(1130,23,56,51,800,'','',121,1,2,1,1,1,1),(1131,2,86,124,150,'','',162,1,2,1,1,15,1),(1132,24,79,203,1,'','PARA CONTROLAR LA SEGURIDAD DE LA RED, FILTRAR CONTENIDOS, ANTIVIRUS PERIMETRAL',2,1,2,3,8,22,1),(1133,24,79,204,2,'','PARA CONTROLAR LA SEGURIDAD DE LA RED, FILTRAR CONTENIDOS, ANTIVIRUS PERIMETRAL',2,1,2,3,8,22,1),(1134,24,54,50,300,'','',2,1,2,3,8,22,1);
/*!40000 ALTER TABLE `poa_dpto_gastos` ENABLE KEYS */;
UNLOCK TABLES;

--
-- Table structure for table `poa_dpto_poa`
--

DROP TABLE IF EXISTS `poa_dpto_poa`;
SET @saved_cs_client     = @@character_set_client;
SET character_set_client = utf8;
CREATE TABLE `poa_dpto_poa` (
  `idpoa_dpto_apoa` int(11) NOT NULL auto_increment,
  `id` int(11) NOT NULL,
  `dpto_id` int(11) NOT NULL,
  `partida_id` int(11) NOT NULL,
  `insumo_id` int(11) NOT NULL,
  `cantidad` int(11) NOT NULL,
  `justificacion` text NOT NULL,
  `idaccion` int(11) NOT NULL,
  `tipogasto` int(1) NOT NULL,
  `periodo` int(1) NOT NULL,
  `idproceso` int(11) NOT NULL,
  `idactividad` int(11) NOT NULL,
  `idacciones` int(11) NOT NULL,
  `idpoa` int(11) NOT NULL,
  PRIMARY KEY  (`idpoa_dpto_apoa`)
) ENGINE=InnoDB DEFAULT CHARSET=latin1;
SET character_set_client = @saved_cs_client;

--
-- Dumping data for table `poa_dpto_poa`
--

LOCK TABLES `poa_dpto_poa` WRITE;
/*!40000 ALTER TABLE `poa_dpto_poa` DISABLE KEYS */;
/*!40000 ALTER TABLE `poa_dpto_poa` ENABLE KEYS */;
UNLOCK TABLES;

--
-- Table structure for table `preacciones`
--

DROP TABLE IF EXISTS `preacciones`;
SET @saved_cs_client     = @@character_set_client;
SET character_set_client = utf8;
CREATE TABLE `preacciones` (
  `id` int(11) NOT NULL auto_increment,
  `claveaccion` int(11) NOT NULL,
  `accion` text NOT NULL,
  `enero` int(11) NOT NULL,
  `julio` int(11) NOT NULL,
  `idmeta` int(11) NOT NULL,
  `idpoa` int(11) NOT NULL,
  PRIMARY KEY  (`id`)
) ENGINE=InnoDB AUTO_INCREMENT=192 DEFAULT CHARSET=latin1;
SET character_set_client = @saved_cs_client;

--
-- Dumping data for table `preacciones`
--

LOCK TABLES `preacciones` WRITE;
/*!40000 ALTER TABLE `preacciones` DISABLE KEYS */;
INSERT INTO `preacciones` VALUES (1,1,'Renovar el contrato \"CAMPUS AGREEMENT\"',0,1,23,1),(2,1,'Pagar membresia del CUDI',0,1,24,1),(3,2,'Mantenimiento a laboratorios',1,1,22,1),(4,3,'Mejorar wireless',1,0,22,1),(5,12,'Incorporar a 10 profesores por cada una de las 10 academias a programas de formación docente en competencias profesionales',50,50,12,1),(6,12,'Incorporar a profesores en diversos eventos académicos que les permita desarrollar sus habilidades docentes.',20,20,12,1),(7,12,'Formar en competencias a los docentes, invitar a facilitadores y acreditadores.',1,1,12,1),(8,13,'Traslado a la DGEST o diferentes Tec´s para el diseño o adaptación de los normativos que regulen la operatividad de las carreras por competencias profesionales',5,5,13,1),(10,6,'Traslado al PROMEP para entrega de doctos. de los interesados',0,1,6,1),(11,1,'Realizar el analisis y la asignación de actividades para atender las recomendaciones de los CIEES con la academia de Ciencias Básicas.',0,0,1,1),(12,2,'Establecer un plan de acciones para equipar los dos laboratorios básicos (física y química), con los elementos necesario para atender a las carreras que demanden el proceso de acreditación así como al resto de las carreras que estén en proceso de evaluación.',0,0,1,1),(13,1,'Determinar en la Academia, en función de un diagnostico, los cursos y los docentes que participarán en los cursos.',0,0,12,1),(14,2,'Llevar a cabo un esquema de capacitación a los docentes de nueva contratación en los temas de formación docente.',0,0,12,1),(15,3,'Determinar en conjunto con el departamento de desarrollo Académico y la oficina de Calidad, los docentes que requieren cursos específicos para desempeñar de manera mas eficiente su actividad. ',0,0,12,1),(16,1,'Programar actividades, tanto docentes en aula, como de atención a programas institucionales (tutorías, asesorías, etc)',0,0,14,1),(17,2,'Fomentar entre el personal académico, de apoyo y entre los alumnos la cultura de conservación de la infraestructura así como el de ahorro de energía.',0,0,14,1),(18,1,'Revisar las guias mecanicas, las reglamentaciones de los organismos acreditadores, para solicitar los equipos minimos necesarios.',0,0,19,1),(19,2,'Elaborar y actualizar las guías de practicas para los alumno en las materias de los planes de estudios que así lo marquen en las disciplinas de Ciencias Básicas.',0,0,19,1),(20,3,'Diseñar un programa para la adecuación y puesta a punto el laboratorio de Física Básica, del Instituto Tecnológico de Tuxtla Gutiérrez',0,0,19,1),(21,4,'Darle seguimiento a las actividades establecidas en el programa antes mencionado.',0,0,19,1),(22,1,'Realizar un programa de solicitud, instalación, conservación y recuperación de equipos para equipar las aulas y cumplan con los estándares de TIC´s',0,0,22,1),(23,2,'Verificar las Aulas susceptibles a incorporarse al modelo de Aulas con TIC´s y generar una estrategia para incorporarla.',0,0,22,1),(24,1,'Promover la participacion de alumnos en el Evento Nacional de Ciencias Básicas (en sus tres etapas local, regional y nacional), con una participacion de 120 alumnos',0,0,27,1),(25,2,'Organizar y llevar a cabo el Evento de Ciencias Básicas en su etapa Local y aspirar a participar en la fase regional en su modalidad presencial.',0,0,27,1),(26,3,'Promoveer la participación del Evento en el seno de las demas carreras del Instituto Tecnológico de Tuxtla Gutiérrez, con la finalidad de atender un minimo de 120 alumnos particiantes.',0,0,27,1),(27,15,'Desarrollar el programa PROMOTEC dirigido a niveles educativos previos.',1,1,15,1),(28,13,'Difundir en docentes y estudiantes que es el Espacio Comun y su repercisión en  formación profesional.',1,1,13,1),(29,6,'Tramites para participar en tutorías, congresos, estadías, proyectos de investigación entre otros.',1,1,6,1),(30,22,'Adquirir equipo de computo de acuerdo al crecimiento de la matrícula.',5,5,22,1),(31,22,'Dar mantenimiento al equipo existente.',2,2,22,1),(32,1,'ATENDER LA RECOMENDACIONES DE LOS CIEES PARA LA CREDITACION DE LA CARRERA',1,1,1,1),(33,15,'ACONDICIONAR LOS ESPACIOS FISICOS DE FORMA OPTIMA',1,0,15,1),(34,19,'REVISAR LA PERTINENCIA DE LAS GUIAS Y MANUALES DE PRACTICAS',1,0,19,1),(35,26,'GESTIONAR RECURSOS PARA APOYAR A ALUMNOS Y DOCENTES EN CONCURSOS DE CREATIVIDAD, EMPRENDEDORES Y CIENCIAS BASICAS',1,0,27,1),(36,2,'REALIZAR EL ANALISIS DEL RECURSO HUMANO CANDIDATO A OBTENER EL GRADO DE MAESTRIA O DOCTORADO',1,0,2,1),(37,29,'GENERAR BANCO DE PROYECTOS DE RESIDEMCIA PROFESIONAL QUE RESUELVAN PROBLEMAS  DE LAS EMPRESAS ESTABLECIDAS EN LA REGION',1,1,30,1),(38,29,'PROGRAMARA VISITAS A EMPRESAS EN LA REGION PARA GENERAR PROYECTOS DE RESIDENCIA PROFESIONAL',1,1,30,1),(39,35,'GENERAR BANCO DE PROYECTOS DE RESIDENCIA PROFESIONAL QUE FORMEN PARTE DE PROYECTOS DE INVESTIGACION',1,1,36,1),(40,12,'EVALUAR EL DESEMPEÑO DOCENTE Y APOYAR AQUELLOS QUE PUEDAN SER CENTIFICADOS',2,2,12,1),(41,15,'REALIZAR EVENTOS DE LAS CARRERAS ',1,1,15,1),(42,19,'COMPRA DE MATERIAL DE LABORATORIO.',1,1,19,1),(43,26,'MATERIAL PARA REALIZACION DE PROYECTOS DE CREATIVIDAD Y EMPRENDEDORES.',1,2,27,1),(44,29,'COMPRA DE MATERIAL PARA ESTUDIANTES RESIDENTES EN EL ITTG',1,1,30,1),(45,29,'VISITAS DE PRACTICAS A EMPRESAS',6,6,30,1),(46,1,'GESTIONAR RECURSOS Y FACILITAR LAS CONDICIONES ACADEM. Y ADMVAS. PARA LA ACREDITACION DE LAS CARRERAS',3,3,1,1),(47,15,'ESTABLECER Y COORDINAR POLITICAS QUE COADYUVEN AL INCREMENTO DE LA MATRICULA DE LIC.',6,6,15,1),(48,12,'FAVORECER LAS CONDICIONES ACDEMICAS ASI COMO LA GESTION DE RECURSOS PARA QUE LOS PROFES. CENTREN SU PRACTICA DOC. EN EL APRENDIZAJE',6,6,12,1),(49,7,'ASEGURAR EL CUMPLIMIENTO AL 100% DE LOS REQUISITOS QUE ESTABLECE LA NORMA ISO 9001:2000 ASI COMO LOS LINEAMIENTOS PARA LA MEJORA CONTINUA ISO 9004:2000',6,6,7,1),(50,36,'SUPERVISAR LA CORRECTA INTEGRACION DE LOS DOCTOS. QUE ASEGURAN LA OPERACION DESARROLLO Y CONSOLIDACION DE LA INSTITUCION.',5,5,37,1),(53,36,'PROGRAMA DE FORTALECIMIENTO DE TUTORIAS ANUIES',1,1,37,1),(54,36,'PROGRAMA DE FORTALECIMIENTO DE INGLES ANUIES',1,1,37,1),(55,36,'DAR CONTINUIDAD CON EL DIPLOMADO EN COMPETENCIAS DE LA EDUC. MEDIA SUPERIOR',1,1,37,1),(56,1,'Programar actividades, tanto docentes en aula, como de atención a programas institucionales (tutorías, asesorías, etc)',0,0,15,1),(57,2,'Fomentar entre el personal académico, de apoyo y entre los alumnos la cultura de conservación de la infraestructura así como el de ahorro de energía.',0,0,15,1),(58,15,'ACONDICIONAR LOS ESPACIOS FISICOS DE FORMA OPTIMA',1,1,15,1),(59,1,'ATENDER LA RECOMENDACIONES DE LOS CIEES PARA LA CREDITACION DE LA CARRERA',0,1,1,1),(60,19,'PROPORCIONAR LOS INSUMOS NECESARIOS PARA LA REALIZACION DE PRACTICAS DE LABORATORIO',1,1,19,1),(61,26,'GESTIONAR RECURSOS PARA APOYAR A ALUMNOS Y DOCENTES EN CONCURSOS DE\r\nCREATIVIDAD, EMPRENDEDORES Y CIENCIAS BASICAS',1,1,27,1),(62,29,'PROGRAMARA VISITAS A EMPRESAS EN LA REGION PARA GENERAR PROYECTOS DE\r\nRESIDENCIA PROFESIONAL',1,1,30,1),(65,37,'EDITAR, E IMPRIMIR CARTELES, TABLOIDES, TRIPTICOS, BOLETINES, INVITACIONES PARA DIFUSION Y PROMOCION DE ACTIVIDADES ACADEMICAS Y ADMINISTRATIVAS.',1,1,38,1),(66,37,'DUFUNDIR LAS ACTIVIDADES ACADEMICAS, GESTIONES ADMINISTRATIVAS , EVENTOS CULTURALES DEPORTIVAS.',1,1,38,1),(67,37,'REALIZAR REUNIONES DE CONSEJO EDITORIAL',1,1,38,1),(68,37,'TRAMITAR LA CONTRATACION DE PROPAGANDA EN LOS MEDIOS DE COMUNICACION PARA EVENTOS INTERNOS Y EXTERNOS.',1,1,38,1),(69,3,'PROPONER UN PROGRAMA DE FORMACION INTEGRAL A LOS ESTUDIANTES PARA ATENDERLOS DE MANERA EFICIENTE EN ORIENTACION EDUCATIVA PSICOLOGICA, CULTURAL Y DEPORTIVA.',1,1,3,1),(70,15,'ASIGNAR Y OPTIMIZAR EL USO DE LOS ESPACIOS FISICOS EN COORDINACION CON LOS JEFES DE CARRERA Y COORDINACIONES RESPECTIVAS',1,1,15,1),(71,15,'PLANEAR Y ASIGNAR LA CARGA ACADEMICA EN BASE AL REGLAMENTO DEL PERSONAL DOCENTE EN COOR. CON JEFES DE CARRERA Y COORDINACIONES RESPECTIVAS.',1,1,15,1),(72,15,'PLANEAR LA ASIGANCION DE ESPACIOS FISICOS EDUCATIVOS PARA OPTIMIZAR SU USO EFICIENTE.',1,1,15,1),(73,15,'cOORDINAR LOS PROCESOS DE INSCRIPCION Y REINSCRIPCION',1,1,15,1),(74,15,'TRAMITAR EL ALTA AL SEGURO FACULTATIVO (IMSS) DE LOS ESTUDIANTES Y AL SEGURO DE GASTOS MEDICOS MAYORES',1,0,15,1),(75,15,'ELABORACION DE DOCUMENTOS PARA VALIDACION, ACREDITACION Y SEGUIMIENTO',1,1,15,1),(76,14,'GESTION DE APOYOS PARA INCREMENTO DE BECAS Y DIFUSION DE LA CONVOCATORIA',1,1,14,1),(77,14,'ASISTIR A REUNIONES CONVOCADAS POR EL COMITE TECNICO DE PRONABES PARA INTEGRACION Y VERIFICACION DE EXPEDIENTES DE BECARIOS',1,1,14,1),(78,14,'APLICACION DE ENCUESTA SOCIOECONOMICA EN LINEA',0,1,14,1),(79,17,'COORDINAR LOS PROCESOS DE INSCRIPCION Y REINSCRIPCION EN LAS SEDES DE EDUCACION A DISTANCIA',0,1,17,1),(80,17,'ALTA EN EL SEGURO DE GASTOS MEDICOS MAYORES',0,1,17,1),(81,5,'COORDINAR Y PARTICIPAR EN CAMPAÑAS PREVENTIVAS DE SALUD',1,1,3,1),(82,5,'ATENDER  LAS SOLICITUDES DE LOS EGRESADOS PARA TRAMITES DE TITULACION',1,1,3,1),(83,5,'ELABORAR E IMPRIMIR TITULOS PROFESIONALES',1,1,3,1),(84,5,'TRAMITAR TITULOS EN LA DGEST Y LEGALIZACION Y EXPEDICION DE CEDULAS PROFESIONALES EN LA DGEST',1,1,3,1),(85,16,'COORDINAR Y ELABORAR DOCUMENTOS PARA VALIDACION DEL SEGUIMIENTO ESCOLAR ',0,1,16,1),(86,29,'ELABORAR CONSTANCIAS PARA TRAMITE DE LA RESIDENCIA PROFESIONAL',1,1,30,1),(87,29,'IMPRIMIR ACTAS DE CALIFICACIONES Y ACTUALIZACION DE KARDEX',1,1,30,1),(88,1,'GESTIONAR EL SEGUIMIENTO DEL REGISTRO DE PROPIEDAD INTELECTUAL',1,1,34,1),(89,1,'GESTIONAR Y ADMINISTRAR EL SEGUIMIENTO TÉCNICO DE LOS EGRESADOS',0,1,33,1),(90,2,'CREAR SOFTWARE PARA LA ACTUALIZACIÓN DE LA BASE DE DATOS DE LOS EGRESADOS',0,1,33,1),(91,1,'DAR SEGUIMIENTO LOS ACUERDOS EMANADOS DE LA REUNIÓN PARA EL LOGRO DE LAS METAS ',1,1,31,1),(92,1,'GESTIONAR LA PROMOCIÓN DE LA RESIDENCIA A LAS EMPRESAS',2,2,29,1),(93,1,'FORTALECER EL PROGRAMA DE SERVICIO SOCIAL',1,1,29,1),(94,1,' DAR FORTALECIMIENTO DE LA SEGUNDA LENGUA',1,1,27,1),(95,1,'DAR FORTALECIMIENTO DE UNA SEGUNDA LENGUA A LOS ESTUDIANTES',1,1,28,1),(96,1,'CAPACITAR AL PERSONAL PARA EFECTUAR LA EVALUACION',1,0,1,1),(97,1,'EL PROGRAMA DE TUTORIA ESTABLECIDO EN SU HORARIO DEBERA SER CONSIDERADO COMO OBLIGATORIO',1,1,3,1),(98,1,'ATENCION A LA DEMANDA APROVECHANDO AL MAXIMO LA CAPACIDAD INSTALADA',1,1,15,1),(99,2,'ASIGNAR LA CARGA HORARIA CON BASE AL REGLAMENTO DEL PERSONAL DOCENTE',1,1,15,1),(100,1,'CONSOLIDAR EL ENCUENTRO ESTATAL DE VINCULACION',1,0,27,1),(101,2,'INVOLUCRAR A UN MAYOR NUMERO DE ALUMNOS Y DOCENTES COMO ASESORES EN LOS DIFERENTES EVENTOS ACADEMICOS ',1,1,27,1),(102,3,'INCORPORAR LOS PROYECTOS GENERADOS POR LOS ALUMNOS EN LAS DIFERENTES AREAS DEL CONOCIMIENTO',1,1,27,1),(103,1,'PROMOVER EN LAS ACADEMIAS LA CERTIFICACION DE LOS PROFESORES',1,0,12,1),(104,2,'IMPLEMENTAR ACCIONES DE FORMACION EN DOCENCIA Y DESARROLLO DE COMPETENCIAS',1,0,12,1),(105,3,'INCREMENTAR EVENTOS COMO CURSOS, DIPLOMADOS, CONFERENCIAS, TALLERES ENTRE OTROS PARA LA ACTUALIZACION PROFESIONAL',1,0,12,1),(106,1,'ELABORACION DE NUEVAS GUIAS PRACTICAS Y DE NUEVOS MANUALES DE PRACTICAS',1,0,19,1),(107,1,'TRAMITES ADMINISTRATIVOS DEL DEPTO.',1,1,1,1),(108,2,'CAMBIO DE INSTALACIONES EN MAL ESTADO Y DOTAR DE ILUMINACION A LAS AREAS QUE LO NECESITEN',1,1,1,1),(109,3,'MANTENIMIENTO DE EQUIPO (AIRES ACONDICIONADOS)',1,1,1,1),(110,37,'REGISTRO Y CONTROL DE LA CAPTACION Y EJERCICIO DE LOS INGRESOS PROPIOS',6,6,38,1),(111,37,'REGISTRO Y CONTROL DE LA CAPTACION Y EJERCICIO DEL GASTO DIRECTO (SUBSIDIO FEDERAL)',6,6,38,1),(112,37,'REGISTRO Y CONTROL DE LA CAPTACION Y EJERCICIO DE LOS RECURSOS DE PROYECTOS EXTERNOS ',6,6,38,1),(113,37,'GENERACION, INTEGRACION Y ENVIO DE INFORMES FINANCIEROS DE LAS OPERACIONES REALIZADAS EN EL INSTITUTO',6,6,38,1),(114,1,'Proponer y desarrollar la Maestria en Ciencias en Ingenieria Mecatrónica atendiendo los lineamientos PNPC de CONACYT',0,1,4,1),(115,2,'Mantener la Maestría en Ciencias en Ingeniería Bioquímica conforme a los lineamientos PNPC de CONACYT',1,1,4,1),(116,1,'ATENCION A LA DEMANDA APROVECHANDO AL MXIMO LA CAPACIDAD INSTALADA  Y OPTIMIZAR EL INDICE DE UTILIZACION DE AULAS',1,1,15,1),(117,3,'Fortalecer la infraestructura para la investigación y la vinculación con el sector productivo y de servicios',1,1,4,1),(118,4,'Promover el incremento de los investigadores en el Sistema Estatal e Nacional de Investigadores, basado en las convocatorias correspondientes',1,1,4,1),(119,1,'Propiciar y apoyar la participación de investigadores en reuniones de Redes de Investigación',0,1,8,1),(120,2,'Definir y difundir la normatividad y operación de las redes de investigación',1,1,8,1),(121,1,'MANTENER EL 100% DE LA INFRAESTRUCTURA EN OPTIMAS CONDICIONES PARA LA ACREDITACION DE LAS CARRERAS',1,1,1,1),(122,1,'DAR APOYO A LOS ESTUDIANTES EN EVENTOS CULTURALES, DEPORTIVOS Y ACADEMICOS',1,1,26,1),(123,1,'Realizar un diagnóstico de profesores con posibilidades de formación de estudios de posgrado pertinentes y que fortalezcan a la Institución',1,1,9,1),(124,2,'Difundir y atender oportunamente las convocatorias para estudios de posgrado',1,1,9,1),(125,1,'Aplicar los indicadores internacionales para el fortalecimiento de la Maestría en Ciencias en Ingeniería Bioquímica',1,1,10,1),(126,2,'Favorecer y fortalecer la movilidad académica tanto de estudiantes como de profesores en programas de posgrado reconocidos',1,1,10,1),(127,1,'Identificar e impulsar la formación y consolidación de los cuerpos académicos de acuerdo a los lineamientos de PROMEP',1,1,11,1),(128,2,'Generar proyectos de investigación en colaboración con cuerpos académicos de la Institución con enfoque multidisciplinario',1,1,11,1),(129,1,'Mantener los indicadores PNPC de CONACYT para que cuenten con becas los estudiantes de nuevo ingreso ',1,1,16,1),(130,2,'Asistir a las ferias internacionales de la promoción del posgrado organizadas por el CONACYT',1,1,16,1),(131,1,'Generar resultados de investigación de calidad para su publicación en revistas indexadas',1,1,32,1),(132,2,'Facilitar la colaboración entre investigadores de prestigio con los del Instituto para propiciar el intercambio de investigación',1,1,32,1),(133,1,'Promover e incrementar la participación de estudiantes el el programa de verano con un cientifico Delfín',0,1,36,1),(134,2,'Promover e incrementar la participación de estudiantes en el sistema interno de investigación de la Institución',1,1,36,1),(135,3,'Promover la participación de estudiantes en Proyectos externos de investigación DGEST, en CONACYT, COCYTECH, entre otras instituciones',1,1,36,1),(136,37,'INTEGRAR Y ENTREGAR EN TIEMPO Y FORMA LOS DOCUMENTOS DE GESTION DEL RECURSO A LA DGEST',5,5,38,1),(137,40,'GESTIONAR ANTE LAS INSTACIAS CORRESPONDIENTES PARA QUE REALIZEN EL DIAGNOSTICO DEL ESTADO FISICO DE LOS EDIFICIOS,',2,2,40,1),(138,36,'EN COORDINACION CON LOS DEPARTAMENTOS ACADEMICOS PARTICIPAR EN LAS DIVERSAS CONVOCATORIAS QUE PERMITAN LA OBTENCION DE RECURSOS.',2,2,37,1),(139,22,'EN COORDINACION CON EL CENTRO DE COMPUTO ADQUIRIR LOS ELEMENTOS INDISPENSABLES CON LOS QUE SE CONSIDERAN UNA AULA ESTA EQUIPADA CON TIC´S',5,5,22,1),(140,1,'RECEPCION Y CONCILIACION DE NOMINAS, TRAMITES DE CONTRATACION DE PERSONAL',15,15,38,1),(141,1,'PLANEAR, ORGANIZAR Y TRAMITAR CURSOS',5,5,42,1),(142,2,'TRAMITES ADMINISTRATIVOS DEL DEPARTAMENTO',1,1,42,1),(143,1,'EVENTOS SOCIALES TALES COMO DIA DE LAS MADRES, DIA DEL MAESTRO, FIN DE AÑO',2,1,26,1),(144,36,'Atender a docentes del nivel medio superior, en el Diplomado en Competencias Docentes de Educación Media Superior (PROFORDERMS)',24,24,37,1),(145,1,'SUPERVISAR, GESTIONAR Y FACILITAR LAS CONDICIONES ACADEMICAS QUE GARANTICEN LA ACREDITACION DE TRES CARRERAS ',12,12,1,1),(146,36,'SUPERVISAR Y COORDINAR LA INTEGRACION DE LOS DOCUMENTOS QUE ASEGURAN LA OPERACION DE DESARROLLO Y CONSOLIDACION DE LA INSTITUCION.',5,5,37,1),(147,40,'SUPERVISAR LAS GESTIONES QUE PERMITEN DETERMINAR CON PERTINENCIA EL DIAGNOSTICO DE LOS ESPACIOS FISICOS DEL INSTITUTO.',1,1,40,1),(148,36,'VIGILAR QUE LA INSTITUCION A TRAVEZ DE LOS DEPARTAMENTOS RESPONSABLES PARTICIPEN EN EL 100% DE LAS CONVOCATORIAS DE LOS DIFERENTES ORGANISMOS.',2,2,37,1),(149,39,'COORDINAR CON LAS AREAS LA ELABORACION DEL PLAN MAESTRO DE DESARROLLO.',0,1,41,1),(150,1,'IMPLEMENTAR UN PROGRAMA INTEGRAL DE EVENTOS CULTURALES , CIVICOS Y DEPORTIVOS',5,5,26,1),(151,25,'INPLEMENTAR UN PROGRAMA INTEGRAL DE EVENTOS CULTURALES, CIVICOS Y DEPORTIVOS',5,5,26,1),(152,25,'ASISTIR AL EVENTO NACIONAL DE ARTE Y CULTURA',0,1,26,1),(153,25,'ASISTIR AL ENCUENTRO NACIONAL DE BANDAS DE GUERRA',0,1,26,1),(154,25,'ASISTIR AL EVENTO PRENACIONAL DEPORTIVO INTERTEC.',2,0,26,1),(155,26,'PARTICIPAR EN EL EVENTO NACIONAL DEPORTIVO',0,1,26,1),(156,26,'PARTICIPAR EN LOS DIVERSOS EVENTOS DEPORTIVOS LOCALES Y REGIONALES.',6,6,26,1),(157,26,'PARICIPAR EN LOS DIVERSOS EVENTOS CIVICOS Y CULTURALES, LOCALES Y REGIONALES.',6,6,26,1),(158,28,'GESTIONAR LA PROMOCION DE LA RESIDENCIA EN DIFERENTES MEDIOS DE COMUNICACION',1,1,29,1),(159,27,'FORTALECER LA OPERACION DE LOS PROGRAMAS EN UN SEGUNDO IDIOMA A LOS ALUMNOS',1,1,28,1),(160,34,'GESTIONAR LA INCUBACION EN EL CISET DE UNA EMPRESA',0,1,35,1),(161,26,'DAR SEGUIMIENTO Y PROMOCION PARA CREATIVIDAD Y EMPRENDEDORES A NUESTROS ALUMNOS',1,1,27,1),(162,32,'GESTIONAR Y ADMINISTRAR EL SEGUIMIENTO ACTUALIZADO DE LOS EGRESADOS',1,1,33,1),(163,30,'FORTALECER LOS TRABAJOS DE VINCULACION PARA EL LOGRO DE LAS METAS',1,1,31,1),(164,1,'GESTIONAR LA COMPRA DE 12 EQUIPOS DE COMPUTO',1,1,21,1),(165,2,'ANALIZAR BIBLIOGRAFICAMENTE Y PROCESAR FISICAMENTE 1200 VOLUMENES DE NUEVA ADQUISICION',1,1,21,1),(166,3,'ATENDER A 180000 ESTUDIANTES Y PROPORCIONAR 250000 PRESTAMOS INTERNOS Y EXTERNOS',1,1,21,1),(167,4,'TRAMITAR LA SUSCRIPCION A BASE DE DATOS ESPECIALIZADAS PARA LAS DIFERENTES CARRERAS',1,1,21,1),(168,5,'ADQUIRIR 1200 VOLUMENES ACTUALIZADOS DE ACERVO DOCUMENTAL DIGITAL, BIBLIOGRAFICO, HEMEROGRAFICO, Y AUDIOVISUAL.',1,1,21,1),(169,6,'ESTANDARIZAR E INCORPORAR A LA SGC LOS PROCESOS TECNICOS DE ACUERDO A NORMAS INTERNACIONALES Y GESTIONAR LA INTALACION DEL BUZON NOCTURNOS',1,1,21,1),(170,30,'REALIZAR XIV SIMPOSIUM DE ING. INDUSTRIAL',0,1,31,1),(171,30,'ESTABLECIMIENTO DE CANALES DE COMUNICACION Y RELACIONES CON ENTIDADES DE LOS GOBIERNOS ESTATAL,MUNICIPAL; ASI COMO DE LOS SECTORES PRIVADOS PARA EL POSICIONAMIENTO DEL INSTITUTO EN LA REGION SUR-SURESTE',1,1,31,1),(172,3,'CURSO DE TITULACION PARA ING. EN SISTEMAS COMPUTACIONALES',1,1,3,1),(173,3,'IMPARTIR UN CURSO DE TITULACION DE LA CARRERA DE ING. INDSUTRIAL',0,1,3,1),(174,1,'CUROS DE ACTUALIZACION DE LAS CARRERAS DE ELECTRICA Y ELECTRONICA',2,2,3,1),(175,1,'CURSOS DE TITULACION DE ING. QUIMICA E ING. BIOQUIMICA',1,1,3,1),(176,3,'IMPARTIR CURSOS DE TITULACION METAL MECANICA ',1,1,3,1),(177,27,'ANUIES, IMPARTIR CURSOS A ESTUDIANTES Y DOCENTES PARA ACREDITAR EL IDIOMA INGLES',3,3,28,1),(178,3,'ANUIES, REALIZAR TUTORIAS A ESTUDIANTES QUE LO REQUIERAN, CAPACITAR A DOCENTES COMO TUTORES',6,6,3,1),(179,38,'APOYOS A DOCENTES EN EVENTOS ACADEMICO ADMINISTRATIVOS',2,2,42,1),(180,7,'IMPARTIR CURSOS PARA DESARROLLAR LA MEJORA CONTINUA',2,2,7,1),(181,7,'FORTALECIMIENTO DE CULTURA DE CALIDAD',2,2,7,1),(182,7,'ASISTENCIA A REUNIONES CONVOCADAS POR LA DGEST',2,2,7,1),(183,1,'OPTIMIZAR EL RECURSO FRAL. EN AREAS DE PRORIDAD EN LA INSTITUCION',2,4,1,1),(184,16,'OPTIMIZAR EL RECURSO FRAL.EN LOS LABORATORIOS DEL AREA ',3,6,16,1),(185,25,' PARA EL ENCUENTRO DE BANDAS DE GUERRAS Y ESCOLTAS',1,0,26,1),(186,3,'CURSO PROPEDEUTICO',1,0,3,1),(187,1,'MUESTRAS PROFESIOGRAFICAS NACIONAL E INTERNACIONAL',1,0,36,1),(189,1,'PROYECTO ANUIES ESTANCIAS ESTUDIANTILES Y DOCENTES EN EL ITTG',0,1,30,1),(190,1,'PROYECTO ANUIES COMPETENCIAS PROFESIONALES',0,1,25,1),(191,31,'REALIZAR PROYECTOS DE INVESTIGACION MENDIANTE LA OPTIMIZACION DEL RECURSO FEDERAL ',0,0,32,1);
/*!40000 ALTER TABLE `preacciones` ENABLE KEYS */;
UNLOCK TABLES;

--
-- Table structure for table `preacciones_apoa`
--

DROP TABLE IF EXISTS `preacciones_apoa`;
SET @saved_cs_client     = @@character_set_client;
SET character_set_client = utf8;
CREATE TABLE `preacciones_apoa` (
  `idpreaccion_apoa` int(11) NOT NULL auto_increment,
  `id` int(11) NOT NULL,
  `claveaccion` int(11) NOT NULL,
  `accion` text NOT NULL,
  `enero` int(11) NOT NULL,
  `julio` int(11) NOT NULL,
  `idmeta` int(11) NOT NULL,
  `idpoa` int(11) NOT NULL,
  PRIMARY KEY  (`idpreaccion_apoa`)
) ENGINE=InnoDB DEFAULT CHARSET=latin1;
SET character_set_client = @saved_cs_client;

--
-- Dumping data for table `preacciones_apoa`
--

LOCK TABLES `preacciones_apoa` WRITE;
/*!40000 ALTER TABLE `preacciones_apoa` DISABLE KEYS */;
/*!40000 ALTER TABLE `preacciones_apoa` ENABLE KEYS */;
UNLOCK TABLES;

--
-- Table structure for table `preacciones_poa`
--

DROP TABLE IF EXISTS `preacciones_poa`;
SET @saved_cs_client     = @@character_set_client;
SET character_set_client = utf8;
CREATE TABLE `preacciones_poa` (
  `idpreaccion_apoa` int(11) NOT NULL auto_increment,
  `id` int(11) NOT NULL,
  `claveaccion` int(11) NOT NULL,
  `accion` text NOT NULL,
  `enero` int(11) NOT NULL,
  `julio` int(11) NOT NULL,
  `idmeta` int(11) NOT NULL,
  `idpoa` int(11) NOT NULL,
  PRIMARY KEY  (`idpreaccion_apoa`)
) ENGINE=InnoDB DEFAULT CHARSET=latin1;
SET character_set_client = @saved_cs_client;

--
-- Dumping data for table `preacciones_poa`
--

LOCK TABLES `preacciones_poa` WRITE;
/*!40000 ALTER TABLE `preacciones_poa` DISABLE KEYS */;
/*!40000 ALTER TABLE `preacciones_poa` ENABLE KEYS */;
UNLOCK TABLES;

--
-- Table structure for table `presupuesto`
--

DROP TABLE IF EXISTS `presupuesto`;
SET @saved_cs_client     = @@character_set_client;
SET character_set_client = utf8;
CREATE TABLE `presupuesto` (
  `id` int(11) NOT NULL auto_increment,
  `dpto_id` int(11) NOT NULL,
  `presupuesto` decimal(10,2) default NULL,
  PRIMARY KEY  (`id`)
) ENGINE=InnoDB AUTO_INCREMENT=26 DEFAULT CHARSET=latin1;
SET character_set_client = @saved_cs_client;

--
-- Dumping data for table `presupuesto`
--

LOCK TABLES `presupuesto` WRITE;
/*!40000 ALTER TABLE `presupuesto` DISABLE KEYS */;
INSERT INTO `presupuesto` VALUES (1,2,'1836000.00'),(2,3,'7845000.00'),(3,4,'610000.00'),(4,5,'200000.00'),(5,6,'3634600.00'),(6,7,'585000.00'),(7,8,'1345000.00'),(8,9,'500000.00'),(9,10,'450000.00'),(10,11,'435000.00'),(11,12,'162500.00'),(12,13,'200000.00'),(13,14,'315000.00'),(14,15,'150000.00'),(15,16,'200000.00'),(16,17,'255000.00'),(17,18,'900000.00'),(18,19,'1302780.00'),(19,20,'1317000.00'),(20,21,'275000.00'),(21,22,'125000.00'),(22,23,'4540000.00'),(23,24,'507000.00'),(24,25,'380000.00'),(25,1,'450000.00');
/*!40000 ALTER TABLE `presupuesto` ENABLE KEYS */;
UNLOCK TABLES;

--
-- Table structure for table `proceso`
--

DROP TABLE IF EXISTS `proceso`;
SET @saved_cs_client     = @@character_set_client;
SET character_set_client = utf8;
CREATE TABLE `proceso` (
  `id` int(11) NOT NULL auto_increment,
  `nombreproceso` varchar(100) default NULL,
  `claveproceso` varchar(20) default NULL,
  `proyecto` varchar(20) default NULL,
  PRIMARY KEY  (`id`)
) ENGINE=InnoDB AUTO_INCREMENT=6 DEFAULT CHARSET=latin1;
SET character_set_client = @saved_cs_client;

--
-- Dumping data for table `proceso`
--

LOCK TABLES `proceso` WRITE;
/*!40000 ALTER TABLE `proceso` DISABLE KEYS */;
INSERT INTO `proceso` VALUES (1,'ACADEMICO','01','01012035E008'),(2,'VINCULACION','02','010220035E08'),(3,'PLANEACION','03','01032035E008'),(4,'CALIDAD','04','01042035E008'),(5,'ADMINISTRACION DE RECURSOS','05','01052035E008');
/*!40000 ALTER TABLE `proceso` ENABLE KEYS */;
UNLOCK TABLES;

--
-- Table structure for table `requisicion`
--

DROP TABLE IF EXISTS `requisicion`;
SET @saved_cs_client     = @@character_set_client;
SET character_set_client = utf8;
CREATE TABLE `requisicion` (
  `idrequisicion` int(11) NOT NULL auto_increment,
  `numero` int(11) NOT NULL,
  `fecha` date NOT NULL,
  `idpartida` int(11) NOT NULL,
  `nota` varchar(150) NOT NULL,
  `idproceso` int(11) NOT NULL,
  `idclave` int(11) NOT NULL,
  `idmeta` int(11) NOT NULL,
  `idaccion` int(11) NOT NULL,
  `iddpto` int(11) NOT NULL,
  `planea` int(11) NOT NULL,
  `idsolicitud` int(11) NOT NULL,
  `comentario` varchar(200) NOT NULL,
  PRIMARY KEY  (`idrequisicion`)
) ENGINE=InnoDB AUTO_INCREMENT=466 DEFAULT CHARSET=latin1;
SET character_set_client = @saved_cs_client;

--
-- Dumping data for table `requisicion`
--

LOCK TABLES `requisicion` WRITE;
/*!40000 ALTER TABLE `requisicion` DISABLE KEYS */;
INSERT INTO `requisicion` VALUES (1,1,'2009-02-06',8,'ELABORACIÓN DE DOCUMENTOS Y FOTOCOPIADO',4,11,7,205,3,1,0,''),(2,2,'2009-02-11',12,'PARA RESPALDO DE DOCUMENTOS DE LA SUBDIRECCIÓN',4,11,7,205,3,1,0,''),(3,3,'2009-02-18',12,'INTEGRAR Y ENTREGAR EN TIEMPO Y FORMA LOS DOCUMENTOS DE GESTON DEL RECURSO A LA DGEST',3,7,38,148,5,1,0,''),(5,5,'0000-00-00',0,'PLANTA  ALTA DE LA OFICINA ADMINISTRATIVA',2,4,31,183,1,0,0,''),(7,6,'2009-02-24',8,'PARA EL EVENTO DE BANDAS Y ESCOLTAS',3,9,26,212,8,1,0,''),(8,7,'2009-02-24',12,'PARA EL EVENTO DE BANDAS Y ESCOLTAS',3,9,26,212,8,1,0,''),(9,8,'2009-02-25',12,'IMPRESION Y RESPALDO DE INFORMACION PROYECTO PROFORDEMS.',3,7,37,155,3,1,0,''),(10,9,'2009-02-25',8,'PROYECTO PROFORDEMS',3,7,37,155,3,1,0,''),(11,10,'2009-02-25',8,'PROYECTO PROFORDEMS.',3,7,37,155,3,1,0,''),(12,11,'2009-02-26',8,'PROYECTO PROFORDEMS.',3,7,37,155,3,1,0,''),(16,14,'2009-03-03',29,'DISEL PARA PLANTAS PILOTOS',1,1,19,50,14,1,0,''),(20,15,'2009-03-03',0,'ILUMINAR EL TECNOLOGICO',1,1,1,101,25,0,0,''),(21,16,'2009-03-04',23,'PARA UTILIZACION EN DIV, EDIFICIOS',1,1,1,101,25,1,0,''),(22,17,'2009-03-04',12,'PARA IMPREMIR DOCUMENTOS DE LA DIRECCION',2,4,31,183,1,1,0,''),(23,18,'2009-03-04',13,'PARA ATENCION DE PERSONAS EN LA DIRECCION',2,4,31,183,1,1,0,''),(24,19,'2009-03-04',13,'PARA ATENCION A PERSONAS EN LA DIRECCION',2,4,31,183,1,1,0,'vasos, cucharas, platos,pañueños desechables, servilletas y tenedores van en 2101'),(25,20,'2009-03-04',90,'SE UTILIZARA EN EL PROYECTO: PROTOTIPO A NIVEL LABORATORIO DEL M. C. JOSE HUMBERTO CASTAÑON GONZALEZ.',1,2,36,145,20,1,0,''),(32,25,'2009-03-06',8,'PARA UTILIZARSE EN ARCHIVO DE DOCUMENTOS OFICIALES',4,12,42,154,21,1,0,''),(33,26,'2009-03-06',8,'PARA ATENCION DE PERSONAS EN LA DIRECCION',2,4,31,183,1,1,0,''),(34,27,'2009-03-06',8,'COMPRA DE MATERIAL PARA LABORATORIO',1,1,19,36,16,1,0,''),(35,28,'2009-03-06',15,'COMPRA DE MATERIAL PARA LABORATORIO',1,1,19,36,16,1,0,''),(37,30,'2009-03-06',90,'COMPRA DE MATERIAL PARA LABORATORIO',1,1,19,36,16,1,0,''),(38,31,'2009-03-06',32,'COMPRA DE MATERIAL PARA LABORATORIO',1,1,19,36,16,1,0,''),(39,32,'2009-03-06',20,'COMPRA DE MATERIAL PARA LABORATORIO',1,1,19,36,16,1,0,''),(40,33,'2009-03-06',8,'REALIZACION DE EVENTOS DE LAS CARRERAS DE ING. ELECTRICA  Y ELECTRONICA',1,1,15,34,16,1,0,''),(41,34,'2009-03-06',8,'MATERIAL PARA REALIZACION DE PROYECTOS DE CREATIVIDAD Y EMPRENDEDORES',1,1,27,37,16,1,0,''),(42,35,'2009-03-06',12,'MATERIAL PARA REALIZACION DE PROYECTOS DE CREATIVIDAD Y EMPRENDEDORES',1,1,27,37,16,1,0,''),(52,42,'2009-03-09',8,'Atender a 180000 Estudiantes y proporcionar 250000 préstamos',3,8,21,186,10,1,0,''),(53,43,'2009-03-10',11,'ANALIZAR BIBLIOGRAFICAMENTE Y PROCESAR FISICAMENTE 1200....',3,8,21,185,10,1,0,''),(55,45,'2009-03-10',32,'PARA REALIZAR TRABAJO DE ELECTRICISTA',1,1,1,101,25,1,0,''),(57,47,'2009-03-10',12,'PARA UTILIZARSE EN LA OFICINA DE MANTENIMIENTO',1,1,1,100,25,1,0,''),(58,48,'2009-03-10',90,'COMPRA DE MATERIAL PARA LABORATORIO',1,1,19,36,16,1,0,''),(59,49,'2009-03-10',27,'COMPRA DE MATERIAL PARA LABORATORIO',1,1,19,36,16,1,0,''),(60,50,'2009-03-10',26,'COMPRA DE MATERIAL PARA LABORATORIO',1,1,19,36,16,1,0,''),(61,51,'2009-03-10',8,'COMPRA DE MATERIAL PARA LABORATORIO',1,1,19,36,16,1,0,''),(62,52,'2009-03-10',16,'PARA TRAMITES ADMINISTRATIVOS EN OFICINA DE MANTENIMIENTO',1,1,1,100,25,1,0,''),(63,53,'2009-03-10',8,'PARA TRAMITES ADMINISTRATIVOS DEL DEPTO.',1,1,1,100,25,1,0,''),(65,55,'2009-03-10',8,'MATERIAL QUE SERA UTILIZADO EN EL DEPARTAMENTO',1,1,1,61,15,1,0,''),(66,56,'2009-03-10',88,'ADQUIRIR 1200 VOLUMENES ACTUALIZADOS DE ACERVO DOCUMENTAL...',3,8,21,188,10,1,0,''),(74,60,'2009-03-10',12,'PARA EVENTO ENCUENTRO NACIONAL DE BANDAS DE GUERRA Y ESCOLTAS',3,9,26,211,7,1,0,''),(76,62,'2009-03-10',8,'PARA EVENTO ENCUENTRO NACIONAL DE BANDAS DE GUERRA Y ESCOLTAS',3,9,26,211,7,1,0,''),(77,63,'2009-03-10',24,'PARA EVENTO ENCUENTRO NACIONAL DE BANDAS DE GUERRA Y ESCOLTAS',3,9,26,211,7,1,0,''),(78,64,'2009-03-11',23,'COMPRA DE MATERIAL PARA LABORATORIO',1,1,19,36,16,1,0,''),(79,65,'2009-03-11',20,'COMPRA DE MATERIAL PARA LABORATORIO',1,1,19,36,16,1,0,''),(80,66,'2009-03-11',12,'COMPRA DE MATERIAL PARA LABORATORIO',1,1,19,36,16,1,0,''),(82,68,'2009-03-11',8,'EVENTO EN EL MARCO DEL \"PROGRAMA DE ESTUDIOS P/LA PREVENCIÓN DE LA VIOLENCIA CONTRA LAS MUJERES EN EL SNEST\".',4,11,7,204,3,1,0,''),(85,70,'2009-03-12',32,'UNIFORMES DEL PERSONAL DE SERVICIOS ',1,1,15,122,23,4,0,''),(86,71,'2009-03-12',32,'UNIFORMES DEL PERSONAL DE SERVICIOS ',1,1,15,122,23,1,0,''),(87,72,'2009-03-12',16,'PARA UTILIZARSE EN LA COMPUTADORA DE LA OFNA. SERVICIOS AL PERSONAL ',4,12,42,154,21,1,0,''),(89,74,'2009-03-12',12,'PARA UTILIZARSE EN LA COMPUTADORA DE LA OFNA. SERVICIOS AL PERSONAL ',4,12,42,154,21,1,0,''),(91,76,'2009-03-12',0,'',2,4,31,175,6,0,0,''),(93,78,'2009-03-12',8,'PARA EL DEPARTAMENTO DE GESTION TECNOLOGICA',2,4,31,175,6,1,0,''),(94,79,'2009-03-12',32,'PARA REALIZAR TRABAJO DE ELECTRICISTA',1,1,1,101,25,1,0,''),(95,80,'2009-03-12',98,'PARA REALIZAR TRABAJO DE ELECTRICISTA',1,1,1,101,25,1,0,''),(96,81,'2009-03-12',20,'COMPRA DE MATERIAL PARA LABORATORIO',1,1,19,36,16,1,0,''),(97,82,'2009-03-12',15,'COMPRA DE MATERIAL PARA LABORATORIO',1,1,19,36,16,1,0,''),(98,83,'2009-03-12',8,'PARA REALIZAR TRAMITES ADMINISTRATIVOS DEL DEPTO.',1,1,1,100,25,1,0,''),(99,84,'2009-03-12',8,'PARA REALIZAR TYRAMITES ADMINISTRATIVOS DEL DEPARTAMENTO',1,1,1,100,25,1,0,''),(100,85,'2009-03-12',8,'LIBRETA PASTA DURA FORMA FRANCESA',1,1,1,100,25,1,0,'ojo:  esto no es un insumo \"PARA TRAMITES ADMVOS DEL DEPTO. DE MANTENIMIENTO\" por favor corrijalo '),(101,86,'2009-03-12',8,'PARA UTILIZARSE EN TRAMITES ADMINISTRATIVOS DEL DEPARTAMENTO',1,1,1,100,25,1,0,''),(103,88,'2009-03-12',98,'UNIFORMES DEL PERSONAL DE SERVICIOS ',1,1,15,122,23,4,0,''),(104,89,'2009-03-12',32,'UNIFORMES DEL PERSONAL DE SERVICIOS ',1,1,15,122,23,4,0,''),(105,90,'2009-03-13',12,'PARA EL DEPARTAMENTO DE GESTION TECNOLOGICA',2,4,29,170,6,1,0,''),(106,91,'2009-03-13',16,'camara infrarroja',3,7,38,148,5,1,0,''),(108,93,'2009-03-13',32,'PARA XV ENCUENTRO NACIONAL DE BANDAS DE GUERRA Y ESCOLTAS.',3,9,26,211,7,1,0,'LA PARTIDA ES 2701'),(111,95,'2009-03-17',13,'EVENTO DEL PROYECTO \"PROGRAMA DE ESTUDIOS P/LA PREVENCIÓN DE LA VIOLENCIA CONTRA LAS MUJERES EN EL SNEST\".',4,11,7,204,3,1,0,''),(115,99,'2009-03-17',8,'PARA TRAMITES ADMVOS DEL DEPTO.',1,1,1,100,25,1,0,''),(116,100,'2009-03-17',16,'PARA HACER TRAMITES DEL DEPTO.',1,1,1,100,25,1,0,''),(117,101,'2009-03-17',23,'PARA UTILIZARSE EN RADIO DE ALTA FRECUENCU',1,1,1,100,25,1,0,''),(119,102,'2009-03-17',79,'TRAMITES DE TITULACION',1,1,3,126,9,1,0,''),(121,103,'2009-03-18',12,'PARA IMPREION DE PROGRAMAS DE INVITACIONES PARA LA GRADUACION PROXIMA DEL 20 DE MARZO DEL PRESENTE.',3,7,38,53,7,1,0,''),(122,104,'2009-03-20',79,'P/CONCILIACION DE NOMINAS, REPORTE DE INCIDENCIAS Y P/RELOJ CHECADOR',4,12,42,154,21,1,0,''),(123,105,'2009-03-23',12,'PARA EL DEPARTAMENTO',3,7,38,53,7,1,0,''),(124,106,'2009-03-23',31,'DIESEL PARA LABORATORIO DE PLANTA PILOTO',1,1,19,50,14,1,0,''),(127,108,'2009-03-23',77,'PARA UTILIZARSE EN TRAMITES ADMVOS DEL DEPTO.',1,1,1,100,25,1,0,''),(128,109,'2009-03-23',8,'PARA USO DIARIO',2,4,30,114,9,1,0,''),(129,110,'2009-03-23',8,'PARA EXAMENES ESPECIALES',4,13,14,108,9,1,0,''),(137,113,'2009-03-24',73,'PARA PROMOCION DE CARRERA',3,8,22,22,18,1,0,''),(140,115,'2009-03-24',79,'',3,8,22,2,24,1,0,''),(141,116,'2009-03-25',8,'',1,1,15,84,12,1,0,'hay un error en la requis de 1 peso'),(142,117,'2009-03-25',12,'ESPERO NO SER RECHAZADA (LIZETITA)',1,1,15,84,12,1,0,''),(143,118,'2009-03-26',12,'2106  MARZO',3,7,38,117,22,1,0,''),(144,119,'2009-03-27',13,'CELEBRACION DIA INTERNACIONAL DE LA MUJER',4,12,42,154,21,1,0,''),(146,121,'2009-03-30',8,'Material que será utilizado en la operación de la Maestría en Ciencias en Ingeniería Mecatrónica.',1,18,4,128,20,1,0,''),(148,122,'2009-04-02',32,'VESTIMENTA PARA EL GRUPO DE MARIMBA',3,9,26,169,8,1,0,''),(149,123,'2009-04-02',74,'COMPRA DE GUITARRAS',3,9,26,169,8,1,0,''),(150,124,'2009-04-02',24,'COMPRA DE ENCORDADURA',3,9,26,169,8,1,0,''),(151,125,'2009-04-02',8,'COMPRA DE FUNDAS',3,9,26,169,8,1,0,''),(152,126,'2009-04-03',32,'UNIFORMES PARA EQUIPO DE ATLETISMO',3,9,26,166,8,1,0,''),(153,127,'2009-04-03',15,'TAHALI GANCHO MANITA AXCEM',3,9,26,169,8,1,0,''),(154,128,'2009-04-21',8,'MATERIAL PARA REINSCRIPCIONES',1,1,15,58,19,1,0,''),(155,129,'2009-04-21',8,'MATERIAL PARA OFICINA',1,1,15,58,19,1,0,''),(156,130,'2009-04-21',8,'MATERIAL PARA REINSCRIPCIONES',1,1,15,60,19,1,0,''),(157,131,'2009-04-21',12,'MATERIAL PARA REINSCRIPCIONES',1,1,15,59,19,1,0,''),(158,132,'2009-04-21',79,'VIDEOPROYECTORES PARA TITULACION',1,1,3,57,19,2,0,'hasta que este el poa 2009 autorizado'),(160,134,'2009-04-21',12,'MEMORIAS USB KINGSTON 2 GB',1,1,1,147,5,1,0,''),(162,136,'2009-04-22',13,'PARA CURSOS A DOCENTES',1,3,12,20,18,1,0,''),(165,139,'2009-04-23',0,'',3,9,26,164,8,0,0,''),(167,141,'2009-04-23',0,'',3,9,26,164,8,0,0,''),(168,142,'2009-04-23',0,'',3,9,26,164,8,0,0,''),(175,143,'2009-04-23',0,'VESTIMENTA PARA EL GRUPO DE RONDALLA',3,9,26,164,8,0,0,''),(183,145,'2009-04-24',32,'VESTIMENTA PARA EL GRUPO DE RONDALLA',3,9,26,164,8,1,0,''),(184,146,'2009-04-24',32,'UNIFORMES PARA  RONDALLA Y DANZA',3,9,26,164,8,1,0,''),(188,147,'2009-04-24',8,'MATERIAL DE OFICINA PARA EL DEPTO.',3,9,26,164,8,1,0,''),(191,148,'2009-04-24',8,'COMPRA DE MATERIAL DE OFICINA',1,3,12,94,17,1,0,''),(193,150,'2009-04-23',13,'REUNIONES DE TRABAJO CON PERSONAL SUPERVISION',4,12,42,200,4,1,0,''),(194,151,'2009-05-07',15,'NENA TE ENVIO REQUI DE CANDADITOS Y FAJILLAS',1,1,3,83,12,1,0,''),(197,152,'2009-05-25',71,'SILLA Y ESCRITORIO ',1,1,19,99,12,1,0,''),(198,153,'2009-05-25',77,'UNIDAD DE GRABACION',1,1,19,99,12,2,0,'hasta que este el poa autorizado'),(200,154,'2009-05-25',79,'HOLA NENITA ME URGE QUE ME AUTORICEN EL MATERIAL DE OFICINA POR FIS',1,1,19,99,12,1,0,''),(202,156,'2009-05-25',13,'COFEE BREAK UTILIZADO EL DÍA VIERNES 22 DE MAYO 09',1,3,6,81,12,1,0,''),(203,157,'2009-05-25',16,'COMPRA DE MATRIAL ELECTRICO',1,1,27,96,17,1,0,''),(205,158,'2009-06-02',73,'PARA APOYO A LAS AREAS ACADÉMICA Y ADMINISTRATIVAS',3,7,37,155,3,2,0,'El costo es incorrecto, checalo pos fis'),(206,159,'2009-06-02',23,'MATERIAL QUE SERA UTILIZADO EN EL PROYECTO SII-2009-016.- ING. ALVARO HERNANDEZ SOL.',1,2,36,145,20,1,0,'los cristales son 2506, memoria flash 2106, envio de estafeta es 3101, y el arreglo Darlington o es transistor o amplificador Darlington corregir por favor'),(207,160,'2009-06-02',13,'SEMINARIO DE INVESTIGACION',1,3,6,81,12,1,0,''),(208,161,'2009-06-03',12,'PARA USO DE LAS OFICINAS Y JEFATURA DEL DEPTO. YA QUE SE TIENEN QUE LLEVAR ARCHIVOS POR ESTE MEDIO',4,12,42,154,21,1,0,''),(209,162,'2009-06-03',8,'PARA EL EVENTO DE CREATIVIDAD',1,1,27,173,6,1,0,''),(210,163,'2009-06-03',13,'PARA EL EVENTO DE CREATIVIDAD',1,1,27,173,6,0,0,'servilletas son 2101'),(211,164,'2009-06-04',23,'PARA DOTAR DE ILUMNINACION A LAS AREAS QUE LO REQUIERAN',1,1,1,101,25,1,0,''),(213,166,'2009-06-04',23,'PARA ILUMINAR AREAS QUE LO NECESITEN',1,1,1,101,25,4,0,''),(214,167,'2009-06-04',23,'PARA ILUMINAR LAS AREAS QUE LO NECESITEN',1,1,1,101,25,4,0,''),(216,169,'2009-06-04',23,'PARA ILUMINAR LAS AREAS QUE LO NEC ESITEN',1,1,1,101,25,4,0,''),(217,170,'2009-06-04',28,'SE UTILIZARA EN EL PROYECTO INTERNO SII-2009-016 DIRIGIDO POR EL ING. ALVARO HERNANDEZ SOL.',1,2,36,145,20,1,0,''),(218,171,'2009-06-04',90,'SE UTILIZARA EN EL PROYECTO SII-2009-02, DIRIGIDO POR EL M. EN C. SAMUEL ENCISO SAENZ.',1,2,36,145,20,1,0,''),(219,172,'2009-06-04',20,'PARA ILUMINAR LAS AREAS QUE LO NECESITEN',1,1,1,101,25,1,0,''),(221,173,'2009-06-05',76,'ATENDER LAS RECOM. DE LOS CIEES P/ACRED. DE LA CARRERA',1,1,1,33,16,1,0,'Los montos estan incorrectos, para que le salgan bien, no coloce comas ni puntos en las cantidades'),(222,174,'2009-06-05',78,'ATENDER LAS RECOM. DE LOS CIEES P/ACREDITACION DE LA CARRERA',1,1,1,33,16,1,0,'Los montos estan incorrectos, para que le salgan bien, no coloce comas ni puntos en las cantidades'),(223,175,'2009-06-05',79,'ATENDER LAS RECOM. DE LOS CIEES P/LA ACREDITACION DE LA CARRERA',1,1,1,33,16,1,0,'Los montos estan incorrectos, para que le salgan bien, no coloce comas ni puntos en las cantidades'),(224,176,'2009-06-05',88,'ATENDER 180000 ESTUDIANTES Y PROPORCIONAR 250000...',3,8,21,186,10,1,0,''),(225,177,'2009-06-05',79,'PARA USO DE BASE DE DATOS Y DE ACCESO A INTERNET, PARA ELABORACION DE ETIQUETAS Y TARJETAS CATALOGRAFICAS Y DE PRESTAMOS Y RESPALDO DE LOS PRESTAMOS E',3,8,21,186,10,1,0,''),(226,178,'2009-06-05',72,'AIRES ACONDICIONADOS',3,7,37,155,3,1,0,''),(227,179,'2009-06-05',88,'ATENDER 180000 ESTUDIANTES Y PROPORCIONAR 250000...',3,8,21,186,10,1,0,'cheque los montos de dos volumenes de libros tienen $6 y $8'),(228,180,'2009-06-05',20,'PARA CABLEADO DE LA RED DE TUTORIA',1,1,15,32,18,1,0,''),(229,181,'2009-06-08',23,'PARA CABLEADO DE LA RED DE TUTORIA',1,1,15,32,18,1,0,''),(230,182,'2009-06-08',23,'PARA ILUMINAR LAS AREAS QUE LO NECESITEN',1,1,1,101,25,1,0,''),(232,183,'2009-06-08',12,'COMPRA DE MATERIAL DE OFICINA',1,1,27,96,17,1,0,''),(235,184,'2009-06-08',17,'COMPRA DE MATERIAL PARA OFICINA ',1,1,27,96,17,1,0,''),(236,185,'2009-06-09',0,'ASEGURAR EL CUMPLIMIENTO AL 100% DE LOS REQUISITOS QUE ESTABLECE LA NORMA ISO 9001:2000',4,11,7,44,3,0,0,''),(237,186,'2009-06-09',8,'MATERIAL QUE SERA UTILIZADO PARA LA CORRESPONDENCIA DE LA DIVISION DE ESTUDIOS DE POSGRADO.',1,2,32,219,20,1,0,''),(238,187,'2009-06-09',12,'SE UTILIZARA PARA EL FUNCIONAMIENTO DE LA DIV. DE EST. DE POSG.',1,2,32,219,20,1,0,''),(239,188,'2009-06-09',12,'SE UTILIZARA PARA EL FUNCIONAMIENTO DE LA DIV. DE EST. DE POSG.',1,2,32,219,20,1,0,''),(240,189,'2009-06-09',23,'SE UTUILIZARAN PARA LOS CONTROLES DE ENCENDIDO DE LOS AIRES ACONDICIONADOS DEL EDIFICIO \"Z\"',1,2,32,219,20,1,0,''),(241,190,'2009-06-09',16,'PROYECTO INTERNO: SII-2009-04, DIRIGIDO POR EL M. EN C. ROBERTO IBAÑEZ CORDOVA.',1,2,36,145,20,1,0,'La memoria flash de 4 gb usb es 2106, el Mp4 player y el Dvd writer  son activos fijos no se pueden comprar sino estan considerados en POA'),(242,191,'2009-06-09',12,'EL FUNCIONAMIENTO DE LA DIVISION DE POSGRADO',1,2,32,219,20,1,0,''),(243,192,'2009-06-09',94,'ATENDER 180000 ESTUDIANTES Y PROPORCIONAR 250000...',3,8,21,186,10,0,0,''),(244,193,'2009-06-10',76,'PARA ATENDER LAS RECOMENDACIONES DE LOS CIEES PARA LA ACREDITACION DE LA CARRERA DE INGENIERIA MECANICA',1,1,1,24,13,1,0,''),(245,194,'2009-06-10',82,'PARA ATENDER LAS RECOMENDACIONES DE LOS CIEES PARA LA ACREDITACION DE LA CARRERA DE INGENIERIA MECANICA',1,1,1,24,13,1,0,''),(246,195,'2009-06-10',0,'',1,1,1,24,13,0,0,''),(247,196,'2009-06-10',82,'PARA ATENDER LAS RECOMENDACIONES DE LOS CIEES PARA LA ACREDITACION DE LA CARRERA DE INGENIERIA MECANICA',1,1,1,24,13,1,0,''),(248,197,'2009-06-10',96,'PARA ATENDER LAS RECOMENDACIONES DE LOS CIEES PARA LA ACREDITACION DE LA CARRERA DE INGENIERIA MECANICA',1,1,1,24,13,1,0,''),(249,198,'2009-06-10',8,'',1,2,36,31,13,1,0,''),(250,199,'2009-06-10',12,'PARA CONCURSOS DE ALUMNOS Y USO EN OFICINA Y DOCENTES',1,1,27,27,13,1,0,''),(251,200,'2009-06-10',54,'IMPRESORA ZEBRA',1,1,3,127,9,2,0,'INDICAR NO. DE INVENTARIO DE LA IMPRESORA ESTO POR OBS. DE AUDITORIA'),(252,201,'2009-06-10',8,'OFICINA',2,4,30,113,9,1,0,''),(254,202,'2009-06-11',15,'CAMBIO DE INSTALACIONES EN MAL ESTADO',1,1,1,101,25,1,0,''),(255,203,'2009-06-11',32,'VESTUARIOS PARA ALUMNOS DE NATACION',3,9,26,166,8,1,0,''),(256,204,'2009-06-11',20,'PARA DOTAR DE ILUMINACION A LAS AREAS QUE LO REQUIERAN',1,1,1,101,25,1,0,''),(257,205,'2009-06-11',49,'PAGO DE DERECHOS',1,1,1,147,5,1,0,''),(258,206,'2009-06-12',12,'SE UTILIZARA PARA EL FUNCIONAMIENTO DE LA DIV. DE EST. DE POSG.',1,2,8,132,20,1,0,''),(259,207,'2009-06-12',12,'SE UTILIZARA PARA EL FUNCIONAMIENTO DE LA DIV. DE EST. DE POSG.',1,3,9,135,20,1,0,''),(260,208,'2009-06-12',12,'SE UTILIZARA PARA EL FUNCIONAMIENTO DE LA DIV. DE EST. DE POSG.',1,18,11,139,20,1,0,''),(261,209,'2009-06-12',12,'SE UTILIZARA PARA EL FUNCIONAMIENTO DE LA DIV. DE EST. DE POSG.',1,2,36,145,20,1,0,''),(262,210,'2009-06-12',23,'SE UTILIZARAN PARA LOS CONTROLES DE AIRE ACONDICIONADO DEL EDIFICIO \"Z\" PLANTA ALTA',1,2,36,145,20,1,0,''),(263,211,'2009-06-12',8,'SE UTILIZARA PARA EL FUNCIONAMIENTO DE LA DIV. DE EST. DE POSG.',1,18,16,140,20,1,0,''),(264,212,'2009-06-12',8,'REALIZAR DOCUMENTACION DE LA MAESTRIA EN C. EN ING. BIOQUIMICA',1,18,4,129,20,1,0,''),(265,213,'2009-06-12',8,'SE UTILIZARA PARA EL FUNCIONAMIENTO DE LA DIV. DE EST. DE POSG.',1,18,4,130,20,1,0,''),(266,214,'2009-06-12',8,'SE UTILIZARA PARA EL FUNCIONAMIENTO DE LA DIV. DE EST. DE POSG.',1,2,8,132,20,1,0,''),(267,215,'2009-06-12',8,'DIFUNDIR OPORTUNAMENTE LAS CONVOCATORIAS DE POSGRADO',1,3,9,135,20,1,0,''),(268,216,'2009-06-12',8,'SE UTILIZARA PARA EL FUNCIONAMIENTO DE LA DIV. DE EST. DE POSG.',1,2,8,133,20,1,0,''),(269,217,'2009-06-12',12,'SE UTILIZARA EN EL PROYECTO INTERNO SII-2009-04 DIRIGIDO POR EL ING. ROBERTO IBAÑEZ CORDOVA',1,2,36,145,20,1,0,''),(270,218,'2009-06-12',88,'ADQUIRIR 1200 VOLUMENES ACTUALIZADOS DE ACERVO DOCUMENTAL...',3,8,21,188,10,1,0,''),(271,219,'2009-06-12',12,'USB PROYECTO PROFORDEMS',3,7,37,155,3,1,0,''),(272,220,'2009-06-12',12,'TONNER PROYECTO PROFORDEMS',3,7,37,155,3,1,0,''),(273,221,'2009-06-12',8,'HOJAS BOND PROFORDEMS',3,7,37,155,3,1,0,''),(274,222,'2009-06-12',12,'MEMORIAS USB',1,1,19,13,11,1,0,''),(275,223,'2009-06-12',8,'ATENDER 180000 ESTUDIANTES Y PROPORCIONAR 250000...',3,8,21,186,10,1,0,''),(276,224,'2009-06-12',11,'ATENDER 180000 ESTUDIANTES Y PROPORCIONAR 250000...',3,8,21,186,10,2,0,'carton comprimido es 2101, franela es 2102'),(279,225,'2009-06-12',7,'1. APOYO SECRETARIAL PROFORDEMS 01 AL 15 DE JUNIO DE 2009',2,4,31,196,3,1,0,''),(280,226,'2009-06-12',7,'RESPONSABLE INSTITUCIONAL PROFORDEMS',2,4,31,196,3,1,0,''),(281,227,'2009-06-12',7,'COORDINADOR DE LOGISTICA',2,4,31,196,3,1,0,''),(282,228,'2009-06-12',7,'PAGO COORDINADOR ACADEMICO PROYECTO PROFORDEMS',2,4,31,196,3,1,0,''),(283,229,'2009-06-12',7,'2. APOYO SECRETARIAL PROFORDEMS',2,4,31,196,3,1,0,''),(284,230,'2009-06-12',7,'APOYO COMO AUXILIAR ADMINISTRATIVO',2,4,31,196,3,1,0,''),(285,231,'2009-06-12',7,'TECNICO DEL LABORATORIO DE COMPUTO',2,4,31,196,3,1,0,''),(293,236,'2009-06-16',53,'ANUIES IMPARTIR CURSOS A ESTUDIANTES Y DOCENTES P/ACREDITAR EL IDIOMA INGLES.',1,1,28,206,6,1,0,''),(294,237,'2009-06-16',7,'ANUIES IMPARTIR CURSOS A ESTUDIANTES Y DOCENTES P/ACREDITAR EL IDIOMA INGLES     ',1,1,28,206,6,1,0,'A quien se le pagara??? y el periodo de pago'),(295,238,'2009-06-16',52,'PAGO A COMITAN',3,7,37,155,3,1,0,''),(296,239,'2009-06-16',52,'PAGO A TAPACHULA',3,7,37,155,3,1,0,''),(297,240,'2009-06-17',86,'LOS RECURSOS SERAN UTLIZADOS PARA QUE ALUMNOS DEL INSITUTO PARTICIPEN EN EL PROGRAMA VERANO CON UN CIENTIFICO 2009.',1,2,36,144,20,1,0,''),(299,242,'2009-06-18',9,'ATENDER 180000 ESTUDIANTES Y PROPORCIONAR 250000...',3,8,21,186,10,0,0,''),(300,243,'2009-06-18',8,'ATENDER A 180000 ESTUDIANTES Y PROPORCIONAR 250000 PRESTAMOS INTERNOS Y EXTERNOS',3,8,21,186,10,0,0,''),(307,246,'2009-06-18',12,'CARTUCHO PARA LA ACREDITACION',1,1,3,83,12,0,0,''),(312,249,'2009-06-19',69,'REUNION NAL. DE JEFES DE DESARROLLO ACADEMICO',1,1,13,115,18,1,0,''),(313,250,'2009-06-19',67,'REUNIO NAL DESARR ACAD',1,3,12,19,18,1,0,''),(315,251,'2009-06-19',86,'INSCRIPCION DEL INSTITUTO AL PROGRAMA \"VERANO CON UN CIENTIFICO 2009.',1,2,36,144,20,1,0,''),(321,253,'2009-06-19',102,'PAGOS DE ARBITRAJES DE VOLEIBOL',3,9,26,166,8,0,0,''),(327,254,'2009-06-19',102,'PAGOS DE ARBITRAJES DE BASQUETBOL',3,9,26,166,8,0,0,''),(329,255,'2009-06-19',102,'PAGO DE ARBITRAJE Y CREDENCIALES DE FUTBOL',3,9,26,166,8,0,0,''),(330,256,'2009-06-22',12,'CURSO DE VERANO',1,1,15,106,9,1,0,''),(333,258,'2009-06-23',0,'',3,7,38,199,4,0,0,''),(334,259,'2009-06-23',0,'',3,7,38,199,4,0,0,''),(336,260,'2009-06-23',7,'APOYO SECRETARIAL 1',2,4,31,196,3,1,0,''),(337,261,'2009-06-23',7,'RESPONSABLE INSTITUCIONAL',2,4,31,196,3,1,0,''),(338,262,'2009-06-23',7,'COORDINADOR LOGISTICA',2,4,31,196,3,1,0,''),(339,263,'2009-06-23',7,'COORDINADOR ACADEMICO',2,4,31,196,3,1,0,''),(340,264,'2009-06-23',7,'APOYO SECRETARIAL 2',2,4,31,196,3,1,0,''),(341,265,'2009-06-23',7,'APOYO AUXILIAR ADMINISTRATIVO',2,4,31,196,3,1,0,''),(342,266,'2009-06-23',7,'TECNICO LABORATORIO DE COMPUTO',2,4,31,196,3,1,0,''),(344,267,'2009-06-23',52,'PAGO COMITAN 2',3,7,37,155,3,1,0,''),(345,268,'2009-06-23',52,'PAGO TAPACHULA 2',3,7,37,155,3,1,0,''),(346,269,'2009-06-23',7,'CURSO INSTRUCTOR PROFORDEMS 1',2,4,31,196,3,1,0,'EL EL CASO DE LOS INSTRUCTORES LA UNIDAD DE MEDIDA ES UN CURSO VA? SON OBSERVACIONES DE AUDIT.'),(347,270,'2009-06-23',7,'CURSO INSTRUCTOR PROFORDEMS 2',2,4,31,196,3,1,0,'EL EL CASO DE LOS INSTRUCTORES LA UNIDAD DE MEDIDA ES UN CURSO VA? SON OBSERVACIONES DE AUDIT.'),(348,271,'2009-06-23',7,'CURSO INSTRUCTOR PROFORDEMS 3',2,4,31,196,3,1,0,'EL EL CASO DE LOS INSTRUCTORES LA UNIDAD DE MEDIDA ES UN CURSO VA? SON OBSERVACIONES DE AUDIT.'),(349,272,'2009-06-23',7,'CURSO INSTRUCTOR PROFORDEMS 4',2,4,31,196,3,1,0,'EL EL CASO DE LOS INSTRUCTORES LA UNIDAD DE MEDIDA ES UN CURSO VA? SON OBSERVACIONES DE AUDIT.'),(350,273,'2009-06-23',7,'CURSO INSTRUCTOR PROFORDEMS 5',2,4,31,196,3,1,0,'EN EL CASO DE LOS INSTRUCTORES LA UNIDAD DE MEDIDA ES UN CURSO VA? SON OBSERVACIONES DE AUDIT.'),(351,274,'2009-06-23',7,'CURSO INSTRUCTOR PROFORDEMS 6',2,4,31,196,3,1,0,'EN EL CASO DE LOS INSTRUCTORES LA UNIDAD DE MEDIDA ES UN CURSO VA? SON OBSERVACIONES DE AUDIT.'),(352,275,'2009-06-23',7,'CURSO INSTRUCTOR PROFORDEMS 7',2,4,31,196,3,1,0,'EN EL CASO DE LOS INSTRUCTORES LA UNIDAD DE MEDIDA ES UN CURSO VA? SON OBSERVACIONES DE AUDIT.'),(353,276,'2009-06-23',7,'CURSO INSTRUCTOR PROFORDEMS 8',2,4,31,196,3,1,0,'EN EL CASO DE LOS INSTRUCTORES LA UNIDAD DE MEDIDA ES UN CURSO VA? SON OBSERVACIONES DE AUDIT.'),(354,277,'2009-06-23',7,'CURSO INSTRUCTOR PROFORDEMS 9',2,4,31,196,3,1,0,'EN EL CASO DE LOS INSTRUCTORES LA UNIDAD DE MEDIDA ES UN CURSO VA? SON OBSERVACIONES DE AUDIT.'),(355,278,'2009-06-23',7,'CURSO INSTRUCTOR PROFORMDES 10',2,4,31,196,3,1,0,'EN EL CASO DE LOS INSTRUCTORES LA UNIDAD DE MEDIDA ES UN CURSO VA? SON OBSERVACIONES DE AUDIT.'),(356,279,'2009-06-23',22,'LONAS INICIO PROFORDEMS',3,7,37,155,3,0,0,'Elo si es impresion de lonas es 3602'),(357,280,'2009-06-23',69,'RECOGER NOMINA DE LA QUINCENA 200912',3,7,38,152,21,1,0,''),(358,281,'2009-06-23',69,'LUNA CONZUELO GELACIO',4,12,42,200,4,1,0,''),(359,282,'2009-06-23',67,'RECOGER NOMINA QUINCENA 12',3,7,38,152,21,1,0,''),(361,283,'2009-06-23',13,'PAGO A CHEQUEL',4,12,42,200,4,1,0,''),(362,284,'2009-06-24',69,'VIATICOS PARA EL ING. OCTAVIO ',3,8,22,1,24,1,0,''),(363,285,'2009-06-25',69,'ASISTIR A UNA REUNION DE VINCULACION DE LA RED SURESTE',2,4,29,170,6,2,0,'quien asistira? que días?(fechas) , lugar de comision.'),(364,286,'2009-06-25',12,'PARA REPRODUCIR MATERIAL DE CURSO',4,12,42,153,21,0,0,''),(365,287,'2009-06-25',7,'PAGO POR APOYO FINANCIERO',2,4,31,196,3,1,0,''),(366,288,'2009-06-25',7,'PAGO POR APOYO FINANCIERO 2',2,4,31,196,3,1,0,''),(367,289,'2009-06-25',7,'APOYO FINANCIERO 3',2,4,31,196,3,1,0,''),(368,290,'2009-06-25',7,'APOYO FINANCIERO 4',2,4,31,196,3,1,0,''),(369,291,'2009-06-25',7,'APOYO FINANCIERO 5',2,4,31,196,3,1,0,''),(370,292,'2009-06-25',7,'APOYO FINANCIERO 6',2,4,31,196,3,1,0,''),(371,293,'2009-06-26',67,'REUNION PRONABES',1,1,3,125,9,1,0,''),(372,294,'2009-06-26',12,'COMPRA DE TONER',4,12,42,200,4,0,0,''),(377,296,'2009-06-29',7,'INSTRUCTOR MOD 2 RAQUEL',2,4,31,196,3,1,0,''),(378,297,'2009-06-29',7,'INSTRUCTOR MOD. 2 ADRIANA',2,4,31,196,3,1,0,''),(379,298,'2009-06-29',7,'INSTRUCTOR MOD. 2 MARCO ANTONIO',2,4,31,196,3,1,0,''),(382,301,'2009-06-29',7,'INSTRUCTOR MOD. 2, JULIO MORENO',2,4,31,196,3,1,0,''),(383,302,'2009-06-29',7,'INSTRUCTOR MOD. 2 PATRICIA',2,4,31,196,3,1,0,''),(384,303,'2009-06-29',7,'INSTRUCTOR MOD 2, ROBERTO CARLOS',2,4,31,196,3,1,0,''),(385,304,'2009-06-29',7,'INSTRUCTOR MOD 2 MARCO AGUILAR',2,4,31,196,3,1,0,''),(386,305,'2009-06-29',7,'INSTRUCTOR MOD 2 GERMAN VENEGAS',2,4,31,196,3,1,0,''),(387,306,'2009-06-29',7,'PAGO 2 INSTRUCTOR RAQUEL CAMACHO',2,4,31,196,3,1,0,''),(388,307,'2009-06-29',7,'PAGO 2 INSTRUCTOR ADRIANA GONZALEZ',2,4,31,196,3,1,0,''),(389,308,'2009-06-29',7,'PAGO 2 INSTRUCTOR MARCO GUTIERREZ',2,4,31,196,3,1,0,''),(392,311,'2009-06-29',7,'PAGO 2 INSTRUCTOR JULIO MORENO',2,4,31,196,3,1,0,''),(393,312,'2009-06-29',7,'PAGO 2 INSTRUCTOR PATRICIA SANCHEZ',2,4,31,196,3,1,0,''),(394,313,'2009-06-29',7,'PAGO 2 INSTRUCTOR ROBERTO CARLOS',2,4,31,196,3,1,0,''),(395,314,'2009-06-29',7,'PAGO 2 INSTRUCTOR MARCO AGUILAR',2,4,31,196,3,1,0,''),(396,315,'2009-06-29',7,'PAGO 2 INSTRUCTOR GERMAN VENEGAS',2,4,31,196,3,1,0,''),(397,316,'2009-06-29',7,'PAGO 1  LISS',2,4,31,196,3,1,0,''),(398,317,'2009-06-29',7,'PAGO 1. RESPONSABLE INSTITUCIONAL',2,4,31,196,3,1,0,''),(399,318,'2009-06-29',7,'PAGO 1. ROBERTO CIFUENTES',2,4,31,196,3,1,0,''),(400,319,'2009-06-29',7,'PAGO 1 ROBERTO MEZA',2,4,31,196,3,1,0,''),(401,320,'2009-06-29',7,'PAGO 1 MARICARMEN',2,4,31,196,3,1,0,''),(402,321,'2009-06-29',7,'PAGO 1 ELOISA',2,4,31,196,3,1,0,''),(403,322,'2009-06-29',7,'PAGO 1. CLARITA',2,4,31,196,3,1,0,''),(404,323,'2009-06-29',7,'PAGO 2. LISS',2,4,31,196,3,1,0,''),(405,324,'2009-06-29',7,'PAGO 2 RESPONSABLE INSTITUCIONAL',2,4,31,196,3,1,0,''),(406,325,'2009-06-29',7,'PAGO 2. ROBERTO CIFUENTES',2,4,31,196,3,1,0,''),(407,326,'2009-06-29',7,'PAGO 2 ROBERTO MEZA',2,4,31,196,3,1,0,''),(408,327,'2009-06-29',7,'PAGO 2  MARICARMEN',2,4,31,196,3,1,0,''),(409,328,'2009-06-29',7,'PAGO 2. AUXILIAR',2,4,31,196,3,1,0,''),(410,329,'2009-06-29',7,'PAGO 2 CLARITA',2,4,31,196,3,1,0,''),(411,330,'2009-06-30',102,'PAGO A JUAN JOSE TOELDO',3,7,37,155,3,1,0,''),(412,331,'2009-06-30',102,'PAGO A SOFIA MORENO',3,7,37,155,3,1,0,''),(413,332,'2009-06-30',102,'2 PAGO A JUAN JOSE TOLEDO',3,7,37,155,3,1,0,''),(414,333,'2009-06-30',102,'2 PAGO A SOFIA MORENO',3,7,37,155,3,1,0,''),(415,334,'2009-06-30',8,'EMPASTADO DE ACTAS',1,1,3,127,9,0,0,''),(417,335,'2009-07-01',67,'CURSO DE CREATIVIDAD EN MÉRIDA, YUCATAN',1,1,27,173,6,1,0,''),(418,336,'2009-07-01',67,'CURSO DE CREATIVIDAD EN MÉRIDA YUCATAN',1,1,27,173,6,1,0,''),(423,337,'2009-07-01',69,'LIC. MA. ELISA ASISTE A DGEST A REALIZAR DIVERSOS TRAMITES',3,7,38,152,21,1,0,''),(424,338,'2009-07-01',67,'ASISTE A DGEST A REALIZAR DIVERSOS TRAMITES',3,7,38,152,21,1,0,''),(425,339,'2009-07-01',69,'CURSO DE CREATIVIDAD EN MÉRIDA YUCATÁN',1,1,27,173,6,1,0,''),(431,341,'2009-07-02',7,'CIFUENTES VILLAFUERTE ROBERTO',1,1,3,57,19,0,0,''),(432,342,'2009-07-02',7,'GARCIA GOMEZ ROBERTO CARLOS',1,1,3,57,19,0,0,''),(433,343,'2009-07-02',7,'MAY ARRIOJA  FERNANDO ALFONSO',1,1,3,57,19,0,0,''),(434,344,'2009-07-02',7,'CIFUENTES VILLAFUERTE ROBERTO',1,1,3,57,19,0,0,''),(435,345,'2009-07-02',7,'MAY ARRIOJA  FERNANDO ALFONSO',1,1,3,57,19,1,0,''),(436,346,'2009-07-03',32,'TROFEOS PARA EL PRENACIONAL',3,9,26,166,8,0,0,''),(437,347,'2009-07-03',99,'BALONES PARA EL PRENACIONAL',3,9,26,166,8,0,0,''),(438,348,'2009-07-03',69,'',2,4,31,183,1,1,0,''),(439,349,'2009-07-03',69,'',2,4,31,183,1,1,0,''),(440,350,'2009-07-03',32,'BANDERINES PARA CAMPO DE FUTBOL',3,9,26,166,8,0,0,''),(441,351,'2009-07-03',8,'MATERIAL PARA OFICINA',3,9,26,166,8,0,0,''),(442,352,'2009-07-03',79,'COMPUTADORA PARA LA OFICINA DE  PROMOCION CULTURAL',3,9,26,166,8,0,0,''),(443,353,'2009-07-03',13,'PARA EL DIPLOMADO FORMACION DOCENTE BASADA EN COMPETENCIAS',1,3,12,21,18,0,0,''),(445,354,'2009-07-03',67,'PARA IMPARTIR EL CURSO DE SOLIDWORKS',1,3,2,28,13,1,0,''),(446,355,'2009-07-03',67,'ENTREGAR PROYECTO DE LA MAESTRIA EN CIENCIAS EN INGENIERIA MECATRONICA PARA SU INGRESO AL PNPC DE CONACyT',1,2,32,143,20,0,0,''),(447,356,'2009-07-03',67,'PARA LA IMPARTICION DEL CURSO SOLIDWORKS',1,3,2,63,15,1,0,''),(448,357,'2009-07-03',102,'CURSO DE VERANO DE INGLES 2009',1,1,28,171,6,0,0,''),(449,358,'2009-07-03',69,'ENTREGAR PROYECTO DE LA MAESTRIA EN CIENCIAS EN INGENIERIA MECATRONICA PARA SU INGRESO AL PNPC DE CONACyT',1,18,16,141,20,0,0,''),(450,359,'2009-07-03',102,'CURSO DE VERANO DE INGLES 2009',1,1,28,171,6,0,0,''),(451,360,'2009-07-03',102,'CURSO DE VERANO DE INGLES 2009',1,1,28,171,6,0,0,''),(452,361,'2009-07-03',102,'CURSO DE VERANO DE INGLES 2009',1,1,28,171,6,0,0,''),(453,362,'2009-07-03',69,'PAGO DE VIATICOS',4,12,42,200,4,1,0,''),(454,363,'2009-07-03',102,'CURSO DE VERANO DE INGLES 2009',1,1,28,171,6,0,0,''),(455,364,'2009-07-03',102,'CURSO DE VERANO DE INGLES 2009',1,1,28,171,6,0,0,''),(456,365,'2009-07-03',102,'CURSO DE VERANO DE INGLES 2009',1,1,28,171,6,0,0,''),(457,366,'2009-07-03',102,'CURSO DE VERANO DE INGLES 2009',1,1,28,171,6,0,0,''),(458,367,'2009-07-03',11,'EMPASTADO',1,1,3,127,9,0,0,''),(459,368,'2009-07-03',102,'CURSO DE VERANO DE INGLES 2009',1,1,28,171,6,0,0,''),(461,370,'2009-07-03',102,'CURSO DE VERANO DE INGLES 2009 ',1,1,28,171,6,0,0,''),(462,371,'2009-07-03',102,'CURSO DE VERANO DE INGLES 2009',1,1,28,171,6,0,0,''),(463,372,'2009-07-03',7,'CURSO VERANO DE INGLES 2009',1,1,28,171,6,0,0,''),(464,373,'2009-07-03',15,'EMPASTADO DE LIBROS',1,1,3,127,9,0,0,''),(465,374,'2009-07-03',102,'PAGO A JUAN CARLOS ',1,1,28,171,6,0,0,'');
/*!40000 ALTER TABLE `requisicion` ENABLE KEYS */;
UNLOCK TABLES;

--
-- Table structure for table `revision_reportes`
--

DROP TABLE IF EXISTS `revision_reportes`;
SET @saved_cs_client     = @@character_set_client;
SET character_set_client = utf8;
CREATE TABLE `revision_reportes` (
  `id` int(11) NOT NULL auto_increment,
  `revision` varchar(30) NOT NULL,
  `tec` varchar(100) NOT NULL,
  `clavetec` varchar(50) NOT NULL,
  `snest` varchar(50) NOT NULL,
  `snest1` varchar(30) NOT NULL,
  `snest2` varchar(30) NOT NULL,
  `snest3` varchar(30) NOT NULL,
  PRIMARY KEY  (`id`)
) ENGINE=InnoDB AUTO_INCREMENT=2 DEFAULT CHARSET=latin1;
SET character_set_client = @saved_cs_client;

--
-- Dumping data for table `revision_reportes`
--

LOCK TABLES `revision_reportes` WRITE;
/*!40000 ALTER TABLE `revision_reportes` DISABLE KEYS */;
INSERT INTO `revision_reportes` VALUES (1,'REV. 5','TUXTLA GUTIERREZ','','SNEST-PL-PO-003-01','SNEST-PL-PO-003-02','SNEST-PL-PO-003-03','SNEST-PL-PO-003-04');
/*!40000 ALTER TABLE `revision_reportes` ENABLE KEYS */;
UNLOCK TABLES;

--
-- Table structure for table `solicitud_servicio`
--

DROP TABLE IF EXISTS `solicitud_servicio`;
SET @saved_cs_client     = @@character_set_client;
SET character_set_client = utf8;
CREATE TABLE `solicitud_servicio` (
  `idsolicitud` int(11) NOT NULL auto_increment,
  `fecha` date NOT NULL,
  `descripcion` varchar(150) NOT NULL,
  `vigencia` varchar(150) NOT NULL,
  `nombre` varchar(150) NOT NULL,
  `rfc` varchar(30) NOT NULL,
  `domicilio` varchar(150) NOT NULL,
  `idpartida` int(11) NOT NULL,
  `forma_pago` varchar(50) NOT NULL,
  `importe` decimal(10,2) NOT NULL,
  `planea` int(1) NOT NULL,
  `requisicion` varchar(150) NOT NULL,
  `iddpto` int(11) NOT NULL,
  `idmeta` int(11) NOT NULL,
  `idaccion` int(11) NOT NULL,
  `nota` varchar(200) NOT NULL,
  `cantidad` int(11) NOT NULL,
  `unidad` varchar(50) NOT NULL,
  PRIMARY KEY  (`idsolicitud`)
) ENGINE=InnoDB AUTO_INCREMENT=84 DEFAULT CHARSET=latin1;
SET character_set_client = @saved_cs_client;

--
-- Dumping data for table `solicitud_servicio`
--

LOCK TABLES `solicitud_servicio` WRITE;
/*!40000 ALTER TABLE `solicitud_servicio` DISABLE KEYS */;
INSERT INTO `solicitud_servicio` VALUES (2,'2009-03-03','CONSUMO DE ALIMENTOS POR CONCEPTO DE REUNION DE TRABAJO CON JEFES DE DEPARTAMENTOS','09/01/2009','ALIMENTOS Y FRANQUICIAS DE CHIAPAS, SA. DE CV.','AFC-920908-SK3','BLVD. BELISARIO DOMINGUEZ No. 2351. FRACC. ARBOLEDAS',13,'UNICO','492.00',1,'',2,15,162,'nena,,, esta bien,,, solo ke necesito saber el concepto de el consumo de alimentos ',0,''),(3,'2009-03-04','PAGO DE HOSPEDAJE DE ALUMNOS PARA EL ENCUENTRO DE BANDAS Y ESCOLTAS','27/02/09','HOTEL REAL AVENIDA','BAEA810917DQ4','AV. CENTRAL PTE. 1230',85,'CONTADO','64000.00',1,'',2,26,210,'',1,'SERVICIO'),(5,'2009-03-04','PAGO DE HOSPEDAJE DE ALUMNOS PARA EL ENCUENTRO DE BANDAS DE GUERRA Y ESCOLTAS','27/02/09','PROMOTORA FARRERA DE TURISMO S. A. DE C. V.','PFT8201096L4','BOUL. BELISARIO DOMÍNGUEZ KM. 1081',85,'CONTADO','277407.00',1,'',2,26,210,'',1,'SERVICIO'),(6,'2009-03-04','HOSPEDAJE DE ALUMNOS PARA EL ENCUENTRO DE BANDAS DE GUERRA Y ESCOLTAS','27/02/09','PROMOTORA FARRERA DE TURISMO S. A. DE C. V.','PFT8201096L4','BOUL. BELISARIO DOMÍNGUEZ KM. 1081',85,'CONTADO','6840.00',1,'',2,26,210,'',1,'SERVICIO'),(7,'2009-03-04','PAGO DE HOSPEDAJE PARA ALUMNOS PARA EL ENCUENTRO DE BANDAS DE GUERRA Y ESCOLTAS','27/02/09','HOTEL PALAPA PALACE S. DE R. L. DE C. V.','HPP050429HB5','BOUL. BELISARIO DOMÍNGUEZ No. 4389',85,'CONTADO','251850.00',1,'',2,26,210,'',1,'SERVICIO'),(8,'2009-03-04','PAGO DE HOSPEDAJE DE ALUMNOS PARA EL ENCUENTRO DE BANDAS DE GUERRA Y ESCOLTAS','27/02/09','UNION PRICE TOURS HOTELS S. A. DE C. V.','UPT050302CG0','16 PONIENTE NORTE No. 570',85,'CONTADO','142340.00',1,'',2,26,210,'',1,'SERVICIO'),(9,'2009-03-04','PAGO DE HOSPEDAJE DE ALUMNOS PARA EL ENCUENTRO DE BANDAS DE GUERRA Y ESCOLTAS','27/02/09','CORPORATIVO PERFER S. A. DE C. V. ','CPE060612QT9','AV. CENTRAL ORIENTE No. 507',85,'CONTADO','136790.00',1,'',2,26,210,'',1,'SERVICIO'),(10,'2009-03-04','PAGO DE HOSPEDAJE DE ALUMNOS PARA EL ENCUENTRO DE BANDAS DE GUERRA Y ESCOLTAS','27/02/09','CESAR ARMANDO GAMBOA CABALLERO','GACC490904KB7','2a. SUR PONIENTE No. 826',85,'CONTADO','51268.00',1,'',2,26,210,'',1,'SERVICIO'),(11,'2009-03-04','PAGO DE HOSPEDAJE DE ALUM NOS PARA EL ENCUENTRO DE BANDAS DE GUERRA Y ESCOLTAS','27/02/09','TURISTICA DEL SUR S. A. DE C. V.','TSU040629CN6','LIBRAMIENTO SUR PONIENTE No. 2950',85,'CONTADO','208517.40',1,'',2,26,210,'',1,'SERVICIO'),(12,'2009-03-04','PAGO DE HOSPEDAJE DE ALUMNOS PARA EL ENCUENTRO DE BANDAS DE GUERRA Y ESCOLTAS ','27/02/09','GRUPO ARRO DE CHIAPAS S. A. DE C. V.','GAC070604MM1','1a. ORIENTE NORTE No. 310',85,'CONTADO','44471.00',1,'',2,26,210,'',1,'SERVICIO'),(13,'2009-03-05','PAGO DE HOSPEDAJE DE ALUMNOS PARA EL ENCUENTRO DE BANDAS DE GUERRA Y ESCOLTAS','27/02/09','PROMOTORA TURISTICA INTRA TUXTLA GUTIÉRREZ, S. A. DE C. V.','PTI05070466A','PROLONGACIÓN ANILLO DE CIRCUNVALACIÓN SUR No. 248',85,'CONTADO','265107.00',1,'',2,26,210,'',1,'SERVICIO'),(14,'2009-03-06','MANTENIMIENTO PREVENTIVO AL SISTEMA DE AIRE ACONDICIONADO INSTALADO EN EL EDIFICIO \\\\','06-03-09','ING. LEONARDO UMAÑA GARCIA','UAGL481106MV1','1a. PTE SUR NO. 334, COPOYA',53,'CONTADO','4544.80',1,'',25,1,102,'',1,'SERVICIO'),(16,'2009-03-06','GAS ESTACIONARIO','2009-03-06','GASCOM','GCO710315-S76','LIBRAMIENTO SUR OTE KM. 8.5 TUXTLA GTZ',31,'1738.69','1999.49',1,'',14,19,50,'',399,'LTS'),(18,'2009-03-09','SERVICIO DE COFFE BREAK P/REALIZACIÓN DE CURSO.','18/03/09','RESTAURANTE CHEQUEL','CORC831031','CIRCUITO LAS FLORES OTE # 16, FRACC. LA GLORIA',13,'UNICA','2198.80',1,'',3,37,155,'corregir monto checalo por favor',2199,'PAQUETES'),(19,'2009-03-09','MANTENIMIENTO PREVENTIVO AL SISTEMA DE AIRE  ACONDICIONADO INSTALADO EN EL EDIFICIO K  ','09-03-2009','ING. LEONARDO  UMAÑA GARCIA','UAGL481106MV1','1A. PTE SUR NO. 334, COPOYA',53,'CONTADO','2844.53',1,'',25,1,102,'CHEQUE LA REDACCION DE SU PROVEEDOR ESTA MAL ESCRITA Y PONGALE A QUE EDIFICIO ES EL MANTENIMIENTO PORQUE NO LO INDICA',1,'SERVICIO'),(20,'2009-03-09','MANTEMIMIENTO GENERAL A LA UNIDAD MERCEDES BENZ','08 MARZO DE 2009','MARIA DEL CARMEN RUIZ MIRANDA ','RUMC670505QDA','1a. ORIENTE NORTE No. 740, TUXTLA GUTIERREZ',58,'UNICA ','3719.10',1,'',23,26,123,'',1,'SERVICIO '),(23,'2009-03-12','TENDIDO Y CONEC TORIZACION DE CABLEADO TELEFONICO PARA EL NUEVO EDIFICIO CISET. INCLUYE REFACIONES Y MANO DE OBRA','12-03-2009','ING. CARMEN HUBERTO  TREJO MARTINEZ','TEMC 490811G35','PRIVADA 9A. SUR OTE NO. 515-A COL OBRERA C.P. 29080',53,'CONTADO','17462.75',1,'',25,1,101,'',1,'SERVICIO'),(24,'2009-03-13','LONA FRONT. 13 oz. Y OJILLOS PERIMETRALES.','13/03/2009','LETRAS ADHERIBLES S.A. DE C.V.','BEDE735722CE8267','BLVD. LAGUITOS 279 COL. LOS LAGUITOS.',59,'UNICO','1380.00',1,'',7,38,53,'',0,''),(25,'2009-03-13','IMPRESION DE INVITACIONES TAMAÑO 22.5X28.5 CMS. IMPRESO EN COUCHE PALOMA MATE  139.5 KGRS. A I TINTA FRENTE Y VUELTA INCLUYE PASE A 1 TINTA BLANCA.','13/03/2009','TALLERES GRAFICOS ','TGR810204PPP5','CARRETERA PANAMERICANA KM. 1076',59,'UNICO','1782.50',1,'',7,38,53,'',1000,'INVITACIONES'),(26,'2009-03-17','SERVICIO DE MANTENIMIENTO CORRECTIVO AL SIST. DE AIRE ACOND. TIPO MINISPLIT INSTALADO EN EL EDIF.  L ','2009','ING. LEONARDO UMAÑA GARCIA','UAGL481106MV1','1A. PTE. SUR NO. 334 COPOYA TUXTLA GUTZ.',53,'CONTADO','2070.00',1,'',25,1,102,'quitar que incluye ,,,,,,,',1,'SERVICIO'),(29,'2009-03-17','REUBICACION DE UNIDAD TIPO. VENTANA CON CAPACIDAD DE 24000 BTU TENDIDO DE TUB. DE COBRE DESHID. Y CARGA EN EL EDIF.  H ','2009','ING. LEONARDO UMAÑA GARCIA','UAGL481106 MV1','1A. PTE. SUR 334 COPOYA TUXTLA GUTZ.',53,'CONTADO','2070.00',1,'',25,1,102,'quitarle que incluye',1,'SERVICIO'),(31,'2009-03-17','TRABAJO DE AISLAMIENTO A BASE DE NORMA LOOK EN EL EDIFICIO Z. ','2009','ING. LEONARDO UMAÑA GARCIA','UAGL481106MV1','1A. PTE. SUR NO. 334 COPOYA',53,'CONTADO','7314.00',1,'',25,1,102,'quitarle lo que incluye sino tendras que hacer una requisicin por el material',1,'SERVICIO'),(33,'2009-03-17','INSTALACION DE 3 CLIMAS EN EL EDIFICIO G. INCLUYE REFACCIONES Y MANO DE OBRA','2009','ING. JOSE ALFREDO MOLINA SALDAÑA','MOSA660215 6R3','9A. OTE. SUR NO. 550 COL CENTRO',53,'CONTADO','9404.70',1,'',25,1,102,'',1,'SERVICIO'),(35,'2009-03-18','IMPRESION DE LONA MEDIDAS 3.00 POR 2.00 METROS','18/03/2009','LETRAS ADHERIBLES S.A. DE C.V.','LAD-960305-5T6','CARRETERA CHICOASEN KM. 1 No. 279',59,'UNICO','690.00',1,'',7,38,53,'',0,''),(36,'2009-03-19','MANTENIMIENTO CORRECTIVO A IMPRESORA HP LASERJET 1200','12/03/2009','PC BYTE COMERCIALIZADORA, S.A DE C.V.','PBC-020416-UC1','1a. SUR PONIENTE # 1149',54,'UNICO','1897.50',1,'',3,12,43,'',1,'EQUIPO'),(38,'2009-03-19','SERVICIO DE MANTENIMIENTO CORRECTIVO AL SISTEMA DE AIRE ACONDICIONADO CON 30 TONELADAS DE REFRIGERACION REALIZADO EN EL EDIFICIO  X','2009','ING. LEONARDO UMAÑA GARCIA','UAGL481106MV1','1A. PTE.SUR NO. 334 COPOYA',53,'CONTADO','2300.00',1,'',25,1,102,'',1,'SERVICIO'),(39,'2009-03-19','SERVICIO DE MANTENIMIENTO CORRECTIVO AL SISTEMA DE AIRE ACONDICIONADO, TIPO DIVIDIDO CON CAPACIDAD DE 20 TONS DE REFRIGERACION REAL. EN EDIF. A/C','2009','ING. LEONARDO UMAÑA GARCIA','UAGL481106MV1','1A. PTE. SUR NO. 334, COPOYA',53,'CONTADO','7653.77',1,'',25,1,102,'',1,'SERVICIO'),(40,'2009-03-23','COFFRE BREAK, PARA LOS INVITADOS DEL PRESIDIUM DE LA CEREMONIA DE GRADUACION ','23/03/2009','CENTRO DE CONVENCIONES, POLYFORUM CHIAPAS','GEC-850101-3X9','CALZADA ANDRES SERRA ROJAS Y LIB. NORTE S/N.',13,'UNICO','1534.10',1,'',7,38,53,'',20,'PAQ.'),(41,'2009-03-23','EDICION DE VOZ, DIGITALIZACION Y ELABORACION DE DOCUMENTAL DE DOCENTES REALIZADO EN EL 36 ANIVERSARIO DEL INSTITUTO.','23/03/2009','INGENIERIA EN SISTEMAS DEL SURESTE, S.A. DE C.V.','ISS-870818-MN8','1 AV. NORTE PTE. No. 443',60,'UNICO','3000.00',1,'',7,38,56,'Documentla de que? para poder determinar la ´partida',1,'EDICION'),(42,'2009-03-23','CONSUMO DE ALIMENTOS ','23/03/2009','CHEQUEL RESTAURANTE','CORC-831031E91','CIRCUITO LAS FLORES ORIENTE No. 161-A FRACC. LA GLORIA',13,'UNICO','759.00',1,'',3,7,204,'',0,''),(43,'2009-03-24','SUMINISTRO Y COLOCACION DE SEÑALETAS ','2009-02-06','CORTINAS Y DECORACION DE SEÑALETAS EN CALIDAD ','FOVP90126811','7a. PTE. NORTE 651, TUXTLA GUTIERREZ, CHIS.',22,'UNICO ','782.00',4,'',23,1,121,'',0,''),(44,'2009-03-24','CONSUMO DE ALIMENTOS ','24/03/2009','FIESTA INN','PTI 050704 66A','PROLONGACION DEL ANILLO DE CIRCUNVALACION SUR No. 248 FRACC.SANTA ELENA, TUXTLA GUTIERREZ',13,'UNICO','408.00',1,'',7,38,53,'no debe mencionar que es para medios de comunicacion',0,''),(46,'2009-03-25','PAGO DE SERVICIO TELEFONICO DEL MES DE FEBRERO DE 2009.','2009-03-25','TELEFONOS DE MEXICO, S.A.B. DE C.V.','TME84031-KT6','PARQUE VIA No. 198, COL. CUAUHTEMOC, MEXICO, D.F.',37,'MENSUAL','18087.00',1,'',4,42,200,'',1,'PAGO SERVICIO TELEFONICO'),(47,'2009-03-26','AJUSTE MECANICO GENERAL AL COMPRESOR SEMIHERMETICO CON CAP. DE 30 TONELADAS SUMINISTRO RECT. PISTONES REBOBINADO DE ESTATOR UBICADO EN EL EDIFICIO A/C','2009','ING. LEONARDO UMAÑA GARCIA ','UAGL481106MV1','1A. PTE. SUR NO. 334 COPOYA. TUXTLA GUTIERREZ',53,'CONTADO','25203.80',1,'',25,1,102,'',1,'SERVICIO'),(50,'2009-03-31','CURSO DE CAPACITACIÓN REMEDIAL PARA ALUMNOS','23/03/09','SOLUCIÓN Y TECNOLOGÍA EMPRESARIAL','AADS-810911-PW9','CALZADA IGNACIO ZARAGOZA NO. 1358 COL. HIDALGOTUXTLA GUTIÉRREZ CHIAPAS.',38,'CHEQUE','4600.00',1,'',17,27,96,'',1,'CURSO'),(51,'2009-04-01','CONSUMO DE ALIMENTOS ','01/04/2009','RESTAURANTE \\','CORC831031-E91','CICUITO LAS FLORES ORIENTE No. 161- A FRACC. LA GLORIA ',13,'UNICO ','1018.90',1,'',7,38,53,'',0,''),(52,'2009-04-01','IMPRESIONES A COLOR TAMAÑO TABLOIDE','01/04/2009','\\','IUTA-791114-6E3','6a. ORIENTE NORTE No. 1145-A No. INT. 9 COL. CENTRO ',59,'UNICO','149.50',2,'',7,38,53,'En todas las ordenes se necesita indicar que es lo que se difunde',0,''),(53,'2009-04-02','2 CAMBIO DE COMBINACIÓN A 2 CHAPAS TETRAS C/3 LLAVES C/U Y CAMBIO CILINDRICO ','03/02/09','CENTRO CERRAJERO PROFESIONAL\\LA GUARDIANA DE TUXTLA','GUEL-830929-U85','BLVD. BELISARIO DOMÍNGUEZ NO. 1697 INTERIOR TIENDAS CHEDRAUI',56,'CHEQUE','575.00',2,'',17,12,95,'De que edificio son los servicios que se solicitan',0,''),(54,'2009-04-03','CONSUMO DE ALIMENTOS PARA GRADUACION','20-04-09','RESTAURANT CHEQUEL','CORC831031E91','CARRETERA PANAMERICANA KM. 1080',13,'CONTADO','603.75',1,'',8,26,212,'',0,''),(55,'2009-04-03','REFRESCOS CONSUMIDOS PARA LOS GUIAS QUE PARTICIPARON EN LA ORGANZIACION DEL XV ENCUENTRO DE BANDAS DE GUERRA Y ESCOLTAS','2009-03-15','EMBOTELLADORA VALLE DE OAXACA, S.A. DE C.V.','EVO-811007-1A8','CARRETERA CRISTOBAL COLON KM. 541',13,'UNICA','5160.05',1,'',2,15,162,'',38,'CAJAS'),(56,'2009-04-23','CAMBIO DE MIGITORIO ','03-03-09','SERVICIO TECNICO HERNANDEZ ','HEGJ731217','3a. NORTE PTE. 130, COL. SAN JOSE TERAN ',56,'UNICA ','1150.00',2,'',23,1,121,'De que edificio',0,''),(57,'2009-04-23','CERRAJERIA ','2009-04-02','CERRAJERIA GEMINIS ','CUME711130QK','2a. AV. SUR PONIENTE  1147',56,'UNICO','2849.70',1,'',23,1,121,'',50,'PIEZAS'),(58,'2009-04-24','SERVICIO DE VIGILANCIA EN EL EDIFICIO E INSTALACIONES CORRESPONDIENTE AL MES DE ABRIL DE 2009.','22/04/09','SERVICIOS PROFESIONALES EXPRESS, S.A. DE C.V.','SPE031110J77','3a. NORTE PONIENTE No. 732, TUXTLA GUTIERREZ, CHIS.',51,'UNICA ','79613.66',1,'',23,15,122,'',1,'SERVICIO'),(59,'2009-04-24','PAGO DEL SEGURO DE LA UNIDAD F11 SUPER CONEJO','22/04/09/ A 22/04/10','AXA SEGUROS S.A. DE C.V. ','ASE931116231','PERIFERICO SUR 3325, PISO 11, COL, SAN JERONIMO ACULCO 10400, MEXICO, D.F. ',46,'UNICO','13173.03',1,'',23,15,122,'',1,'SERVICIO'),(60,'2009-04-30','MTTO A LAB. DE SISTEMAS, LABORATORIOS  MICROB, FARMACOL, FIS-QUIM, BIOTECNOL, SALA DE USOS MULTIPLES  Y TUTORIAS','28 ABRIL 2009','ALCAM CONSTRUCTORES, S.A. DE C..V ','R.F.C. ACO-860109-L7A','ANDADOR ROSA REYNA MANZANA 38 CASA 9 INFONAVIT EL ROSARIO',56,'CONTADO','135239.97',1,'',23,1,121,'',1,'SERVICIO'),(61,'2009-05-07','MANTENIMIENTO E INSTALACION DE CLIMAS EN EL EDIFICIO AC','2009','ING. LEONARDO UMAÑA GARCIA','UAGL481106MV1','1A. PONIENTE SUR NO. 334  COPOYA',53,'CONTADO','51709.08',1,'',25,1,102,'',1,'SERVICIO'),(62,'2009-05-07','INSTALACION DE EQUIPO DE AIRE ACONDICIONADO DE 36 BTU CON DOS EVAPORACIONES CADA UNO EN EL EDIFICIO J EN LAS AULAS J-1 Y J-3 INSTALACIONES ELECTRICA S','2009','ING. JOSE ALFREDO MOLINA SALDAÑA ','MOSA-660215-6R3','9A ORIENTE SUR  550 COL. CENTRO',53,'CONTADO','14060.13',1,'',25,1,102,'',1,'SERVICIO'),(63,'2009-01-26','Consultoria en la implementación de ISO 14001:2004  19 AL 23 DE ENERO                                ','29/01/2009','QM Solutions S. A. de C. V.','QSO070115DPA','Bosques de Bolognia No. 14, 5-L Col. Bosques del Lago, Cuautitlan Izcalli, Edo. de México',38,'Contado ','3450.00',1,'',3,7,44,'Necesitas cambiarle la fecha, ponle la fecha de la fact',1,'Servicio'),(64,'2009-02-13','Consultoria en la implementación de ISO 14001:2004 del 9 al 13 de Febrero','23/02/2009','QM Solutions S. A. de C. V.','QSO070115DPA','Bosques de Bolognia No. 14, 5-L Col. Bosques del Lago, Cuautitlan Izcalli, Edo. de México',38,'Contado','3450.00',1,'',3,7,44,'',1,'Servicio'),(65,'2009-03-20','Consultoria en la implementación de ISO 14001:2004 del 17 al 20 de Marzo del 2009','27/03/2009','QM Solutions S. A. de C. V.','QSO070115DPA','Bosques de Bolognia No. 14, 5-L Col. Bosques del Lago, Cuautitlan Izcalli, Edo. de México, ',38,'Contado','3450.00',1,'',3,7,44,'',1,'Servicio'),(66,'2009-06-01','IMPRESION DE 2000 PLUMAS, 300 CAMISETAS POLO, 10 LONAS, 10 PORTA BANNERS, 400 MORRALES, 1500 PULSERAS Y 3000 CALCOMANIAS ALUSIVO TODO A LA \\\\\\\\','5 DE JUNIO DE 2009','SFERA CREATIVA, S. A. DE C. V.','-','MEXICO, D. F.',59,'CHEQUE','100027.00',1,'',20,36,145,'',1,'LOTE'),(68,'2009-06-09','ENVIO DE CAJAS DE EXAMEN DE CENEVAL','29-06-09','AEROMEXPRESS (ENVIPAK, S.A DE C.V.)','ENV950320UQ0','PROL. DE LA 5a. NORTE PTE # 3087',91,'UNICO','3346.73',1,'',3,7,44,'',18,'CAJAS'),(69,'2009-06-11','2 CURSOS SOBRE ESTRATEGIAS BASICAS Y HERRAMIENTAS PARA LA ACTIVIDAD TUTORIAL','19/06/09','ASOCIACION NACIONAL DE UNIVERSIDADES E INSTITUCIONES DE EDUCACION SUPERIOR','ANU-930617-MQ5','TENAYUCA 200, COL. SANTA CRUZ ATOYAC, MÉXICO 03310 D.F',38,'UNICO','38000.00',1,'',18,12,19,'',1,'CURSO'),(70,'2009-06-11','HOSPEDAJE Y ALIMENTACION PARA LOS PROFESORES ANGELINA MARTÍNEZ MARTÍNEZ Y GONZALO NAVA BUSTOS QUE IMPARTIRAN EL CURSO \\\\','20/06/09','LACANJA HOTELERA, S.A DE C. V','LHO-850620-G17','BLVD. DR. BELISARIO DOMINGUEZ NO. 1380',65,'UNICO','7400.00',1,'',18,12,19,'',1,'SERVICIO'),(71,'2009-06-11','PASAJES DE LOS MAESTROS ANGELINA MARTÍNEZ MARTÍNEZ Y GONZALO NAVA BUSTOS','20/06/09','TURISMO PALENQUE, AGENCIA DE VIAJES','TPA910411PG4','1A. NORTE PONIENTE NO. 1016-A',65,'UNICO','15000.00',1,'',18,12,19,'',1,'SERVICIO'),(72,'2009-06-16','AUDITORIA DE CERTIFICACION( CERTIFICADO EN PAPEL Y EN PLACA DE METAL)','10/07/09','INSTITUTO MEXICANO DE NORMALIZACION Y CERTIFICACION A.C.','IMN-930810 JR1','MANUEL MA. CONTRERAS 133 6o. PISO COL. CUAUHTEMOC DEL. CUAUHTEMOC CP. 06500 MEXICO, D.F.  ',102,'CONTADO','22425.00',1,'',3,7,44,'',1,'SERVICIO'),(74,'2009-06-17','SERVICIO EXTRAORDINARIO DE DESINFECCION E HIGIENIZACION A LOS EDIFICIOS J, T, y  C BIBLIOTECA.','2009-06-16','INKY CLEAN ROSALIA ESCOBAR RODRIGUEZ','EORR800926','10A PONIENTE NORTE  No. 929.',57,'UNICO','7200.00',1,'',23,15,122,'',1,'SERVICIO'),(75,'2009-06-17','FUMIGACION DE LAS AREAS DEL ESTACIONAMIENTO DE CAMIONES Y ALMACEN EN GENERAL Y SUS ALREDEDORES ','2009-06-08','ROTHARI CONTROL DE PLAGAS LESVIA CHIRINO LORENZO ','CILL620330JQ7','12 SUR PONIENTE No. 1083, TUXTLA GUTIERREZ, CHIAPAS.',57,'UNICO','12309.98',1,'',23,15,122,'',1,'SERVICIO'),(78,'2009-06-22','CONTRATACION Y LINEA TELEFONICA E INTERNET','2009-06-26','MEGACABLE COMUNICACIONES, S.A. DE C.V.','MCO061206BQA','5A. NTE.PTE. NO. 342, COL. CENTRO, TUXTLA GUTZ.',43,'CONTADO','17588.00',1,'',24,22,1,'',1,'SERVICIO'),(80,'2009-06-29','MANTTO. PREVENTIVO DE IMPRESORA PARA CREDENCIALES PLASTIFICADA, MARCA ZEBRA ELTRON P-420  IDV0008258R2 INV. I 180000034-00004/02,UTIL. SERV. ESCOLARES','2009','IDENTIDAD DIGITAL','CIM080519IV9','RETORNO ARTURO VICHI 307 INFONAVIT TAMSA,BOCA DEL RIO, VERACRUZ. C.P.94296',54,'CONTADO','5047.35',1,'',25,1,101,'',1,'SERVICIO'),(81,'2009-06-30','SERVICIO DE VIGILANCIA E INSTALACIONES CORRESPONDIENTE AL MES DE JULIO ','2009-07-01','SERVICIO PROFESIONAL EXPRESS, S.A. DE C.V.','SPE031110J77','3a. NORTE PONIENTE  No. 732, TUXTLA GUTIERREZ.',51,'UNICO','74932.09',1,'',23,15,122,'',1,'SERVICIO'),(82,'2009-07-01','CORRESPONDIENTE AL MES DE JULIO MANTENIMIENTO Y CONSERVACION PERMANENTE DE HIGIENE EN DIVERSAS SUPERFICIES EN 48 HORAS SEMANALES,  SUPERFICIES VARIAS ','2009-07-01','INKY CLEAN ROSALIA ESCOBAR RODRIGUEZ','EORR800926P79','10a. PONIENTE NORTE 929, CENTRO.',57,'UNICO','47848.05',1,'',23,15,122,'',1,'SERVICIO'),(83,'2009-07-02','Curso taller de Liderazgo centrado en principios','01-07-2009','Maria Isabel Esquivel Mena ','EUMI-730125397','Sol de Invierno No. 342, entre Constituyentes y Cuahutemoc, Fracc. Vista Mar, Veracruz Ver. ',38,'Contado','23250.00',1,'',3,7,44,'',1,'Curso');
/*!40000 ALTER TABLE `solicitud_servicio` ENABLE KEYS */;
UNLOCK TABLES;

--
-- Table structure for table `usuario`
--

DROP TABLE IF EXISTS `usuario`;
SET @saved_cs_client     = @@character_set_client;
SET character_set_client = utf8;
CREATE TABLE `usuario` (
  `id` int(11) NOT NULL auto_increment,
  `nombreusuario` varchar(200) default NULL,
  `tipousuario` int(1) default NULL,
  `dpto_id` int(11) NOT NULL default '0',
  `clave` varchar(250) default NULL,
  `estado` tinyint(1) default NULL,
  `usuario` varchar(20) default NULL,
  PRIMARY KEY  (`id`)
) ENGINE=InnoDB AUTO_INCREMENT=41 DEFAULT CHARSET=latin1;
SET character_set_client = @saved_cs_client;

--
-- Dumping data for table `usuario`
--

LOCK TABLES `usuario` WRITE;
/*!40000 ALTER TABLE `usuario` DISABLE KEYS */;
INSERT INTO `usuario` VALUES (8,'PATRICIA  MORENO CANCINO',1,0,'FEBRERO16',1,'admin'),(13,'DIRECCION',3,1,'D101',1,'DIRECCION'),(14,'SUBD. ACADEMICA',3,3,'A300',1,'ACADEMICA'),(15,'SUBD. DE PLANEACION',3,2,'P400',1,'PLANEACION'),(16,'SUBD. ADMINISTRATIVA',3,4,'S200',1,'ADMINISTRATIVA'),(17,'CIENCIAS BASICA',3,11,'A307',1,'BASICAS'),(18,'SISTEMAS COMPUTACIONALES',3,12,'A319',1,'SISTEMAS'),(19,'MECANICA',3,13,'A315',1,'MECANICA'),(20,'MARICRUZ',3,15,'A313',1,'INDUSTRIAL'),(22,'ELE Y ECA',3,16,'A312',1,'ELECTRICA'),(23,'PLANEACION',3,5,'P406',1,'PROGRAMACION'),(24,'GEST. TEC. Y VINCULACION',3,6,'P405',1,'GESTION '),(25,'COMUNIC. Y DIFUSION',3,7,'P404',1,'COMUNICACION '),(26,'ACTS. EXTRAESCOLARES',3,8,'P402',1,'EXTRAESCOLARES'),(27,'SERVICIOS ESCOLARES',3,9,'P407',1,'ESCOLARES'),(28,'BIBLIOTECA',3,10,'P403',1,'BIBLIOTECA'),(29,'QUIMICA Y BIOQUIMICA',3,14,'A316',1,'QUIMICA'),(30,'DIV.DE ESTUD.PROFESIONALES',3,19,'A303',1,'DIVISION '),(31,'INVESTIGACION',3,20,'A326',1,'INVESTIGACION'),(32,'REC. HUMANOS',3,21,'S210',1,'HUMANOS'),(33,'REC. FINANCIEROS',3,22,'S209',1,'FINANCIEROS'),(34,'REC. MATERIALES',3,23,'S202',1,'MATERIALES'),(35,'CENTRO DE COMPUTO',3,24,'S205',1,'COMPUTO'),(36,'MANTENIMIENTO',3,25,'S207',1,'MANTENIMIENTO'),(37,'DESARROLLO ACADEMICO',3,18,'A308',1,'DESARROLLO'),(38,'INFORMATICA',3,17,'A320',1,'INFORMATICA'),(39,'CONTROL',4,0,'123456',1,'LISSETTE'),(40,'LISS',4,0,'gastos',1,'captura');
/*!40000 ALTER TABLE `usuario` ENABLE KEYS */;
UNLOCK TABLES;

--
-- Table structure for table `viaticos`
--

DROP TABLE IF EXISTS `viaticos`;
SET @saved_cs_client     = @@character_set_client;
SET character_set_client = utf8;
CREATE TABLE `viaticos` (
  `idviaticos` int(11) NOT NULL auto_increment,
  `fecha` date NOT NULL,
  `comisionado` varchar(100) NOT NULL,
  `rfc` varchar(20) NOT NULL,
  `domicilio` varchar(200) NOT NULL,
  `categoria` varchar(100) NOT NULL,
  `clave` varchar(30) NOT NULL,
  `lugar` varchar(100) NOT NULL,
  `periodo` varchar(100) NOT NULL,
  `cuota` int(11) NOT NULL,
  `dias` float NOT NULL,
  `motivo` varchar(200) NOT NULL,
  `observaciones` varchar(200) NOT NULL,
  `pago` int(1) NOT NULL,
  `jerarquico` int(1) NOT NULL,
  `zona` int(1) NOT NULL,
  `iddpto` int(11) NOT NULL,
  `idpartida` int(11) NOT NULL,
  `idmeta` int(11) NOT NULL,
  `planea` int(1) NOT NULL,
  `nota` varchar(200) NOT NULL,
  PRIMARY KEY  (`idviaticos`)
) ENGINE=InnoDB AUTO_INCREMENT=36 DEFAULT CHARSET=latin1;
SET character_set_client = @saved_cs_client;

--
-- Dumping data for table `viaticos`
--

LOCK TABLES `viaticos` WRITE;
/*!40000 ALTER TABLE `viaticos` DISABLE KEYS */;
INSERT INTO `viaticos` VALUES (4,'2009-03-25','DR. DANIEL SAMAYOA PENAGOS','SAPD611205599','CARRETERA PANAMERICANA KM 1080','JEFE DEL DEPTO. DE GESTION TECNOLOGICA Y VINCULACION','E3525060100013','MEXICO, D.F.','EL DIA LUNES 30 DE MARZO DEL 2009',1000,1,'ENTREGAR DOCUMETACION DE INCUBADORA A DGEST','INFORMAR A SU REGRESO',1,3,1,6,69,35,1,''),(5,'2009-03-25','GLADIS AURORA ALCAZAR HERNANDEZ','AAHG7507068X0','CARRETERA PANAMERICANA KM 1080','SECRETARIA','1456A0800300/0730073','TAPACHULA DE CORDOVA Y ORDOÑEZ','DEL DIA 29 DE MARZO AL 3 DE ABRIL DEL 2009',800,6,'ASISTIR A LA REUNION DE INTERCAMBIO ACADEMICO-ADMINISTRATIVO A REALIZARSE EN EL TECNOLOGICO DE TAPACHULA','INFORMAR A SU REGRESO',1,3,1,6,69,33,1,''),(10,'2009-03-27','MARCO ANTONIO CONTRERAS CONTRERAS','COCM620615EE3','CARRET. PANAMERICANA KM. 1080','AUX. ADMINISTRATIVO','1100714568073900/0730131','TAPACHULA, CHIAPAS','30 DE MARZO AL 4 DE ABRIL DE 2009',800,6,'ASISTIR AL EVENTO DE INTERCAMBIO ACADEMICO ADMINISTRATIVO.','',1,3,1,4,69,42,1,''),(13,'2009-03-27','José Angel Zepeda Hernández','ZEHA6211028A9','Carretera Panamericana Km. 1080','SUBDIRECTOR ACADEMICO','E3717','Toluca, Edo. de Mexico','29 y 30 de Marzo 2009',1250,1.5,'Defenza del PIFIT en su componente PAC','',1,3,1,3,69,7,1,''),(15,'2009-04-21','ADOLFO ALFREDO LEON BALLINAS','LEBA-561030LH6','CARRET. PANAN. KM. 1080, TUXTLA GUTIERREZ.','JEFE DE LA OFICINA DE PROMOCION CULTURAL','14561507002/730116','CAMPECHE, CAMP.','DEL 04 AL 08 DE MAYO 2009',400,4,'PARTICIPAR CON EL BALLET FOLKLORICO, AL XXIX FESTIVAL NACIONAL DE ARTE Y CULTURA DE LOS INSTITUTOS TECNOLOGICOS','INFORMAR A SU REGRESO',1,3,1,8,69,26,1,''),(16,'2009-04-21','JESUS CUETO MATUS','CUMJ-500407AE7','CARRET. PANAN. KM. 1080, TUXTLA GUTIERREZ.','PROMOTOR DE BEISBOL','110071403P0753900215','CAMPECHE, CAMP.','DEL 04 AL 08 DE MAYO 2009',400,4,'PARTICIPAR CON EL BALLET FOLKLORICO, AL XXIX FESTIVAL NACIONAL DE ARTE Y CULTURA DE LOS INSTITUTOS TECNOLOGICOS','INFORMAR A SU REGRESO',1,3,1,8,69,26,1,''),(17,'2009-04-21','EDIN G. DIAZ VICTORIA','DIVE520614SWT','CARRET. PANAN. KM. 1080, TUXTLA GUTIERREZ.','ENCARGADO DEL DEPTO.','E381500-141','CAMPECHE, CAMP.','DEL 04 AL 08 DE MAYO 2009',400,4,'PARTICIPAR CON EL BALLET FOLKLORICO, AL XXIX FESTIVAL NACIONAL DE ARTE Y CULTURA DE LOS INSTITUTOS TECNOLOGICOS','INFORMAR A SU REGRESO',1,3,1,8,69,26,1,''),(18,'2009-04-21','CASIMIRO NANGUELU VICENTE','NAVC-621223972','CARRET. PANAN. KM. 1080, TUXTLA GUTIERREZ.','PROMOTOR DE MARIMBA','A08016000145014','CAMPECHE, CAMP.','DEL 04 AL 08 DE MAYO 2009',400,4,'PARTICIPAR CON EL BALLET FOLKLORICO, AL XXIX FESTIVAL NACIONAL DE ARTE Y CULTURA DE LOS INSTITUTOS TECNOLOGICOS','INFORMAR A SU REGRESO',1,3,1,8,69,26,1,''),(29,'2009-06-11','PISC. ADRIANA GONZÁLEZ ESCOBAR','GOEA-570624','CARRETERA PANAMERICANA KM. 1080','JEFE DEL DEPTO. DE DESARROLLO ACADEMICO','E3817/92','MEXICO, DF. Y TOLUCA','15 Y 16 DE JUNIO',1000,2,'ASISTE A LA REUNION DEL PROGRAMA NAC. DE FORMACION DOCENTE','INFORMAR A SU REGRESO',1,1,1,18,69,12,1,''),(30,'2009-06-16','ELISEO CHANONA GALDAMEZ','CAGE7801258/1','CARRET. PANAN. KM. 1080, TUXTLA GUTIERREZ.','CHOFER','14561507002/730116','JUCHITAN, OAX.','20 Y 21 DE JUNIO 2009',800,2,'PARTICIPAR EN UN TORNEO HEXAGONAL DE BASQUETBOL COMO FOGUEO DE NUESTROS EQUIPOS, PARA EL EVENTO PRENACIONAL','INFORMAR A SU REGRESO',1,1,1,8,69,26,1,'');
/*!40000 ALTER TABLE `viaticos` ENABLE KEYS */;
UNLOCK TABLES;
/*!40103 SET TIME_ZONE=@OLD_TIME_ZONE */;

/*!40101 SET SQL_MODE=@OLD_SQL_MODE */;
/*!40014 SET FOREIGN_KEY_CHECKS=@OLD_FOREIGN_KEY_CHECKS */;
/*!40014 SET UNIQUE_CHECKS=@OLD_UNIQUE_CHECKS */;
/*!40101 SET CHARACTER_SET_CLIENT=@OLD_CHARACTER_SET_CLIENT */;
/*!40101 SET CHARACTER_SET_RESULTS=@OLD_CHARACTER_SET_RESULTS */;
/*!40101 SET COLLATION_CONNECTION=@OLD_COLLATION_CONNECTION */;
/*!40111 SET SQL_NOTES=@OLD_SQL_NOTES */;

-- Dump completed on 2009-07-03 14:21:16
